year,company,country_iso3,process_node_nm,fab_type,monthly_wafer_capacity,fab_started_year,ticker,segment,revenue_usd_bn,operating_margin_pct,operating_income_usd_bn,rd_spend_usd_bn,capex_usd_bn,ai_chip_launches,total_ai_shipments,total_ai_revenue_m,avg_memory_gb,avg_fp16_tflops,avg_tdp,avg_chip_price,highest_chip_price,lowest_chip_price,export_control_events,avg_severity_score,us_actions,china_actions,netherlands_actions,worldwide_sales,average_monthly_sales,max_monthly_sales,fab_age,rd_ratio,capex_ratio,operating_income_ratio,ai_revenue_per_chip,sales_per_launch,price_spread,company_fab_age_ratio,shipments_per_launch,revenue_per_ai_launch,profit_margin,performance_score,performance_per_watt,price_index,price_volatility,export_risk_score,geo_risk,innovation_score,investment_score,ai_market_score,sales_variation,growth_potential
2022,TSMC,TWN,3,logic_leading,0,2022,TSM,foundry,74.93,38.9,29.18,5.99,33.72,8.0,152204.0,2283.0,43.0,236.875,290.625,80.2238888888889,278.45,2.05,4.0,9.0,4.0,0.0,0.0,1148168388.0,19136139.8,54549224.0,0,0.0799412774597454,0.4500200126782328,0.3894301295952204,0.0149995072435202,127574265.33333331,276.4,0.0,16911.555555555555,253.66666666666666,0.38943012959522044,10185.625,0.8122588941277326,0.28707779169400216,3.402939748158382,36.0,4.0,53.910000000000004,39.71,12.210396784444447,35413084.2,39.71
2023,TSMC,TWN,3,logic_leading,38445,2022,TSM,foundry,70.42,41.1,28.94,5.63,31.69,15.0,991098.0,23611.1,156.0,414.9333333333333,343.8,7427.86695652174,35640.01,1.38,7.0,7.428571428571429,3.0,3.0,1.0,1053770850.0,17562847.5,51618069.0,1,0.0799488770242988,0.4500141941207868,0.4109627888247261,0.023823149856876,65860678.125,35638.630000000005,0.25,61943.625,1475.69375,0.4109627888247261,64729.59999999999,1.2034029389017786,0.20840786937636557,4.797317034829,52.0,7.0,90.08,37.32,7361.744084874784,34055221.5,37.32
2024,TSMC,TWN,3,logic_leading,80106,2022,TSM,foundry,88.89,41.3,36.71,7.11,40.0,26.0,4904042.0,109819.4,145.5,804.6923076923077,1360.7692307692307,9161.659411764706,42124.09,1.91,6.0,6.666666666666667,4.0,2.0,0.0,1261097212.0,21018286.866666667,61310821.0,2,0.079986499268911,0.4499943700079382,0.4129823330747853,0.0223936454064534,46707304.14814815,42122.17999999999,0.5,181631.1851851852,4067.385185185185,0.4129823330747853,117082.73076923078,0.5909167937637689,0.2174869991201136,4.597156579444151,40.0,6.0,191.97,47.11,44929.16254498941,40292534.13333333,47.11
2025,TSMC,TWN,3,logic_leading,129646,2022,TSM,foundry,108.13,38.8,41.93,8.65,48.66,30.0,4876006.0,112487.8,147.96666666666667,927.7333333333332,1270.2666666666669,11861.496,37949.43,1.8,7.0,6.857142857142857,6.0,1.0,0.0,1591280610.0,26521343.5,85348277.0,3,0.0799963000092823,0.4500138680290958,0.3877739721837235,0.0230696551502079,51331632.58064516,37947.63,0.75,157290.51612903227,3628.6387096774192,0.38777397218372356,137273.60888888888,0.7297708322408095,0.31255234789171027,3.1989582968036405,48.0,7.0,268.15000000000003,57.309999999999995,57836.725664975995,58826933.5,57.309999999999995
2026,TSMC,TWN,3,logic_leading,136143,2022,TSM,foundry,113.25,37.6,42.53,9.06,50.96,30.0,2935334.0,70687.7,147.96666666666667,927.7333333333332,1270.2666666666669,10463.3045,33556.33,2.09,3.0,8.0,2.0,1.0,0.0,1088320154.0,43532806.16,131937729.0,4,0.0799999992935982,0.4499779209714974,0.3755408355360632,0.0240816465582292,35107101.741935484,33554.240000000005,1.0,94688.19354838709,2280.248387096774,0.37554083553606327,137273.60888888888,0.7297708322408095,0.31180384434637676,3.2065427759675766,24.0,3.0,280.86,60.02,30713.293451203,88404922.84,60.02
2020,TSMC,TWN,5,logic_leading,0,2020,TSM,foundry,45.25,38.0,17.18,3.62,20.36,4.0,40006.0,600.1,34.0,197.75,307.5,3.8054166666666656,4.82,2.71,3.0,8.0,3.0,0.0,0.0,880778716.0,14679645.266666668,41756367.0,0,0.0799999982320442,0.4499447414376852,0.3796684998968287,0.0149998750218711,176155743.2,2.1100000000000003,0.0,8001.2,120.02000000000001,0.37966849989682877,6723.5,0.6410048622366289,0.6538516609392896,0.4390878349085235,24.0,3.0,18.1,23.98,0.15223949916666663,27076721.733333334,23.98
2021,TSMC,TWN,5,logic_leading,53296,2020,TSM,foundry,62.97,39.5,24.9,5.04,28.34,7.0,209085.0,3136.2000000000003,44.57142857142857,243.57142857142856,307.1428571428572,4.252083333333333,5.1,2.93,1.0,5.0,1.0,0.0,0.0,1111785028.0,18529750.466666665,52923444.0,1,0.0800381121162758,0.450055574876043,0.3954263872411245,0.0149995695551112,138973128.5,2.1699999999999995,0.16666666666666666,26135.625,392.02500000000003,0.39542638724112456,10856.326530612243,0.7904496986555398,0.6970628415300547,0.41316937723125735,5.0,1.0,40.32,33.38,0.88904684375,34393693.53333333,33.38
2022,TSMC,TWN,5,logic_leading,95116,2020,TSM,foundry,74.93,38.9,29.18,5.99,33.72,8.0,152204.0,2283.0,43.0,236.875,290.625,80.2238888888889,278.45,2.05,4.0,9.0,4.0,0.0,0.0,1148168388.0,19136139.8,54549224.0,2,0.0799412774597454,0.4500200126782328,0.3894301295952204,0.0149995072435202,127574265.33333331,276.4,0.3333333333333333,16911.555555555555,253.66666666666666,0.38943012959522044,10185.625,0.8122588941277326,0.28707779169400216,3.402939748158382,36.0,4.0,53.910000000000004,39.71,12.210396784444447,35413084.2,39.71
2023,TSMC,TWN,5,logic_leading,163173,2020,TSM,foundry,70.42,41.1,28.94,5.63,31.69,15.0,991098.0,23611.1,156.0,414.9333333333333,343.8,7427.86695652174,35640.01,1.38,7.0,7.428571428571429,3.0,3.0,1.0,1053770850.0,17562847.5,51618069.0,3,0.0799488770242988,0.4500141941207868,0.4109627888247261,0.023823149856876,65860678.125,35638.630000000005,0.5,61943.625,1475.69375,0.4109627888247261,64729.59999999999,1.2034029389017786,0.20840786937636557,4.797317034829,52.0,7.0,90.08,37.32,7361.744084874784,34055221.5,37.32
2024,TSMC,TWN,5,logic_leading,146070,2020,TSM,foundry,88.89,41.3,36.71,7.11,40.0,26.0,4904042.0,109819.4,145.5,804.6923076923077,1360.7692307692307,9161.659411764706,42124.09,1.91,6.0,6.666666666666667,4.0,2.0,0.0,1261097212.0,21018286.866666667,61310821.0,4,0.079986499268911,0.4499943700079382,0.4129823330747853,0.0223936454064534,46707304.14814815,42122.17999999999,0.6666666666666666,181631.1851851852,4067.385185185185,0.4129823330747853,117082.73076923078,0.5909167937637689,0.2174869991201136,4.597156579444151,40.0,6.0,191.97,47.11,44929.16254498941,40292534.13333333,47.11
2025,TSMC,TWN,5,logic_leading,165947,2020,TSM,foundry,108.13,38.8,41.93,8.65,48.66,30.0,4876006.0,112487.8,147.96666666666667,927.7333333333332,1270.2666666666669,11861.496,37949.43,1.8,7.0,6.857142857142857,6.0,1.0,0.0,1591280610.0,26521343.5,85348277.0,5,0.0799963000092823,0.4500138680290958,0.3877739721837235,0.0230696551502079,51331632.58064516,37947.63,0.8333333333333334,157290.51612903227,3628.6387096774192,0.38777397218372356,137273.60888888888,0.7297708322408095,0.31255234789171027,3.1989582968036405,48.0,7.0,268.15000000000003,57.309999999999995,57836.725664975995,58826933.5,57.309999999999995
2026,TSMC,TWN,5,logic_leading,165561,2020,TSM,foundry,113.25,37.6,42.53,9.06,50.96,30.0,2935334.0,70687.7,147.96666666666667,927.7333333333332,1270.2666666666669,10463.3045,33556.33,2.09,3.0,8.0,2.0,1.0,0.0,1088320154.0,43532806.16,131937729.0,6,0.0799999992935982,0.4499779209714974,0.3755408355360632,0.0240816465582292,35107101.741935484,33554.240000000005,1.0,94688.19354838709,2280.248387096774,0.37554083553606327,137273.60888888888,0.7297708322408095,0.31180384434637676,3.2065427759675766,24.0,3.0,280.86,60.02,30713.293451203,88404922.84,60.02
2018,TSMC,TWN,7,logic_leading,0,2018,TSM,foundry,34.58,37.1,12.84,2.77,15.56,0.0,0.0,0.0,0.0,0.0,0.0,6.297499999999999,8.43,4.13,1.0,5.0,1.0,0.0,0.0,937556570.0,15625942.833333334,44840672.0,0,0.0801041041034093,0.4499710685375631,0.371312886890894,0.0,937556570.0,4.3,0.0,0.0,0.0,0.371312886890894,0.0,0.0,0.6678154825026511,0.5892428914011648,5.0,1.0,2.77,18.330000000000002,0.0,29214729.166666664,18.330000000000002
2019,TSMC,TWN,7,logic_leading,42633,2018,TSM,foundry,40.91,39.9,16.3,3.27,18.41,0.0,0.0,0.0,0.0,0.0,0.0,4.458333333333333,6.97,2.85,2.0,6.0,2.0,0.0,0.0,824613952.0,13743565.866666667,38651660.0,1,0.0799315551226703,0.4500122109505693,0.3984355805808952,0.0,824613952.0,4.119999999999999,0.125,0.0,0.0,0.3984355805808952,0.0,0.0,0.5593893768297783,0.7548091603053434,12.0,2.0,3.27,21.68,0.0,24908094.133333333,21.68
2020,TSMC,TWN,7,logic_leading,92536,2018,TSM,foundry,45.25,38.0,17.18,3.62,20.36,4.0,40006.0,600.1,34.0,197.75,307.5,3.8054166666666656,4.82,2.71,3.0,8.0,3.0,0.0,0.0,880778716.0,14679645.266666668,41756367.0,2,0.0799999982320442,0.4499447414376852,0.3796684998968287,0.0149998750218711,176155743.2,2.1100000000000003,0.25,8001.2,120.02000000000001,0.37966849989682877,6723.5,0.6410048622366289,0.6538516609392896,0.4390878349085235,24.0,3.0,18.1,23.98,0.15223949916666663,27076721.733333334,23.98
2021,TSMC,TWN,7,logic_leading,129499,2018,TSM,foundry,62.97,39.5,24.9,5.04,28.34,7.0,209085.0,3136.2000000000003,44.57142857142857,243.57142857142856,307.1428571428572,4.252083333333333,5.1,2.93,1.0,5.0,1.0,0.0,0.0,1111785028.0,18529750.466666665,52923444.0,3,0.0800381121162758,0.450055574876043,0.3954263872411245,0.0149995695551112,138973128.5,2.1699999999999995,0.375,26135.625,392.02500000000003,0.39542638724112456,10856.326530612243,0.7904496986555398,0.6970628415300547,0.41316937723125735,5.0,1.0,40.32,33.38,0.88904684375,34393693.53333333,33.38
2022,TSMC,TWN,7,logic_leading,146937,2018,TSM,foundry,74.93,38.9,29.18,5.99,33.72,8.0,152204.0,2283.0,43.0,236.875,290.625,80.2238888888889,278.45,2.05,4.0,9.0,4.0,0.0,0.0,1148168388.0,19136139.8,54549224.0,4,0.0799412774597454,0.4500200126782328,0.3894301295952204,0.0149995072435202,127574265.33333331,276.4,0.5,16911.555555555555,253.66666666666666,0.38943012959522044,10185.625,0.8122588941277326,0.28707779169400216,3.402939748158382,36.0,4.0,53.910000000000004,39.71,12.210396784444447,35413084.2,39.71
2023,TSMC,TWN,7,logic_leading,151030,2018,TSM,foundry,70.42,41.1,28.94,5.63,31.69,15.0,991098.0,23611.1,156.0,414.9333333333333,343.8,7427.86695652174,35640.01,1.38,7.0,7.428571428571429,3.0,3.0,1.0,1053770850.0,17562847.5,51618069.0,5,0.0799488770242988,0.4500141941207868,0.4109627888247261,0.023823149856876,65860678.125,35638.630000000005,0.625,61943.625,1475.69375,0.4109627888247261,64729.59999999999,1.2034029389017786,0.20840786937636557,4.797317034829,52.0,7.0,90.08,37.32,7361.744084874784,34055221.5,37.32
2024,TSMC,TWN,7,logic_leading,134531,2018,TSM,foundry,88.89,41.3,36.71,7.11,40.0,26.0,4904042.0,109819.4,145.5,804.6923076923077,1360.7692307692307,9161.659411764706,42124.09,1.91,6.0,6.666666666666667,4.0,2.0,0.0,1261097212.0,21018286.866666667,61310821.0,6,0.079986499268911,0.4499943700079382,0.4129823330747853,0.0223936454064534,46707304.14814815,42122.17999999999,0.75,181631.1851851852,4067.385185185185,0.4129823330747853,117082.73076923078,0.5909167937637689,0.2174869991201136,4.597156579444151,40.0,6.0,191.97,47.11,44929.16254498941,40292534.13333333,47.11
2025,TSMC,TWN,7,logic_leading,149236,2018,TSM,foundry,108.13,38.8,41.93,8.65,48.66,30.0,4876006.0,112487.8,147.96666666666667,927.7333333333332,1270.2666666666669,11861.496,37949.43,1.8,7.0,6.857142857142857,6.0,1.0,0.0,1591280610.0,26521343.5,85348277.0,7,0.0799963000092823,0.4500138680290958,0.3877739721837235,0.0230696551502079,51331632.58064516,37947.63,0.875,157290.51612903227,3628.6387096774192,0.38777397218372356,137273.60888888888,0.7297708322408095,0.31255234789171027,3.1989582968036405,48.0,7.0,268.15000000000003,57.309999999999995,57836.725664975995,58826933.5,57.309999999999995
2026,TSMC,TWN,7,logic_leading,148514,2018,TSM,foundry,113.25,37.6,42.53,9.06,50.96,30.0,2935334.0,70687.7,147.96666666666667,927.7333333333332,1270.2666666666669,10463.3045,33556.33,2.09,3.0,8.0,2.0,1.0,0.0,1088320154.0,43532806.16,131937729.0,8,0.0799999992935982,0.4499779209714974,0.3755408355360632,0.0240816465582292,35107101.741935484,33554.240000000005,1.0,94688.19354838709,2280.248387096774,0.37554083553606327,137273.60888888888,0.7297708322408095,0.31180384434637676,3.2065427759675766,24.0,3.0,280.86,60.02,30713.293451203,88404922.84,60.02
2015,TSMC,TWN,16,logic_mature,0,2015,TSM,foundry,27.31,42.3,11.56,2.18,12.29,0.0,0.0,0.0,0.0,0.0,0.0,2.605833333333333,3.38,2.0,0.0,0.0,0.0,0.0,0.0,670335722.0,11172262.033333331,30990284.0,0,0.079824237282159,0.450018291833823,0.4232881573310817,0.0,670335722.0,1.38,0.0,0.0,0.0,0.42328815733108177,0.0,0.0,0.5949391171993911,0.3827131962098452,0.0,0.0,2.18,14.469999999999999,0.0,19818021.96666667,14.469999999999999
2016,TSMC,TWN,16,logic_mature,62369,2015,TSM,foundry,29.19,43.4,12.66,2.34,13.14,0.0,0.0,0.0,0.0,0.0,0.0,2.89625,3.78,1.85,0.0,0.0,0.0,0.0,0.0,677861710.0,11297695.166666666,32073453.0,1,0.0801644371303721,0.4501541469628589,0.4337101598591928,0.0,677861710.0,1.93,0.058823529411764705,0.0,0.0,0.43371015985919287,0.0,0.0,0.6059100418410043,0.4953480911132499,0.0,0.0,2.34,15.48,0.0,20775757.833333336,15.48
2017,TSMC,TWN,16,logic_mature,119768,2015,TSM,foundry,32.11,37.4,12.02,2.57,14.45,0.0,0.0,0.0,0.0,0.0,0.0,4.944166666666667,7.11,3.5,0.0,0.0,0.0,0.0,0.0,824441888.0,13740698.133333333,39171620.0,2,0.0800373690427477,0.4500155574582511,0.3743382007368981,0.0,824441888.0,3.61,0.11764705882352941,0.0,0.0,0.37433820073689816,0.0,0.0,0.6096383066173449,0.6073180989765876,0.0,0.0,2.57,17.02,0.0,25430921.866666667,17.02
2018,TSMC,TWN,16,logic_mature,196357,2015,TSM,foundry,34.58,37.1,12.84,2.77,15.56,0.0,0.0,0.0,0.0,0.0,0.0,6.297499999999999,8.43,4.13,1.0,5.0,1.0,0.0,0.0,937556570.0,15625942.833333334,44840672.0,3,0.0801041041034093,0.4499710685375631,0.371312886890894,0.0,937556570.0,4.3,0.17647058823529413,0.0,0.0,0.371312886890894,0.0,0.0,0.6678154825026511,0.5892428914011648,5.0,1.0,2.77,18.330000000000002,0.0,29214729.166666664,18.330000000000002
2019,TSMC,TWN,16,logic_mature,175711,2015,TSM,foundry,40.91,39.9,16.3,3.27,18.41,0.0,0.0,0.0,0.0,0.0,0.0,4.458333333333333,6.97,2.85,2.0,6.0,2.0,0.0,0.0,824613952.0,13743565.866666667,38651660.0,4,0.0799315551226703,0.4500122109505693,0.3984355805808952,0.0,824613952.0,4.119999999999999,0.23529411764705882,0.0,0.0,0.3984355805808952,0.0,0.0,0.5593893768297783,0.7548091603053434,12.0,2.0,3.27,21.68,0.0,24908094.133333333,21.68
2020,TSMC,TWN,16,logic_mature,189222,2015,TSM,foundry,45.25,38.0,17.18,3.62,20.36,4.0,40006.0,600.1,34.0,197.75,307.5,3.8054166666666656,4.82,2.71,3.0,8.0,3.0,0.0,0.0,880778716.0,14679645.266666668,41756367.0,5,0.0799999982320442,0.4499447414376852,0.3796684998968287,0.0149998750218711,176155743.2,2.1100000000000003,0.29411764705882354,8001.2,120.02000000000001,0.37966849989682877,6723.5,0.6410048622366289,0.6538516609392896,0.4390878349085235,24.0,3.0,18.1,23.98,0.15223949916666663,27076721.733333334,23.98
2021,TSMC,TWN,16,logic_mature,180878,2015,TSM,foundry,62.97,39.5,24.9,5.04,28.34,7.0,209085.0,3136.2000000000003,44.57142857142857,243.57142857142856,307.1428571428572,4.252083333333333,5.1,2.93,1.0,5.0,1.0,0.0,0.0,1111785028.0,18529750.466666665,52923444.0,6,0.0800381121162758,0.450055574876043,0.3954263872411245,0.0149995695551112,138973128.5,2.1699999999999995,0.35294117647058826,26135.625,392.02500000000003,0.39542638724112456,10856.326530612243,0.7904496986555398,0.6970628415300547,0.41316937723125735,5.0,1.0,40.32,33.38,0.88904684375,34393693.53333333,33.38
2022,TSMC,TWN,16,logic_mature,187306,2015,TSM,foundry,74.93,38.9,29.18,5.99,33.72,8.0,152204.0,2283.0,43.0,236.875,290.625,80.2238888888889,278.45,2.05,4.0,9.0,4.0,0.0,0.0,1148168388.0,19136139.8,54549224.0,7,0.0799412774597454,0.4500200126782328,0.3894301295952204,0.0149995072435202,127574265.33333331,276.4,0.4117647058823529,16911.555555555555,253.66666666666666,0.38943012959522044,10185.625,0.8122588941277326,0.28707779169400216,3.402939748158382,36.0,4.0,53.910000000000004,39.71,12.210396784444447,35413084.2,39.71
2023,TSMC,TWN,16,logic_mature,176020,2015,TSM,foundry,70.42,41.1,28.94,5.63,31.69,15.0,991098.0,23611.1,156.0,414.9333333333333,343.8,7427.86695652174,35640.01,1.38,7.0,7.428571428571429,3.0,3.0,1.0,1053770850.0,17562847.5,51618069.0,8,0.0799488770242988,0.4500141941207868,0.4109627888247261,0.023823149856876,65860678.125,35638.630000000005,0.47058823529411764,61943.625,1475.69375,0.4109627888247261,64729.59999999999,1.2034029389017786,0.20840786937636557,4.797317034829,52.0,7.0,90.08,37.32,7361.744084874784,34055221.5,37.32
2024,TSMC,TWN,16,logic_mature,179554,2015,TSM,foundry,88.89,41.3,36.71,7.11,40.0,26.0,4904042.0,109819.4,145.5,804.6923076923077,1360.7692307692307,9161.659411764706,42124.09,1.91,6.0,6.666666666666667,4.0,2.0,0.0,1261097212.0,21018286.866666667,61310821.0,9,0.079986499268911,0.4499943700079382,0.4129823330747853,0.0223936454064534,46707304.14814815,42122.17999999999,0.5294117647058824,181631.1851851852,4067.385185185185,0.4129823330747853,117082.73076923078,0.5909167937637689,0.2174869991201136,4.597156579444151,40.0,6.0,191.97,47.11,44929.16254498941,40292534.13333333,47.11
2025,TSMC,TWN,16,logic_mature,187911,2015,TSM,foundry,108.13,38.8,41.93,8.65,48.66,30.0,4876006.0,112487.8,147.96666666666667,927.7333333333332,1270.2666666666669,11861.496,37949.43,1.8,7.0,6.857142857142857,6.0,1.0,0.0,1591280610.0,26521343.5,85348277.0,10,0.0799963000092823,0.4500138680290958,0.3877739721837235,0.0230696551502079,51331632.58064516,37947.63,0.5882352941176471,157290.51612903227,3628.6387096774192,0.38777397218372356,137273.60888888888,0.7297708322408095,0.31255234789171027,3.1989582968036405,48.0,7.0,268.15000000000003,57.309999999999995,57836.725664975995,58826933.5,57.309999999999995
2026,TSMC,TWN,16,logic_mature,189893,2015,TSM,foundry,113.25,37.6,42.53,9.06,50.96,30.0,2935334.0,70687.7,147.96666666666667,927.7333333333332,1270.2666666666669,10463.3045,33556.33,2.09,3.0,8.0,2.0,1.0,0.0,1088320154.0,43532806.16,131937729.0,11,0.0799999992935982,0.4499779209714974,0.3755408355360632,0.0240816465582292,35107101.741935484,33554.240000000005,0.6470588235294118,94688.19354838709,2280.248387096774,0.37554083553606327,137273.60888888888,0.7297708322408095,0.31180384434637676,3.2065427759675766,24.0,3.0,280.86,60.02,30713.293451203,88404922.84,60.02
2011,TSMC,TWN,28,logic_mature,0,2011,TSM,foundry,16.32,42.8,6.99,1.31,7.35,0.0,0.0,0.0,0.0,0.0,0.0,80.2238888888889,278.45,2.05,0.0,0.0,0.0,0.0,0.0,599042676.0,9984044.6,29511355.0,0,0.0802696029246566,0.4503676194627684,0.4283087972850001,0.0,599042676.0,276.4,0.0,0.0,0.0,0.42830879728500015,0.0,0.0,0.28707779169400216,3.402939748158382,0.0,0.0,1.31,8.66,0.0,19527310.4,8.66
2012,TSMC,TWN,28,logic_mature,68869,2011,TSM,foundry,17.56,36.1,6.34,1.4,7.9,0.0,0.0,0.0,0.0,0.0,0.0,80.2238888888889,278.45,2.05,0.0,0.0,0.0,0.0,0.0,583124232.0,9718737.2,27781545.0,1,0.0797266469403959,0.4498860791636629,0.3610478154300788,0.0,583124232.0,276.4,0.034482758620689655,0.0,0.0,0.36104781543007886,0.0,0.0,0.28707779169400216,3.402939748158382,0.0,0.0,1.4,9.3,0.0,18062807.8,9.3
2013,TSMC,TWN,28,logic_mature,137349,2011,TSM,foundry,21.36,39.1,8.34,1.71,9.61,0.0,0.0,0.0,0.0,0.0,0.0,80.2238888888889,278.45,2.05,0.0,0.0,0.0,0.0,0.0,611167728.0,10186128.8,29387866.0,2,0.0800561760273325,0.4499063459781673,0.3904494199227799,0.0,611167728.0,276.4,0.06896551724137931,0.0,0.0,0.39044941992277993,0.0,0.0,0.28707779169400216,3.402939748158382,0.0,0.0,1.71,11.32,0.0,19201737.2,11.32
2014,TSMC,TWN,28,logic_mature,215975,2011,TSM,foundry,23.93,37.4,8.96,1.91,10.77,0.0,0.0,0.0,0.0,0.0,0.0,3.405416666666667,4.5,2.49,0.0,0.0,0.0,0.0,0.0,671685834.0,11194763.9,31823947.0,3,0.0798161270448755,0.4500626640174398,0.3744253917916677,0.0,671685834.0,2.01,0.10344827586206896,0.0,0.0,0.3744253917916677,0.0,0.0,0.6191666666666668,0.45625650241180354,0.0,0.0,1.91,12.68,0.0,20629183.1,12.68
2015,TSMC,TWN,28,logic_mature,215031,2011,TSM,foundry,27.31,42.3,11.56,2.18,12.29,0.0,0.0,0.0,0.0,0.0,0.0,2.605833333333333,3.38,2.0,0.0,0.0,0.0,0.0,0.0,670335722.0,11172262.033333331,30990284.0,4,0.079824237282159,0.450018291833823,0.4232881573310817,0.0,670335722.0,1.38,0.13793103448275862,0.0,0.0,0.42328815733108177,0.0,0.0,0.5949391171993911,0.3827131962098452,0.0,0.0,2.18,14.469999999999999,0.0,19818021.96666667,14.469999999999999
2016,TSMC,TWN,28,logic_mature,196285,2011,TSM,foundry,29.19,43.4,12.66,2.34,13.14,0.0,0.0,0.0,0.0,0.0,0.0,2.89625,3.78,1.85,0.0,0.0,0.0,0.0,0.0,677861710.0,11297695.166666666,32073453.0,5,0.0801644371303721,0.4501541469628589,0.4337101598591928,0.0,677861710.0,1.93,0.1724137931034483,0.0,0.0,0.43371015985919287,0.0,0.0,0.6059100418410043,0.4953480911132499,0.0,0.0,2.34,15.48,0.0,20775757.833333336,15.48
2017,TSMC,TWN,28,logic_mature,203765,2011,TSM,foundry,32.11,37.4,12.02,2.57,14.45,0.0,0.0,0.0,0.0,0.0,0.0,4.944166666666667,7.11,3.5,0.0,0.0,0.0,0.0,0.0,824441888.0,13740698.133333333,39171620.0,6,0.0800373690427477,0.4500155574582511,0.3743382007368981,0.0,824441888.0,3.61,0.20689655172413793,0.0,0.0,0.37433820073689816,0.0,0.0,0.6096383066173449,0.6073180989765876,0.0,0.0,2.57,17.02,0.0,25430921.866666667,17.02
2018,TSMC,TWN,28,logic_mature,193860,2011,TSM,foundry,34.58,37.1,12.84,2.77,15.56,0.0,0.0,0.0,0.0,0.0,0.0,6.297499999999999,8.43,4.13,1.0,5.0,1.0,0.0,0.0,937556570.0,15625942.833333334,44840672.0,7,0.0801041041034093,0.4499710685375631,0.371312886890894,0.0,937556570.0,4.3,0.2413793103448276,0.0,0.0,0.371312886890894,0.0,0.0,0.6678154825026511,0.5892428914011648,5.0,1.0,2.77,18.330000000000002,0.0,29214729.166666664,18.330000000000002
2019,TSMC,TWN,28,logic_mature,200233,2011,TSM,foundry,40.91,39.9,16.3,3.27,18.41,0.0,0.0,0.0,0.0,0.0,0.0,4.458333333333333,6.97,2.85,2.0,6.0,2.0,0.0,0.0,824613952.0,13743565.866666667,38651660.0,8,0.0799315551226703,0.4500122109505693,0.3984355805808952,0.0,824613952.0,4.119999999999999,0.27586206896551724,0.0,0.0,0.3984355805808952,0.0,0.0,0.5593893768297783,0.7548091603053434,12.0,2.0,3.27,21.68,0.0,24908094.133333333,21.68
2020,TSMC,TWN,28,logic_mature,194091,2011,TSM,foundry,45.25,38.0,17.18,3.62,20.36,4.0,40006.0,600.1,34.0,197.75,307.5,3.8054166666666656,4.82,2.71,3.0,8.0,3.0,0.0,0.0,880778716.0,14679645.266666668,41756367.0,9,0.0799999982320442,0.4499447414376852,0.3796684998968287,0.0149998750218711,176155743.2,2.1100000000000003,0.3103448275862069,8001.2,120.02000000000001,0.37966849989682877,6723.5,0.6410048622366289,0.6538516609392896,0.4390878349085235,24.0,3.0,18.1,23.98,0.15223949916666663,27076721.733333334,23.98
2021,TSMC,TWN,28,logic_mature,216874,2011,TSM,foundry,62.97,39.5,24.9,5.04,28.34,7.0,209085.0,3136.2000000000003,44.57142857142857,243.57142857142856,307.1428571428572,4.252083333333333,5.1,2.93,1.0,5.0,1.0,0.0,0.0,1111785028.0,18529750.466666665,52923444.0,10,0.0800381121162758,0.450055574876043,0.3954263872411245,0.0149995695551112,138973128.5,2.1699999999999995,0.3448275862068966,26135.625,392.02500000000003,0.39542638724112456,10856.326530612243,0.7904496986555398,0.6970628415300547,0.41316937723125735,5.0,1.0,40.32,33.38,0.88904684375,34393693.53333333,33.38
2022,TSMC,TWN,28,logic_mature,203670,2011,TSM,foundry,74.93,38.9,29.18,5.99,33.72,8.0,152204.0,2283.0,43.0,236.875,290.625,80.2238888888889,278.45,2.05,4.0,9.0,4.0,0.0,0.0,1148168388.0,19136139.8,54549224.0,11,0.0799412774597454,0.4500200126782328,0.3894301295952204,0.0149995072435202,127574265.33333331,276.4,0.3793103448275862,16911.555555555555,253.66666666666666,0.38943012959522044,10185.625,0.8122588941277326,0.28707779169400216,3.402939748158382,36.0,4.0,53.910000000000004,39.71,12.210396784444447,35413084.2,39.71
2023,TSMC,TWN,28,logic_mature,197831,2011,TSM,foundry,70.42,41.1,28.94,5.63,31.69,15.0,991098.0,23611.1,156.0,414.9333333333333,343.8,7427.86695652174,35640.01,1.38,7.0,7.428571428571429,3.0,3.0,1.0,1053770850.0,17562847.5,51618069.0,12,0.0799488770242988,0.4500141941207868,0.4109627888247261,0.023823149856876,65860678.125,35638.630000000005,0.41379310344827586,61943.625,1475.69375,0.4109627888247261,64729.59999999999,1.2034029389017786,0.20840786937636557,4.797317034829,52.0,7.0,90.08,37.32,7361.744084874784,34055221.5,37.32
2024,TSMC,TWN,28,logic_mature,212299,2011,TSM,foundry,88.89,41.3,36.71,7.11,40.0,26.0,4904042.0,109819.4,145.5,804.6923076923077,1360.7692307692307,9161.659411764706,42124.09,1.91,6.0,6.666666666666667,4.0,2.0,0.0,1261097212.0,21018286.866666667,61310821.0,13,0.079986499268911,0.4499943700079382,0.4129823330747853,0.0223936454064534,46707304.14814815,42122.17999999999,0.4482758620689655,181631.1851851852,4067.385185185185,0.4129823330747853,117082.73076923078,0.5909167937637689,0.2174869991201136,4.597156579444151,40.0,6.0,191.97,47.11,44929.16254498941,40292534.13333333,47.11
2025,TSMC,TWN,28,logic_mature,188401,2011,TSM,foundry,108.13,38.8,41.93,8.65,48.66,30.0,4876006.0,112487.8,147.96666666666667,927.7333333333332,1270.2666666666669,11861.496,37949.43,1.8,7.0,6.857142857142857,6.0,1.0,0.0,1591280610.0,26521343.5,85348277.0,14,0.0799963000092823,0.4500138680290958,0.3877739721837235,0.0230696551502079,51331632.58064516,37947.63,0.4827586206896552,157290.51612903227,3628.6387096774192,0.38777397218372356,137273.60888888888,0.7297708322408095,0.31255234789171027,3.1989582968036405,48.0,7.0,268.15000000000003,57.309999999999995,57836.725664975995,58826933.5,57.309999999999995
2026,TSMC,TWN,28,logic_mature,198923,2011,TSM,foundry,113.25,37.6,42.53,9.06,50.96,30.0,2935334.0,70687.7,147.96666666666667,927.7333333333332,1270.2666666666669,10463.3045,33556.33,2.09,3.0,8.0,2.0,1.0,0.0,1088320154.0,43532806.16,131937729.0,15,0.0799999992935982,0.4499779209714974,0.3755408355360632,0.0240816465582292,35107101.741935484,33554.240000000005,0.5172413793103449,94688.19354838709,2280.248387096774,0.37554083553606327,137273.60888888888,0.7297708322408095,0.31180384434637676,3.2065427759675766,24.0,3.0,280.86,60.02,30713.293451203,88404922.84,60.02
2024,TSMC,USA,5,logic_leading,0,2024,TSM,foundry,88.89,41.3,36.71,7.11,40.0,26.0,4904042.0,109819.4,145.5,804.6923076923077,1360.7692307692307,9161.659411764706,42124.09,1.91,6.0,6.666666666666667,4.0,2.0,0.0,1261097212.0,21018286.866666667,61310821.0,0,0.079986499268911,0.4499943700079382,0.4129823330747853,0.0223936454064534,46707304.14814815,42122.17999999999,0.0,181631.1851851852,4067.385185185185,0.4129823330747853,117082.73076923078,0.5909167937637689,0.2174869991201136,4.597156579444151,40.0,6.0,191.97,47.11,44929.16254498941,40292534.13333333,47.11
2025,TSMC,USA,5,logic_leading,42127,2024,TSM,foundry,108.13,38.8,41.93,8.65,48.66,30.0,4876006.0,112487.8,147.96666666666667,927.7333333333332,1270.2666666666669,11861.496,37949.43,1.8,7.0,6.857142857142857,6.0,1.0,0.0,1591280610.0,26521343.5,85348277.0,1,0.0799963000092823,0.4500138680290958,0.3877739721837235,0.0230696551502079,51331632.58064516,37947.63,0.16666666666666666,157290.51612903227,3628.6387096774192,0.38777397218372356,137273.60888888888,0.7297708322408095,0.31255234789171027,3.1989582968036405,48.0,7.0,268.15000000000003,57.309999999999995,57836.725664975995,58826933.5,57.309999999999995
2026,TSMC,USA,5,logic_leading,44554,2024,TSM,foundry,113.25,37.6,42.53,9.06,50.96,30.0,2935334.0,70687.7,147.96666666666667,927.7333333333332,1270.2666666666669,10463.3045,33556.33,2.09,3.0,8.0,2.0,1.0,0.0,1088320154.0,43532806.16,131937729.0,2,0.0799999992935982,0.4499779209714974,0.3755408355360632,0.0240816465582292,35107101.741935484,33554.240000000005,0.3333333333333333,94688.19354838709,2280.248387096774,0.37554083553606327,137273.60888888888,0.7297708322408095,0.31180384434637676,3.2065427759675766,24.0,3.0,280.86,60.02,30713.293451203,88404922.84,60.02
2026,TSMC,USA,4,logic_leading,30882,2026,TSM,foundry,113.25,37.6,42.53,9.06,50.96,30.0,2935334.0,70687.7,147.96666666666667,927.7333333333332,1270.2666666666669,10463.3045,33556.33,2.09,3.0,8.0,2.0,1.0,0.0,1088320154.0,43532806.16,131937729.0,0,0.0799999992935982,0.4499779209714974,0.3755408355360632,0.0240816465582292,35107101.741935484,33554.240000000005,0.0,94688.19354838709,2280.248387096774,0.37554083553606327,137273.60888888888,0.7297708322408095,0.31180384434637676,3.2065427759675766,24.0,3.0,280.86,60.02,30713.293451203,88404922.84,60.02
2024,TSMC,JPN,28,logic_mature,0,2024,TSM,foundry,88.89,41.3,36.71,7.11,40.0,26.0,4904042.0,109819.4,145.5,804.6923076923077,1360.7692307692307,9161.659411764706,42124.09,1.91,6.0,6.666666666666667,4.0,2.0,0.0,1261097212.0,21018286.866666667,61310821.0,0,0.079986499268911,0.4499943700079382,0.4129823330747853,0.0223936454064534,46707304.14814815,42122.17999999999,0.0,181631.1851851852,4067.385185185185,0.4129823330747853,117082.73076923078,0.5909167937637689,0.2174869991201136,4.597156579444151,40.0,6.0,191.97,47.11,44929.16254498941,40292534.13333333,47.11
2025,TSMC,JPN,28,logic_mature,58031,2024,TSM,foundry,108.13,38.8,41.93,8.65,48.66,30.0,4876006.0,112487.8,147.96666666666667,927.7333333333332,1270.2666666666669,11861.496,37949.43,1.8,7.0,6.857142857142857,6.0,1.0,0.0,1591280610.0,26521343.5,85348277.0,1,0.0799963000092823,0.4500138680290958,0.3877739721837235,0.0230696551502079,51331632.58064516,37947.63,0.034482758620689655,157290.51612903227,3628.6387096774192,0.38777397218372356,137273.60888888888,0.7297708322408095,0.31255234789171027,3.1989582968036405,48.0,7.0,268.15000000000003,57.309999999999995,57836.725664975995,58826933.5,57.309999999999995
2026,TSMC,JPN,28,logic_mature,57313,2024,TSM,foundry,113.25,37.6,42.53,9.06,50.96,30.0,2935334.0,70687.7,147.96666666666667,927.7333333333332,1270.2666666666669,10463.3045,33556.33,2.09,3.0,8.0,2.0,1.0,0.0,1088320154.0,43532806.16,131937729.0,2,0.0799999992935982,0.4499779209714974,0.3755408355360632,0.0240816465582292,35107101.741935484,33554.240000000005,0.06896551724137931,94688.19354838709,2280.248387096774,0.37554083553606327,137273.60888888888,0.7297708322408095,0.31180384434637676,3.2065427759675766,24.0,3.0,280.86,60.02,30713.293451203,88404922.84,60.02
2026,TSMC,DEU,28,logic_mature,22187,2026,TSM,foundry,113.25,37.6,42.53,9.06,50.96,30.0,2935334.0,70687.7,147.96666666666667,927.7333333333332,1270.2666666666669,10463.3045,33556.33,2.09,3.0,8.0,2.0,1.0,0.0,1088320154.0,43532806.16,131937729.0,0,0.0799999992935982,0.4499779209714974,0.3755408355360632,0.0240816465582292,35107101.741935484,33554.240000000005,0.0,94688.19354838709,2280.248387096774,0.37554083553606327,137273.60888888888,0.7297708322408095,0.31180384434637676,3.2065427759675766,24.0,3.0,280.86,60.02,30713.293451203,88404922.84,60.02
2022,Samsung Foundry,KOR,3,logic_leading,0,2022,005930,foundry,18.03,42.9,7.73,1.44,8.11,8.0,152204.0,2283.0,43.0,236.875,290.625,80.2238888888889,278.45,2.05,4.0,9.0,4.0,0.0,0.0,1148168388.0,19136139.8,54549224.0,0,0.0798668840894684,0.4498058541427701,0.4287298708413826,0.0149995072435202,127574265.33333331,276.4,0.0,16911.555555555555,253.66666666666666,0.42872987084138264,10185.625,0.8122588941277326,0.28707779169400216,3.402939748158382,36.0,4.0,12.959999999999999,9.549999999999999,12.210396784444447,35413084.2,9.549999999999999
2023,Samsung Foundry,KOR,3,logic_leading,26145,2022,005930,foundry,12.36,39.0,4.82,0.99,5.56,15.0,991098.0,23611.1,156.0,414.9333333333333,343.8,7427.86695652174,35640.01,1.38,7.0,7.428571428571429,3.0,3.0,1.0,1053770850.0,17562847.5,51618069.0,1,0.0800970808982944,0.4498381513075929,0.3899676059896759,0.023823149856876,65860678.125,35638.630000000005,0.25,61943.625,1475.69375,0.38996760598967595,64729.59999999999,1.2034029389017786,0.20840786937636557,4.797317034829,52.0,7.0,15.84,6.55,7361.744084874784,34055221.5,6.55
2024,Samsung Foundry,KOR,3,logic_leading,47947,2022,005930,foundry,18.09,41.8,7.55,1.45,8.14,26.0,4904042.0,109819.4,145.5,804.6923076923077,1360.7692307692307,9161.659411764706,42124.09,1.91,6.0,6.666666666666667,4.0,2.0,0.0,1261097212.0,21018286.866666667,61310821.0,2,0.0801547772164302,0.449972335546029,0.417357633092447,0.0223936454064534,46707304.14814815,42122.17999999999,0.5,181631.1851851852,4067.385185185185,0.417357633092447,117082.73076923078,0.5909167937637689,0.2174869991201136,4.597156579444151,40.0,6.0,39.15,9.59,44929.16254498941,40292534.13333333,9.59
2025,Samsung Foundry,KOR,3,logic_leading,85089,2022,005930,foundry,20.43,42.4,8.66,1.63,9.19,30.0,4876006.0,112487.8,147.96666666666667,927.7333333333332,1270.2666666666669,11861.496,37949.43,1.8,7.0,6.857142857142857,6.0,1.0,0.0,1591280610.0,26521343.5,85348277.0,3,0.0797846265401553,0.4498286612908144,0.4238864207593528,0.0230696551502079,51331632.58064516,37947.63,0.75,157290.51612903227,3628.6387096774192,0.42388642075935284,137273.60888888888,0.7297708322408095,0.31255234789171027,3.1989582968036405,48.0,7.0,50.529999999999994,10.82,57836.725664975995,58826933.5,10.82
2026,Samsung Foundry,KOR,3,logic_leading,91799,2022,005930,foundry,21.77,38.6,8.41,1.74,9.8,30.0,2935334.0,70687.7,147.96666666666667,927.7333333333332,1270.2666666666669,10463.3045,33556.33,2.09,3.0,8.0,2.0,1.0,0.0,1088320154.0,43532806.16,131937729.0,4,0.0799265006923977,0.4501607510261483,0.3863114200132558,0.0240816465582292,35107101.741935484,33554.240000000005,1.0,94688.19354838709,2280.248387096774,0.38631142001325586,137273.60888888888,0.7297708322408095,0.31180384434637676,3.2065427759675766,24.0,3.0,53.94,11.540000000000001,30713.293451203,88404922.84,11.540000000000001
2020,Samsung Foundry,KOR,5,logic_leading,0,2020,005930,foundry,14.49,38.1,5.52,1.16,6.52,4.0,40006.0,600.1,34.0,197.75,307.5,3.8054166666666656,4.82,2.71,3.0,8.0,3.0,0.0,0.0,880778716.0,14679645.266666668,41756367.0,0,0.0800552049651342,0.4499654623902372,0.3809523546616732,0.0149998750218711,176155743.2,2.1100000000000003,0.0,8001.2,120.02000000000001,0.3809523546616732,6723.5,0.6410048622366289,0.6538516609392896,0.4390878349085235,24.0,3.0,5.8,7.68,0.15223949916666663,27076721.733333334,7.68
2021,Samsung Foundry,KOR,5,logic_leading,29024,2020,005930,foundry,16.46,44.5,7.32,1.32,7.41,7.0,209085.0,3136.2000000000003,44.57142857142857,243.57142857142856,307.1428571428572,4.252083333333333,5.1,2.93,1.0,5.0,1.0,0.0,0.0,1111785028.0,18529750.466666665,52923444.0,1,0.0801944058205099,0.4501822326742264,0.4447144322773734,0.0149995695551112,138973128.5,2.1699999999999995,0.16666666666666666,26135.625,392.02500000000003,0.44471443227737345,10856.326530612243,0.7904496986555398,0.6970628415300547,0.41316937723125735,5.0,1.0,10.56,8.73,0.88904684375,34393693.53333333,8.73
2022,Samsung Foundry,KOR,5,logic_leading,56626,2020,005930,foundry,18.03,42.9,7.73,1.44,8.11,8.0,152204.0,2283.0,43.0,236.875,290.625,80.2238888888889,278.45,2.05,4.0,9.0,4.0,0.0,0.0,1148168388.0,19136139.8,54549224.0,2,0.0798668840894684,0.4498058541427701,0.4287298708413826,0.0149995072435202,127574265.33333331,276.4,0.3333333333333333,16911.555555555555,253.66666666666666,0.42872987084138264,10185.625,0.8122588941277326,0.28707779169400216,3.402939748158382,36.0,4.0,12.959999999999999,9.549999999999999,12.210396784444447,35413084.2,9.549999999999999
2023,Samsung Foundry,KOR,5,logic_leading,85759,2020,005930,foundry,12.36,39.0,4.82,0.99,5.56,15.0,991098.0,23611.1,156.0,414.9333333333333,343.8,7427.86695652174,35640.01,1.38,7.0,7.428571428571429,3.0,3.0,1.0,1053770850.0,17562847.5,51618069.0,3,0.0800970808982944,0.4498381513075929,0.3899676059896759,0.023823149856876,65860678.125,35638.630000000005,0.5,61943.625,1475.69375,0.38996760598967595,64729.59999999999,1.2034029389017786,0.20840786937636557,4.797317034829,52.0,7.0,15.84,6.55,7361.744084874784,34055221.5,6.55
2024,Samsung Foundry,KOR,5,logic_leading,90240,2020,005930,foundry,18.09,41.8,7.55,1.45,8.14,26.0,4904042.0,109819.4,145.5,804.6923076923077,1360.7692307692307,9161.659411764706,42124.09,1.91,6.0,6.666666666666667,4.0,2.0,0.0,1261097212.0,21018286.866666667,61310821.0,4,0.0801547772164302,0.449972335546029,0.417357633092447,0.0223936454064534,46707304.14814815,42122.17999999999,0.6666666666666666,181631.1851851852,4067.385185185185,0.417357633092447,117082.73076923078,0.5909167937637689,0.2174869991201136,4.597156579444151,40.0,6.0,39.15,9.59,44929.16254498941,40292534.13333333,9.59
2025,Samsung Foundry,KOR,5,logic_leading,85147,2020,005930,foundry,20.43,42.4,8.66,1.63,9.19,30.0,4876006.0,112487.8,147.96666666666667,927.7333333333332,1270.2666666666669,11861.496,37949.43,1.8,7.0,6.857142857142857,6.0,1.0,0.0,1591280610.0,26521343.5,85348277.0,5,0.0797846265401553,0.4498286612908144,0.4238864207593528,0.0230696551502079,51331632.58064516,37947.63,0.8333333333333334,157290.51612903227,3628.6387096774192,0.42388642075935284,137273.60888888888,0.7297708322408095,0.31255234789171027,3.1989582968036405,48.0,7.0,50.529999999999994,10.82,57836.725664975995,58826933.5,10.82
2026,Samsung Foundry,KOR,5,logic_leading,102087,2020,005930,foundry,21.77,38.6,8.41,1.74,9.8,30.0,2935334.0,70687.7,147.96666666666667,927.7333333333332,1270.2666666666669,10463.3045,33556.33,2.09,3.0,8.0,2.0,1.0,0.0,1088320154.0,43532806.16,131937729.0,6,0.0799265006923977,0.4501607510261483,0.3863114200132558,0.0240816465582292,35107101.741935484,33554.240000000005,1.0,94688.19354838709,2280.248387096774,0.38631142001325586,137273.60888888888,0.7297708322408095,0.31180384434637676,3.2065427759675766,24.0,3.0,53.94,11.540000000000001,30713.293451203,88404922.84,11.540000000000001
2018,Samsung Foundry,KOR,7,logic_leading,0,2018,005930,foundry,12.1,41.9,5.07,0.97,5.45,0.0,0.0,0.0,0.0,0.0,0.0,6.297499999999999,8.43,4.13,1.0,5.0,1.0,0.0,0.0,937556570.0,15625942.833333334,44840672.0,0,0.0801652826309683,0.4504131859162656,0.4190082298340306,0.0,937556570.0,4.3,0.0,0.0,0.0,0.41900822983403063,0.0,0.0,0.6678154825026511,0.5892428914011648,5.0,1.0,0.97,6.42,0.0,29214729.166666664,6.42
2019,Samsung Foundry,KOR,7,logic_leading,32917,2018,005930,foundry,12.78,39.0,4.99,1.02,5.75,0.0,0.0,0.0,0.0,0.0,0.0,4.458333333333333,6.97,2.85,2.0,6.0,2.0,0.0,0.0,824613952.0,13743565.866666667,38651660.0,1,0.0798122003276838,0.4499217175335119,0.3904538035638652,0.0,824613952.0,4.119999999999999,0.125,0.0,0.0,0.3904538035638652,0.0,0.0,0.5593893768297783,0.7548091603053434,12.0,2.0,1.02,6.77,0.0,24908094.133333333,6.77
2020,Samsung Foundry,KOR,7,logic_leading,58889,2018,005930,foundry,14.49,38.1,5.52,1.16,6.52,4.0,40006.0,600.1,34.0,197.75,307.5,3.8054166666666656,4.82,2.71,3.0,8.0,3.0,0.0,0.0,880778716.0,14679645.266666668,41756367.0,2,0.0800552049651342,0.4499654623902372,0.3809523546616732,0.0149998750218711,176155743.2,2.1100000000000003,0.25,8001.2,120.02000000000001,0.3809523546616732,6723.5,0.6410048622366289,0.6538516609392896,0.4390878349085235,24.0,3.0,5.8,7.68,0.15223949916666663,27076721.733333334,7.68
2021,Samsung Foundry,KOR,7,logic_leading,95139,2018,005930,foundry,16.46,44.5,7.32,1.32,7.41,7.0,209085.0,3136.2000000000003,44.57142857142857,243.57142857142856,307.1428571428572,4.252083333333333,5.1,2.93,1.0,5.0,1.0,0.0,0.0,1111785028.0,18529750.466666665,52923444.0,3,0.0801944058205099,0.4501822326742264,0.4447144322773734,0.0149995695551112,138973128.5,2.1699999999999995,0.375,26135.625,392.02500000000003,0.44471443227737345,10856.326530612243,0.7904496986555398,0.6970628415300547,0.41316937723125735,5.0,1.0,10.56,8.73,0.88904684375,34393693.53333333,8.73
2022,Samsung Foundry,KOR,7,logic_leading,106358,2018,005930,foundry,18.03,42.9,7.73,1.44,8.11,8.0,152204.0,2283.0,43.0,236.875,290.625,80.2238888888889,278.45,2.05,4.0,9.0,4.0,0.0,0.0,1148168388.0,19136139.8,54549224.0,4,0.0798668840894684,0.4498058541427701,0.4287298708413826,0.0149995072435202,127574265.33333331,276.4,0.5,16911.555555555555,253.66666666666666,0.42872987084138264,10185.625,0.8122588941277326,0.28707779169400216,3.402939748158382,36.0,4.0,12.959999999999999,9.549999999999999,12.210396784444447,35413084.2,9.549999999999999
2023,Samsung Foundry,KOR,7,logic_leading,87031,2018,005930,foundry,12.36,39.0,4.82,0.99,5.56,15.0,991098.0,23611.1,156.0,414.9333333333333,343.8,7427.86695652174,35640.01,1.38,7.0,7.428571428571429,3.0,3.0,1.0,1053770850.0,17562847.5,51618069.0,5,0.0800970808982944,0.4498381513075929,0.3899676059896759,0.023823149856876,65860678.125,35638.630000000005,0.625,61943.625,1475.69375,0.38996760598967595,64729.59999999999,1.2034029389017786,0.20840786937636557,4.797317034829,52.0,7.0,15.84,6.55,7361.744084874784,34055221.5,6.55
2024,Samsung Foundry,KOR,7,logic_leading,98277,2018,005930,foundry,18.09,41.8,7.55,1.45,8.14,26.0,4904042.0,109819.4,145.5,804.6923076923077,1360.7692307692307,9161.659411764706,42124.09,1.91,6.0,6.666666666666667,4.0,2.0,0.0,1261097212.0,21018286.866666667,61310821.0,6,0.0801547772164302,0.449972335546029,0.417357633092447,0.0223936454064534,46707304.14814815,42122.17999999999,0.75,181631.1851851852,4067.385185185185,0.417357633092447,117082.73076923078,0.5909167937637689,0.2174869991201136,4.597156579444151,40.0,6.0,39.15,9.59,44929.16254498941,40292534.13333333,9.59
2025,Samsung Foundry,KOR,7,logic_leading,98984,2018,005930,foundry,20.43,42.4,8.66,1.63,9.19,30.0,4876006.0,112487.8,147.96666666666667,927.7333333333332,1270.2666666666669,11861.496,37949.43,1.8,7.0,6.857142857142857,6.0,1.0,0.0,1591280610.0,26521343.5,85348277.0,7,0.0797846265401553,0.4498286612908144,0.4238864207593528,0.0230696551502079,51331632.58064516,37947.63,0.875,157290.51612903227,3628.6387096774192,0.42388642075935284,137273.60888888888,0.7297708322408095,0.31255234789171027,3.1989582968036405,48.0,7.0,50.529999999999994,10.82,57836.725664975995,58826933.5,10.82
2026,Samsung Foundry,KOR,7,logic_leading,114515,2018,005930,foundry,21.77,38.6,8.41,1.74,9.8,30.0,2935334.0,70687.7,147.96666666666667,927.7333333333332,1270.2666666666669,10463.3045,33556.33,2.09,3.0,8.0,2.0,1.0,0.0,1088320154.0,43532806.16,131937729.0,8,0.0799265006923977,0.4501607510261483,0.3863114200132558,0.0240816465582292,35107101.741935484,33554.240000000005,1.0,94688.19354838709,2280.248387096774,0.38631142001325586,137273.60888888888,0.7297708322408095,0.31180384434637676,3.2065427759675766,24.0,3.0,53.94,11.540000000000001,30713.293451203,88404922.84,11.540000000000001
2015,Samsung Foundry,KOR,14,logic_mature,0,2015,005930,foundry,6.52,40.7,2.65,0.52,2.94,0.0,0.0,0.0,0.0,0.0,0.0,2.605833333333333,3.38,2.0,0.0,0.0,0.0,0.0,0.0,670335722.0,11172262.033333331,30990284.0,0,0.0797545889946949,0.4509201762392368,0.4064416554537338,0.0,670335722.0,1.38,0.0,0.0,0.0,0.40644165545373384,0.0,0.0,0.5949391171993911,0.3827131962098452,0.0,0.0,0.52,3.46,0.0,19818021.96666667,3.46
2016,Samsung Foundry,KOR,14,logic_mature,51020,2015,005930,foundry,8.55,40.7,3.48,0.68,3.85,0.0,0.0,0.0,0.0,0.0,0.0,2.89625,3.78,1.85,0.0,0.0,0.0,0.0,0.0,677861710.0,11297695.166666666,32073453.0,1,0.0795321544406836,0.4502923449950474,0.4070174962552636,0.0,677861710.0,1.93,0.06666666666666667,0.0,0.0,0.4070174962552636,0.0,0.0,0.6059100418410043,0.4953480911132499,0.0,0.0,0.68,4.53,0.0,20775757.833333336,4.53
2017,Samsung Foundry,KOR,14,logic_mature,102867,2015,005930,foundry,10.38,40.2,4.17,0.83,4.67,0.0,0.0,0.0,0.0,0.0,0.0,4.944166666666667,7.11,3.5,0.0,0.0,0.0,0.0,0.0,824441888.0,13740698.133333333,39171620.0,2,0.079961456651112,0.449903617543004,0.4017340653435389,0.0,824441888.0,3.61,0.13333333333333333,0.0,0.0,0.40173406534353895,0.0,0.0,0.6096383066173449,0.6073180989765876,0.0,0.0,0.83,5.5,0.0,25430921.866666667,5.5
2018,Samsung Foundry,KOR,14,logic_mature,164423,2015,005930,foundry,12.1,41.9,5.07,0.97,5.45,0.0,0.0,0.0,0.0,0.0,0.0,6.297499999999999,8.43,4.13,1.0,5.0,1.0,0.0,0.0,937556570.0,15625942.833333334,44840672.0,3,0.0801652826309683,0.4504131859162656,0.4190082298340306,0.0,937556570.0,4.3,0.2,0.0,0.0,0.41900822983403063,0.0,0.0,0.6678154825026511,0.5892428914011648,5.0,1.0,0.97,6.42,0.0,29214729.166666664,6.42
2019,Samsung Foundry,KOR,14,logic_mature,148485,2015,005930,foundry,12.78,39.0,4.99,1.02,5.75,0.0,0.0,0.0,0.0,0.0,0.0,4.458333333333333,6.97,2.85,2.0,6.0,2.0,0.0,0.0,824613952.0,13743565.866666667,38651660.0,4,0.0798122003276838,0.4499217175335119,0.3904538035638652,0.0,824613952.0,4.119999999999999,0.26666666666666666,0.0,0.0,0.3904538035638652,0.0,0.0,0.5593893768297783,0.7548091603053434,12.0,2.0,1.02,6.77,0.0,24908094.133333333,6.77
2020,Samsung Foundry,KOR,14,logic_mature,152847,2015,005930,foundry,14.49,38.1,5.52,1.16,6.52,4.0,40006.0,600.1,34.0,197.75,307.5,3.8054166666666656,4.82,2.71,3.0,8.0,3.0,0.0,0.0,880778716.0,14679645.266666668,41756367.0,5,0.0800552049651342,0.4499654623902372,0.3809523546616732,0.0149998750218711,176155743.2,2.1100000000000003,0.3333333333333333,8001.2,120.02000000000001,0.3809523546616732,6723.5,0.6410048622366289,0.6538516609392896,0.4390878349085235,24.0,3.0,5.8,7.68,0.15223949916666663,27076721.733333334,7.68
2021,Samsung Foundry,KOR,14,logic_mature,139265,2015,005930,foundry,16.46,44.5,7.32,1.32,7.41,7.0,209085.0,3136.2000000000003,44.57142857142857,243.57142857142856,307.1428571428572,4.252083333333333,5.1,2.93,1.0,5.0,1.0,0.0,0.0,1111785028.0,18529750.466666665,52923444.0,6,0.0801944058205099,0.4501822326742264,0.4447144322773734,0.0149995695551112,138973128.5,2.1699999999999995,0.4,26135.625,392.02500000000003,0.44471443227737345,10856.326530612243,0.7904496986555398,0.6970628415300547,0.41316937723125735,5.0,1.0,10.56,8.73,0.88904684375,34393693.53333333,8.73
2022,Samsung Foundry,KOR,14,logic_mature,159199,2015,005930,foundry,18.03,42.9,7.73,1.44,8.11,8.0,152204.0,2283.0,43.0,236.875,290.625,80.2238888888889,278.45,2.05,4.0,9.0,4.0,0.0,0.0,1148168388.0,19136139.8,54549224.0,7,0.0798668840894684,0.4498058541427701,0.4287298708413826,0.0149995072435202,127574265.33333331,276.4,0.4666666666666667,16911.555555555555,253.66666666666666,0.42872987084138264,10185.625,0.8122588941277326,0.28707779169400216,3.402939748158382,36.0,4.0,12.959999999999999,9.549999999999999,12.210396784444447,35413084.2,9.549999999999999
2023,Samsung Foundry,KOR,14,logic_mature,144403,2015,005930,foundry,12.36,39.0,4.82,0.99,5.56,15.0,991098.0,23611.1,156.0,414.9333333333333,343.8,7427.86695652174,35640.01,1.38,7.0,7.428571428571429,3.0,3.0,1.0,1053770850.0,17562847.5,51618069.0,8,0.0800970808982944,0.4498381513075929,0.3899676059896759,0.023823149856876,65860678.125,35638.630000000005,0.5333333333333333,61943.625,1475.69375,0.38996760598967595,64729.59999999999,1.2034029389017786,0.20840786937636557,4.797317034829,52.0,7.0,15.84,6.55,7361.744084874784,34055221.5,6.55
2024,Samsung Foundry,KOR,14,logic_mature,145852,2015,005930,foundry,18.09,41.8,7.55,1.45,8.14,26.0,4904042.0,109819.4,145.5,804.6923076923077,1360.7692307692307,9161.659411764706,42124.09,1.91,6.0,6.666666666666667,4.0,2.0,0.0,1261097212.0,21018286.866666667,61310821.0,9,0.0801547772164302,0.449972335546029,0.417357633092447,0.0223936454064534,46707304.14814815,42122.17999999999,0.6,181631.1851851852,4067.385185185185,0.417357633092447,117082.73076923078,0.5909167937637689,0.2174869991201136,4.597156579444151,40.0,6.0,39.15,9.59,44929.16254498941,40292534.13333333,9.59
2025,Samsung Foundry,KOR,14,logic_mature,157324,2015,005930,foundry,20.43,42.4,8.66,1.63,9.19,30.0,4876006.0,112487.8,147.96666666666667,927.7333333333332,1270.2666666666669,11861.496,37949.43,1.8,7.0,6.857142857142857,6.0,1.0,0.0,1591280610.0,26521343.5,85348277.0,10,0.0797846265401553,0.4498286612908144,0.4238864207593528,0.0230696551502079,51331632.58064516,37947.63,0.6666666666666666,157290.51612903227,3628.6387096774192,0.42388642075935284,137273.60888888888,0.7297708322408095,0.31255234789171027,3.1989582968036405,48.0,7.0,50.529999999999994,10.82,57836.725664975995,58826933.5,10.82
2026,Samsung Foundry,KOR,14,logic_mature,152597,2015,005930,foundry,21.77,38.6,8.41,1.74,9.8,30.0,2935334.0,70687.7,147.96666666666667,927.7333333333332,1270.2666666666669,10463.3045,33556.33,2.09,3.0,8.0,2.0,1.0,0.0,1088320154.0,43532806.16,131937729.0,11,0.0799265006923977,0.4501607510261483,0.3863114200132558,0.0240816465582292,35107101.741935484,33554.240000000005,0.7333333333333333,94688.19354838709,2280.248387096774,0.38631142001325586,137273.60888888888,0.7297708322408095,0.31180384434637676,3.2065427759675766,24.0,3.0,53.94,11.540000000000001,30713.293451203,88404922.84,11.540000000000001
2024,Samsung Foundry,USA,4,logic_leading,0,2024,005930,foundry,18.09,41.8,7.55,1.45,8.14,26.0,4904042.0,109819.4,145.5,804.6923076923077,1360.7692307692307,9161.659411764706,42124.09,1.91,6.0,6.666666666666667,4.0,2.0,0.0,1261097212.0,21018286.866666667,61310821.0,0,0.0801547772164302,0.449972335546029,0.417357633092447,0.0223936454064534,46707304.14814815,42122.17999999999,0.0,181631.1851851852,4067.385185185185,0.417357633092447,117082.73076923078,0.5909167937637689,0.2174869991201136,4.597156579444151,40.0,6.0,39.15,9.59,44929.16254498941,40292534.13333333,9.59
2025,Samsung Foundry,USA,4,logic_leading,33061,2024,005930,foundry,20.43,42.4,8.66,1.63,9.19,30.0,4876006.0,112487.8,147.96666666666667,927.7333333333332,1270.2666666666669,11861.496,37949.43,1.8,7.0,6.857142857142857,6.0,1.0,0.0,1591280610.0,26521343.5,85348277.0,1,0.0797846265401553,0.4498286612908144,0.4238864207593528,0.0230696551502079,51331632.58064516,37947.63,0.2,157290.51612903227,3628.6387096774192,0.42388642075935284,137273.60888888888,0.7297708322408095,0.31255234789171027,3.1989582968036405,48.0,7.0,50.529999999999994,10.82,57836.725664975995,58826933.5,10.82
2026,Samsung Foundry,USA,4,logic_leading,33486,2024,005930,foundry,21.77,38.6,8.41,1.74,9.8,30.0,2935334.0,70687.7,147.96666666666667,927.7333333333332,1270.2666666666669,10463.3045,33556.33,2.09,3.0,8.0,2.0,1.0,0.0,1088320154.0,43532806.16,131937729.0,2,0.0799265006923977,0.4501607510261483,0.3863114200132558,0.0240816465582292,35107101.741935484,33554.240000000005,0.4,94688.19354838709,2280.248387096774,0.38631142001325586,137273.60888888888,0.7297708322408095,0.31180384434637676,3.2065427759675766,24.0,3.0,53.94,11.540000000000001,30713.293451203,88404922.84,11.540000000000001
2023,Intel,USA,7,logic_leading,0,2023,INTC,idm_cpu,53.91,10.6,5.71,10.78,13.48,15.0,991098.0,23611.1,156.0,414.9333333333333,343.8,7427.86695652174,35640.01,1.38,7.0,7.428571428571429,3.0,3.0,1.0,1053770850.0,17562847.5,51618069.0,0,0.1999628974223168,0.250046368947387,0.1059172675585741,0.023823149856876,65860678.125,35638.630000000005,0.0,61943.625,1475.69375,0.10591726755857415,64729.59999999999,1.2034029389017786,0.20840786937636557,4.797317034829,52.0,7.0,172.48,24.259999999999998,7361.744084874784,34055221.5,24.259999999999998
2024,Intel,USA,7,logic_leading,19876,2023,INTC,idm_cpu,54.42,8.8,4.8,10.88,13.61,26.0,4904042.0,109819.4,145.5,804.6923076923077,1360.7692307692307,9161.659411764706,42124.09,1.91,6.0,6.666666666666667,4.0,2.0,0.0,1261097212.0,21018286.866666667,61310821.0,1,0.1999264939374036,0.250091873390447,0.0882028649723839,0.0223936454064534,46707304.14814815,42122.17999999999,0.125,181631.1851851852,4067.385185185185,0.08820286497238396,117082.73076923078,0.5909167937637689,0.2174869991201136,4.597156579444151,40.0,6.0,293.76000000000005,24.490000000000002,44929.16254498941,40292534.13333333,24.490000000000002
2025,Intel,USA,7,logic_leading,65381,2023,INTC,idm_cpu,57.44,9.2,5.29,11.49,14.36,30.0,4876006.0,112487.8,147.96666666666667,927.7333333333332,1270.2666666666669,11861.496,37949.43,1.8,7.0,6.857142857142857,6.0,1.0,0.0,1591280610.0,26521343.5,85348277.0,2,0.2000348154590039,0.2499999956476324,0.0920960986752072,0.0230696551502079,51331632.58064516,37947.63,0.25,157290.51612903227,3628.6387096774192,0.09209609867520721,137273.60888888888,0.7297708322408095,0.31255234789171027,3.1989582968036405,48.0,7.0,356.19,25.85,57836.725664975995,58826933.5,25.85
2026,Intel,USA,7,logic_leading,60084,2023,INTC,idm_cpu,59.79,12.5,7.47,11.96,14.95,30.0,2935334.0,70687.7,147.96666666666667,927.7333333333332,1270.2666666666669,10463.3045,33556.33,2.09,3.0,8.0,2.0,1.0,0.0,1088320154.0,43532806.16,131937729.0,3,0.2000334470641671,0.2500418088302089,0.1249372783920843,0.0240816465582292,35107101.741935484,33554.240000000005,0.375,94688.19354838709,2280.248387096774,0.12493727839208432,137273.60888888888,0.7297708322408095,0.31180384434637676,3.2065427759675766,24.0,3.0,370.76000000000005,26.91,30713.293451203,88404922.84,26.91
2020,Intel,USA,10,logic_leading,0,2020,INTC,idm_cpu,79.56,20.4,16.24,15.91,19.89,4.0,40006.0,600.1,34.0,197.75,307.5,3.8054166666666656,4.82,2.71,3.0,8.0,3.0,0.0,0.0,880778716.0,14679645.266666668,41756367.0,0,0.1999748592260575,0.2499999968577174,0.2041226721452655,0.0149998750218711,176155743.2,2.1100000000000003,0.0,8001.2,120.02000000000001,0.20412267214526553,6723.5,0.6410048622366289,0.6538516609392896,0.4390878349085235,24.0,3.0,79.55,35.8,0.15223949916666663,27076721.733333334,35.8
2021,Intel,USA,10,logic_leading,27861,2020,INTC,idm_cpu,72.13,20.7,14.92,14.43,18.03,7.0,209085.0,3136.2000000000003,44.57142857142857,243.57142857142856,307.1428571428572,4.252083333333333,5.1,2.93,1.0,5.0,1.0,0.0,0.0,1111785028.0,18529750.466666665,52923444.0,1,0.2000554526541598,0.2499653368922038,0.2068487424532269,0.0149995695551112,138973128.5,2.1699999999999995,0.09090909090909091,26135.625,392.02500000000003,0.20684874245322693,10856.326530612243,0.7904496986555398,0.6970628415300547,0.41316937723125735,5.0,1.0,115.44,32.46,0.88904684375,34393693.53333333,32.46
2022,Intel,USA,10,logic_leading,54058,2020,INTC,idm_cpu,64.11,7.9,5.06,12.82,16.03,8.0,152204.0,2283.0,43.0,236.875,290.625,80.2238888888889,278.45,2.05,4.0,9.0,4.0,0.0,0.0,1148168388.0,19136139.8,54549224.0,2,0.1999688004996287,0.2500389915763689,0.0789268432549236,0.0149995072435202,127574265.33333331,276.4,0.18181818181818182,16911.555555555555,253.66666666666666,0.07892684325492368,10185.625,0.8122588941277326,0.28707779169400216,3.402939748158382,36.0,4.0,115.38,28.85,12.210396784444447,35413084.2,28.85
2023,Intel,USA,10,logic_leading,81664,2020,INTC,idm_cpu,53.91,10.6,5.71,10.78,13.48,15.0,991098.0,23611.1,156.0,414.9333333333333,343.8,7427.86695652174,35640.01,1.38,7.0,7.428571428571429,3.0,3.0,1.0,1053770850.0,17562847.5,51618069.0,3,0.1999628974223168,0.250046368947387,0.1059172675585741,0.023823149856876,65860678.125,35638.630000000005,0.2727272727272727,61943.625,1475.69375,0.10591726755857415,64729.59999999999,1.2034029389017786,0.20840786937636557,4.797317034829,52.0,7.0,172.48,24.259999999999998,7361.744084874784,34055221.5,24.259999999999998
2024,Intel,USA,10,logic_leading,87794,2020,INTC,idm_cpu,54.42,8.8,4.8,10.88,13.61,26.0,4904042.0,109819.4,145.5,804.6923076923077,1360.7692307692307,9161.659411764706,42124.09,1.91,6.0,6.666666666666667,4.0,2.0,0.0,1261097212.0,21018286.866666667,61310821.0,4,0.1999264939374036,0.250091873390447,0.0882028649723839,0.0223936454064534,46707304.14814815,42122.17999999999,0.36363636363636365,181631.1851851852,4067.385185185185,0.08820286497238396,117082.73076923078,0.5909167937637689,0.2174869991201136,4.597156579444151,40.0,6.0,293.76000000000005,24.490000000000002,44929.16254498941,40292534.13333333,24.490000000000002
2025,Intel,USA,10,logic_leading,85991,2020,INTC,idm_cpu,57.44,9.2,5.29,11.49,14.36,30.0,4876006.0,112487.8,147.96666666666667,927.7333333333332,1270.2666666666669,11861.496,37949.43,1.8,7.0,6.857142857142857,6.0,1.0,0.0,1591280610.0,26521343.5,85348277.0,5,0.2000348154590039,0.2499999956476324,0.0920960986752072,0.0230696551502079,51331632.58064516,37947.63,0.45454545454545453,157290.51612903227,3628.6387096774192,0.09209609867520721,137273.60888888888,0.7297708322408095,0.31255234789171027,3.1989582968036405,48.0,7.0,356.19,25.85,57836.725664975995,58826933.5,25.85
2026,Intel,USA,10,logic_leading,90942,2020,INTC,idm_cpu,59.79,12.5,7.47,11.96,14.95,30.0,2935334.0,70687.7,147.96666666666667,927.7333333333332,1270.2666666666669,10463.3045,33556.33,2.09,3.0,8.0,2.0,1.0,0.0,1088320154.0,43532806.16,131937729.0,6,0.2000334470641671,0.2500418088302089,0.1249372783920843,0.0240816465582292,35107101.741935484,33554.240000000005,0.5454545454545454,94688.19354838709,2280.248387096774,0.12493727839208432,137273.60888888888,0.7297708322408095,0.31180384434637676,3.2065427759675766,24.0,3.0,370.76000000000005,26.91,30713.293451203,88404922.84,26.91
2015,Intel,USA,14,logic_mature,0,2015,INTC,idm_cpu,52.71,17.6,9.29,10.54,13.18,0.0,0.0,0.0,0.0,0.0,0.0,2.605833333333333,3.38,2.0,0.0,0.0,0.0,0.0,0.0,670335722.0,11172262.033333331,30990284.0,0,0.1999620527421352,0.2500474245864651,0.1762473880431153,0.0,670335722.0,1.38,0.0,0.0,0.0,0.17624738804311538,0.0,0.0,0.5949391171993911,0.3827131962098452,0.0,0.0,10.54,23.72,0.0,19818021.96666667,23.72
2016,Intel,USA,14,logic_mature,32978,2015,INTC,idm_cpu,61.27,21.6,13.22,12.25,15.32,0.0,0.0,0.0,0.0,0.0,0.0,2.89625,3.78,1.85,0.0,0.0,0.0,0.0,0.0,677861710.0,11297695.166666666,32073453.0,1,0.1999347119318636,0.2500407989221348,0.2157662768766725,0.0,677861710.0,1.93,0.06666666666666667,0.0,0.0,0.2157662768766725,0.0,0.0,0.6059100418410043,0.4953480911132499,0.0,0.0,12.25,27.57,0.0,20775757.833333336,27.57
2017,Intel,USA,14,logic_mature,64059,2015,INTC,idm_cpu,66.18,15.8,10.43,13.24,16.54,0.0,0.0,0.0,0.0,0.0,0.0,4.944166666666667,7.11,3.5,0.0,0.0,0.0,0.0,0.0,824441888.0,13740698.133333333,39171620.0,2,0.2000604381979383,0.2499244446974245,0.1576004811483759,0.0,824441888.0,3.61,0.13333333333333333,0.0,0.0,0.1576004811483759,0.0,0.0,0.6096383066173449,0.6073180989765876,0.0,0.0,13.24,29.78,0.0,25430921.866666667,29.78
2018,Intel,USA,14,logic_mature,102162,2015,INTC,idm_cpu,66.06,20.2,13.32,13.21,16.51,0.0,0.0,0.0,0.0,0.0,0.0,6.297499999999999,8.43,4.13,1.0,5.0,1.0,0.0,0.0,937556570.0,15625942.833333334,44840672.0,3,0.1999697214657929,0.2499243074489205,0.2016348743318971,0.0,937556570.0,4.3,0.2,0.0,0.0,0.20163487433189714,0.0,0.0,0.6678154825026511,0.5892428914011648,5.0,1.0,13.21,29.720000000000002,0.0,29214729.166666664,29.720000000000002
2019,Intel,USA,14,logic_mature,102219,2015,INTC,idm_cpu,73.31,21.4,15.67,14.66,18.33,0.0,0.0,0.0,0.0,0.0,0.0,4.458333333333333,6.97,2.85,2.0,6.0,2.0,0.0,0.0,824613952.0,13743565.866666667,38651660.0,4,0.1999727158645107,0.2500340983490097,0.2137498265755036,0.0,824613952.0,4.119999999999999,0.26666666666666666,0.0,0.0,0.21374982657550365,0.0,0.0,0.5593893768297783,0.7548091603053434,12.0,2.0,14.66,32.989999999999995,0.0,24908094.133333333,32.989999999999995
2020,Intel,USA,14,logic_mature,97400,2015,INTC,idm_cpu,79.56,20.4,16.24,15.91,19.89,4.0,40006.0,600.1,34.0,197.75,307.5,3.8054166666666656,4.82,2.71,3.0,8.0,3.0,0.0,0.0,880778716.0,14679645.266666668,41756367.0,5,0.1999748592260575,0.2499999968577174,0.2041226721452655,0.0149998750218711,176155743.2,2.1100000000000003,0.3333333333333333,8001.2,120.02000000000001,0.20412267214526553,6723.5,0.6410048622366289,0.6538516609392896,0.4390878349085235,24.0,3.0,79.55,35.8,0.15223949916666663,27076721.733333334,35.8
2021,Intel,USA,14,logic_mature,94968,2015,INTC,idm_cpu,72.13,20.7,14.92,14.43,18.03,7.0,209085.0,3136.2000000000003,44.57142857142857,243.57142857142856,307.1428571428572,4.252083333333333,5.1,2.93,1.0,5.0,1.0,0.0,0.0,1111785028.0,18529750.466666665,52923444.0,6,0.2000554526541598,0.2499653368922038,0.2068487424532269,0.0149995695551112,138973128.5,2.1699999999999995,0.4,26135.625,392.02500000000003,0.20684874245322693,10856.326530612243,0.7904496986555398,0.6970628415300547,0.41316937723125735,5.0,1.0,115.44,32.46,0.88904684375,34393693.53333333,32.46
2022,Intel,USA,14,logic_mature,112242,2015,INTC,idm_cpu,64.11,7.9,5.06,12.82,16.03,8.0,152204.0,2283.0,43.0,236.875,290.625,80.2238888888889,278.45,2.05,4.0,9.0,4.0,0.0,0.0,1148168388.0,19136139.8,54549224.0,7,0.1999688004996287,0.2500389915763689,0.0789268432549236,0.0149995072435202,127574265.33333331,276.4,0.4666666666666667,16911.555555555555,253.66666666666666,0.07892684325492368,10185.625,0.8122588941277326,0.28707779169400216,3.402939748158382,36.0,4.0,115.38,28.85,12.210396784444447,35413084.2,28.85
2023,Intel,USA,14,logic_mature,101647,2015,INTC,idm_cpu,53.91,10.6,5.71,10.78,13.48,15.0,991098.0,23611.1,156.0,414.9333333333333,343.8,7427.86695652174,35640.01,1.38,7.0,7.428571428571429,3.0,3.0,1.0,1053770850.0,17562847.5,51618069.0,8,0.1999628974223168,0.250046368947387,0.1059172675585741,0.023823149856876,65860678.125,35638.630000000005,0.5333333333333333,61943.625,1475.69375,0.10591726755857415,64729.59999999999,1.2034029389017786,0.20840786937636557,4.797317034829,52.0,7.0,172.48,24.259999999999998,7361.744084874784,34055221.5,24.259999999999998
2024,Intel,USA,14,logic_mature,96404,2015,INTC,idm_cpu,54.42,8.8,4.8,10.88,13.61,26.0,4904042.0,109819.4,145.5,804.6923076923077,1360.7692307692307,9161.659411764706,42124.09,1.91,6.0,6.666666666666667,4.0,2.0,0.0,1261097212.0,21018286.866666667,61310821.0,9,0.1999264939374036,0.250091873390447,0.0882028649723839,0.0223936454064534,46707304.14814815,42122.17999999999,0.6,181631.1851851852,4067.385185185185,0.08820286497238396,117082.73076923078,0.5909167937637689,0.2174869991201136,4.597156579444151,40.0,6.0,293.76000000000005,24.490000000000002,44929.16254498941,40292534.13333333,24.490000000000002
2025,Intel,USA,14,logic_mature,109920,2015,INTC,idm_cpu,57.44,9.2,5.29,11.49,14.36,30.0,4876006.0,112487.8,147.96666666666667,927.7333333333332,1270.2666666666669,11861.496,37949.43,1.8,7.0,6.857142857142857,6.0,1.0,0.0,1591280610.0,26521343.5,85348277.0,10,0.2000348154590039,0.2499999956476324,0.0920960986752072,0.0230696551502079,51331632.58064516,37947.63,0.6666666666666666,157290.51612903227,3628.6387096774192,0.09209609867520721,137273.60888888888,0.7297708322408095,0.31255234789171027,3.1989582968036405,48.0,7.0,356.19,25.85,57836.725664975995,58826933.5,25.85
2026,Intel,USA,14,logic_mature,109401,2015,INTC,idm_cpu,59.79,12.5,7.47,11.96,14.95,30.0,2935334.0,70687.7,147.96666666666667,927.7333333333332,1270.2666666666669,10463.3045,33556.33,2.09,3.0,8.0,2.0,1.0,0.0,1088320154.0,43532806.16,131937729.0,11,0.2000334470641671,0.2500418088302089,0.1249372783920843,0.0240816465582292,35107101.741935484,33554.240000000005,0.7333333333333333,94688.19354838709,2280.248387096774,0.12493727839208432,137273.60888888888,0.7297708322408095,0.31180384434637676,3.2065427759675766,24.0,3.0,370.76000000000005,26.91,30713.293451203,88404922.84,26.91
2012,Intel,USA,22,logic_mature,0,2012,INTC,idm_cpu,50.66,18.6,9.44,10.13,12.67,0.0,0.0,0.0,0.0,0.0,0.0,80.2238888888889,278.45,2.05,0.0,0.0,0.0,0.0,0.0,583124232.0,9718737.2,27781545.0,0,0.1999605171740917,0.2500986922601916,0.1863403042570015,0.0,583124232.0,276.4,0.0,0.0,0.0,0.18634030425700152,0.0,0.0,0.28707779169400216,3.402939748158382,0.0,0.0,10.13,22.8,0.0,18062807.8,22.8
2013,Intel,USA,22,logic_mature,51425,2012,INTC,idm_cpu,50.78,23.9,12.15,10.16,12.7,0.0,0.0,0.0,0.0,0.0,0.0,80.2238888888889,278.45,2.05,0.0,0.0,0.0,0.0,0.0,611167728.0,10186128.8,29387866.0,1,0.2000787672296422,0.2500984590370528,0.2392674234094639,0.0,611167728.0,276.4,0.043478260869565216,0.0,0.0,0.23926742340946391,0.0,0.0,0.28707779169400216,3.402939748158382,0.0,0.0,10.16,22.86,0.0,19201737.2,22.86
2014,Intel,USA,22,logic_mature,93744,2012,INTC,idm_cpu,50.47,16.2,8.2,10.09,12.62,0.0,0.0,0.0,0.0,0.0,0.0,3.405416666666667,4.5,2.49,0.0,0.0,0.0,0.0,0.0,671685834.0,11194763.9,31823947.0,2,0.1999207410358482,0.2500495294224384,0.1624727528735337,0.0,671685834.0,2.01,0.08695652173913043,0.0,0.0,0.16247275287353372,0.0,0.0,0.6191666666666668,0.45625650241180354,0.0,0.0,10.09,22.71,0.0,20629183.1,22.71
2015,Intel,USA,22,logic_mature,152668,2012,INTC,idm_cpu,52.71,17.6,9.29,10.54,13.18,0.0,0.0,0.0,0.0,0.0,0.0,2.605833333333333,3.38,2.0,0.0,0.0,0.0,0.0,0.0,670335722.0,11172262.033333331,30990284.0,3,0.1999620527421352,0.2500474245864651,0.1762473880431153,0.0,670335722.0,1.38,0.13043478260869565,0.0,0.0,0.17624738804311538,0.0,0.0,0.5949391171993911,0.3827131962098452,0.0,0.0,10.54,23.72,0.0,19818021.96666667,23.72
2016,Intel,USA,22,logic_mature,165055,2012,INTC,idm_cpu,61.27,21.6,13.22,12.25,15.32,0.0,0.0,0.0,0.0,0.0,0.0,2.89625,3.78,1.85,0.0,0.0,0.0,0.0,0.0,677861710.0,11297695.166666666,32073453.0,4,0.1999347119318636,0.2500407989221348,0.2157662768766725,0.0,677861710.0,1.93,0.17391304347826086,0.0,0.0,0.2157662768766725,0.0,0.0,0.6059100418410043,0.4953480911132499,0.0,0.0,12.25,27.57,0.0,20775757.833333336,27.57
2017,Intel,USA,22,logic_mature,153537,2012,INTC,idm_cpu,66.18,15.8,10.43,13.24,16.54,0.0,0.0,0.0,0.0,0.0,0.0,4.944166666666667,7.11,3.5,0.0,0.0,0.0,0.0,0.0,824441888.0,13740698.133333333,39171620.0,5,0.2000604381979383,0.2499244446974245,0.1576004811483759,0.0,824441888.0,3.61,0.21739130434782608,0.0,0.0,0.1576004811483759,0.0,0.0,0.6096383066173449,0.6073180989765876,0.0,0.0,13.24,29.78,0.0,25430921.866666667,29.78
2018,Intel,USA,22,logic_mature,147204,2012,INTC,idm_cpu,66.06,20.2,13.32,13.21,16.51,0.0,0.0,0.0,0.0,0.0,0.0,6.297499999999999,8.43,4.13,1.0,5.0,1.0,0.0,0.0,937556570.0,15625942.833333334,44840672.0,6,0.1999697214657929,0.2499243074489205,0.2016348743318971,0.0,937556570.0,4.3,0.2608695652173913,0.0,0.0,0.20163487433189714,0.0,0.0,0.6678154825026511,0.5892428914011648,5.0,1.0,13.21,29.720000000000002,0.0,29214729.166666664,29.720000000000002
2019,Intel,USA,22,logic_mature,146244,2012,INTC,idm_cpu,73.31,21.4,15.67,14.66,18.33,0.0,0.0,0.0,0.0,0.0,0.0,4.458333333333333,6.97,2.85,2.0,6.0,2.0,0.0,0.0,824613952.0,13743565.866666667,38651660.0,7,0.1999727158645107,0.2500340983490097,0.2137498265755036,0.0,824613952.0,4.119999999999999,0.30434782608695654,0.0,0.0,0.21374982657550365,0.0,0.0,0.5593893768297783,0.7548091603053434,12.0,2.0,14.66,32.989999999999995,0.0,24908094.133333333,32.989999999999995
2020,Intel,USA,22,logic_mature,146953,2012,INTC,idm_cpu,79.56,20.4,16.24,15.91,19.89,4.0,40006.0,600.1,34.0,197.75,307.5,3.8054166666666656,4.82,2.71,3.0,8.0,3.0,0.0,0.0,880778716.0,14679645.266666668,41756367.0,8,0.1999748592260575,0.2499999968577174,0.2041226721452655,0.0149998750218711,176155743.2,2.1100000000000003,0.34782608695652173,8001.2,120.02000000000001,0.20412267214526553,6723.5,0.6410048622366289,0.6538516609392896,0.4390878349085235,24.0,3.0,79.55,35.8,0.15223949916666663,27076721.733333334,35.8
2021,Intel,USA,22,logic_mature,148107,2012,INTC,idm_cpu,72.13,20.7,14.92,14.43,18.03,7.0,209085.0,3136.2000000000003,44.57142857142857,243.57142857142856,307.1428571428572,4.252083333333333,5.1,2.93,1.0,5.0,1.0,0.0,0.0,1111785028.0,18529750.466666665,52923444.0,9,0.2000554526541598,0.2499653368922038,0.2068487424532269,0.0149995695551112,138973128.5,2.1699999999999995,0.391304347826087,26135.625,392.02500000000003,0.20684874245322693,10856.326530612243,0.7904496986555398,0.6970628415300547,0.41316937723125735,5.0,1.0,115.44,32.46,0.88904684375,34393693.53333333,32.46
2022,Intel,USA,22,logic_mature,147193,2012,INTC,idm_cpu,64.11,7.9,5.06,12.82,16.03,8.0,152204.0,2283.0,43.0,236.875,290.625,80.2238888888889,278.45,2.05,4.0,9.0,4.0,0.0,0.0,1148168388.0,19136139.8,54549224.0,10,0.1999688004996287,0.2500389915763689,0.0789268432549236,0.0149995072435202,127574265.33333331,276.4,0.43478260869565216,16911.555555555555,253.66666666666666,0.07892684325492368,10185.625,0.8122588941277326,0.28707779169400216,3.402939748158382,36.0,4.0,115.38,28.85,12.210396784444447,35413084.2,28.85
2023,Intel,USA,22,logic_mature,157032,2012,INTC,idm_cpu,53.91,10.6,5.71,10.78,13.48,15.0,991098.0,23611.1,156.0,414.9333333333333,343.8,7427.86695652174,35640.01,1.38,7.0,7.428571428571429,3.0,3.0,1.0,1053770850.0,17562847.5,51618069.0,11,0.1999628974223168,0.250046368947387,0.1059172675585741,0.023823149856876,65860678.125,35638.630000000005,0.4782608695652174,61943.625,1475.69375,0.10591726755857415,64729.59999999999,1.2034029389017786,0.20840786937636557,4.797317034829,52.0,7.0,172.48,24.259999999999998,7361.744084874784,34055221.5,24.259999999999998
2024,Intel,USA,22,logic_mature,137548,2012,INTC,idm_cpu,54.42,8.8,4.8,10.88,13.61,26.0,4904042.0,109819.4,145.5,804.6923076923077,1360.7692307692307,9161.659411764706,42124.09,1.91,6.0,6.666666666666667,4.0,2.0,0.0,1261097212.0,21018286.866666667,61310821.0,12,0.1999264939374036,0.250091873390447,0.0882028649723839,0.0223936454064534,46707304.14814815,42122.17999999999,0.5217391304347826,181631.1851851852,4067.385185185185,0.08820286497238396,117082.73076923078,0.5909167937637689,0.2174869991201136,4.597156579444151,40.0,6.0,293.76000000000005,24.490000000000002,44929.16254498941,40292534.13333333,24.490000000000002
2025,Intel,USA,22,logic_mature,164436,2012,INTC,idm_cpu,57.44,9.2,5.29,11.49,14.36,30.0,4876006.0,112487.8,147.96666666666667,927.7333333333332,1270.2666666666669,11861.496,37949.43,1.8,7.0,6.857142857142857,6.0,1.0,0.0,1591280610.0,26521343.5,85348277.0,13,0.2000348154590039,0.2499999956476324,0.0920960986752072,0.0230696551502079,51331632.58064516,37947.63,0.5652173913043478,157290.51612903227,3628.6387096774192,0.09209609867520721,137273.60888888888,0.7297708322408095,0.31255234789171027,3.1989582968036405,48.0,7.0,356.19,25.85,57836.725664975995,58826933.5,25.85
2026,Intel,USA,22,logic_mature,161897,2012,INTC,idm_cpu,59.79,12.5,7.47,11.96,14.95,30.0,2935334.0,70687.7,147.96666666666667,927.7333333333332,1270.2666666666669,10463.3045,33556.33,2.09,3.0,8.0,2.0,1.0,0.0,1088320154.0,43532806.16,131937729.0,14,0.2000334470641671,0.2500418088302089,0.1249372783920843,0.0240816465582292,35107101.741935484,33554.240000000005,0.6086956521739131,94688.19354838709,2280.248387096774,0.12493727839208432,137273.60888888888,0.7297708322408095,0.31180384434637676,3.2065427759675766,24.0,3.0,370.76000000000005,26.91,30713.293451203,88404922.84,26.91
2024,Intel,ISR,7,logic_leading,0,2024,INTC,idm_cpu,54.42,8.8,4.8,10.88,13.61,26.0,4904042.0,109819.4,145.5,804.6923076923077,1360.7692307692307,9161.659411764706,42124.09,1.91,6.0,6.666666666666667,4.0,2.0,0.0,1261097212.0,21018286.866666667,61310821.0,0,0.1999264939374036,0.250091873390447,0.0882028649723839,0.0223936454064534,46707304.14814815,42122.17999999999,0.0,181631.1851851852,4067.385185185185,0.08820286497238396,117082.73076923078,0.5909167937637689,0.2174869991201136,4.597156579444151,40.0,6.0,293.76000000000005,24.490000000000002,44929.16254498941,40292534.13333333,24.490000000000002
2025,Intel,ISR,7,logic_leading,39698,2024,INTC,idm_cpu,57.44,9.2,5.29,11.49,14.36,30.0,4876006.0,112487.8,147.96666666666667,927.7333333333332,1270.2666666666669,11861.496,37949.43,1.8,7.0,6.857142857142857,6.0,1.0,0.0,1591280610.0,26521343.5,85348277.0,1,0.2000348154590039,0.2499999956476324,0.0920960986752072,0.0230696551502079,51331632.58064516,37947.63,0.125,157290.51612903227,3628.6387096774192,0.09209609867520721,137273.60888888888,0.7297708322408095,0.31255234789171027,3.1989582968036405,48.0,7.0,356.19,25.85,57836.725664975995,58826933.5,25.85
2026,Intel,ISR,7,logic_leading,47022,2024,INTC,idm_cpu,59.79,12.5,7.47,11.96,14.95,30.0,2935334.0,70687.7,147.96666666666667,927.7333333333332,1270.2666666666669,10463.3045,33556.33,2.09,3.0,8.0,2.0,1.0,0.0,1088320154.0,43532806.16,131937729.0,2,0.2000334470641671,0.2500418088302089,0.1249372783920843,0.0240816465582292,35107101.741935484,33554.240000000005,0.25,94688.19354838709,2280.248387096774,0.12493727839208432,137273.60888888888,0.7297708322408095,0.31180384434637676,3.2065427759675766,24.0,3.0,370.76000000000005,26.91,30713.293451203,88404922.84,26.91
2026,Intel,DEU,7,logic_leading,23413,2026,INTC,idm_cpu,59.79,12.5,7.47,11.96,14.95,30.0,2935334.0,70687.7,147.96666666666667,927.7333333333332,1270.2666666666669,10463.3045,33556.33,2.09,3.0,8.0,2.0,1.0,0.0,1088320154.0,43532806.16,131937729.0,0,0.2000334470641671,0.2500418088302089,0.1249372783920843,0.0240816465582292,35107101.741935484,33554.240000000005,0.0,94688.19354838709,2280.248387096774,0.12493727839208432,137273.60888888888,0.7297708322408095,0.31180384434637676,3.2065427759675766,24.0,3.0,370.76000000000005,26.91,30713.293451203,88404922.84,26.91
2020,SMIC,CHN,14,logic_mature,0,2020,0981,foundry,3.92,42.9,1.68,0.31,1.76,4.0,40006.0,600.1,34.0,197.75,307.5,3.8054166666666656,4.82,2.71,3.0,8.0,3.0,0.0,0.0,880778716.0,14679645.266666668,41756367.0,0,0.0790816124791804,0.4489794773011537,0.4285713192420103,0.0149998750218711,176155743.2,2.1100000000000003,0.0,8001.2,120.02000000000001,0.42857131924201036,6723.5,0.6410048622366289,0.6538516609392896,0.4390878349085235,24.0,3.0,1.55,2.07,0.15223949916666663,27076721.733333334,2.07
2021,SMIC,CHN,14,logic_mature,10815,2020,0981,foundry,5.52,36.4,2.01,0.44,2.48,7.0,209085.0,3136.2000000000003,44.57142857142857,243.57142857142856,307.1428571428572,4.252083333333333,5.1,2.93,1.0,5.0,1.0,0.0,0.0,1111785028.0,18529750.466666665,52923444.0,1,0.0797101304872952,0.4492752809283911,0.3641303688169621,0.0149995695551112,138973128.5,2.1699999999999995,0.06666666666666667,26135.625,392.02500000000003,0.36413036881696215,10856.326530612243,0.7904496986555398,0.6970628415300547,0.41316937723125735,5.0,1.0,3.52,2.92,0.88904684375,34393693.53333333,2.92
2022,SMIC,CHN,14,logic_mature,24320,2020,0981,foundry,7.09,37.8,2.68,0.57,3.19,8.0,152204.0,2283.0,43.0,236.875,290.625,80.2238888888889,278.45,2.05,4.0,9.0,4.0,0.0,0.0,1148168388.0,19136139.8,54549224.0,2,0.0803949110867544,0.4499294146785028,0.3779971258114068,0.0149995072435202,127574265.33333331,276.4,0.13333333333333333,16911.555555555555,253.66666666666666,0.3779971258114068,10185.625,0.8122588941277326,0.28707779169400216,3.402939748158382,36.0,4.0,5.13,3.76,12.210396784444447,35413084.2,3.76
2023,SMIC,CHN,14,logic_mature,35715,2020,0981,foundry,6.72,37.5,2.52,0.54,3.02,15.0,991098.0,23611.1,156.0,414.9333333333333,343.8,7427.86695652174,35640.01,1.38,7.0,7.428571428571429,3.0,3.0,1.0,1053770850.0,17562847.5,51618069.0,3,0.0803571308992364,0.4494046950290633,0.3749999441964369,0.023823149856876,65860678.125,35638.630000000005,0.2,61943.625,1475.69375,0.3749999441964369,64729.59999999999,1.2034029389017786,0.20840786937636557,4.797317034829,52.0,7.0,8.64,3.56,7361.744084874784,34055221.5,3.56
2024,SMIC,CHN,14,logic_mature,32300,2020,0981,foundry,8.2,37.3,3.06,0.66,3.69,26.0,4904042.0,109819.4,145.5,804.6923076923077,1360.7692307692307,9161.659411764706,42124.09,1.91,6.0,6.666666666666667,4.0,2.0,0.0,1261097212.0,21018286.866666667,61310821.0,4,0.080487795062464,0.449999945121958,0.3731706861986968,0.0223936454064534,46707304.14814815,42122.17999999999,0.26666666666666666,181631.1851851852,4067.385185185185,0.37317068619869687,117082.73076923078,0.5909167937637689,0.2174869991201136,4.597156579444151,40.0,6.0,17.82,4.35,44929.16254498941,40292534.13333333,4.35
2025,SMIC,CHN,14,logic_mature,36705,2020,0981,foundry,10.28,41.2,4.23,0.82,4.63,30.0,4876006.0,112487.8,147.96666666666667,927.7333333333332,1270.2666666666669,11861.496,37949.43,1.8,7.0,6.857142857142857,6.0,1.0,0.0,1591280610.0,26521343.5,85348277.0,5,0.0797665292055905,0.4503890612462003,0.4114785591946928,0.0230696551502079,51331632.58064516,37947.63,0.3333333333333333,157290.51612903227,3628.6387096774192,0.4114785591946928,137273.60888888888,0.7297708322408095,0.31255234789171027,3.1989582968036405,48.0,7.0,25.419999999999998,5.45,57836.725664975995,58826933.5,5.45
2026,SMIC,CHN,14,logic_mature,39208,2020,0981,foundry,11.94,39.9,4.76,0.96,5.37,30.0,2935334.0,70687.7,147.96666666666667,927.7333333333332,1270.2666666666669,10463.3045,33556.33,2.09,3.0,8.0,2.0,1.0,0.0,1088320154.0,43532806.16,131937729.0,6,0.0804020033164151,0.4497487060511972,0.3986599331105583,0.0240816465582292,35107101.741935484,33554.240000000005,0.4,94688.19354838709,2280.248387096774,0.39865993311055836,137273.60888888888,0.7297708322408095,0.31180384434637676,3.2065427759675766,24.0,3.0,29.759999999999998,6.33,30713.293451203,88404922.84,6.33
2016,SMIC,CHN,28,logic_mature,0,2016,0981,foundry,2.68,40.5,1.09,0.21,1.21,0.0,0.0,0.0,0.0,0.0,0.0,2.89625,3.78,1.85,0.0,0.0,0.0,0.0,0.0,677861710.0,11297695.166666666,32073453.0,0,0.0783581797170971,0.451492368846131,0.4067162661506469,0.0,677861710.0,1.93,0.0,0.0,0.0,0.40671626615064693,0.0,0.0,0.6059100418410043,0.4953480911132499,0.0,0.0,0.21,1.42,0.0,20775757.833333336,1.42
2017,SMIC,CHN,28,logic_mature,20178,2016,0981,foundry,2.99,36.9,1.1,0.24,1.34,0.0,0.0,0.0,0.0,0.0,0.0,4.944166666666667,7.11,3.5,0.0,0.0,0.0,0.0,0.0,824441888.0,13740698.133333333,39171620.0,1,0.0802675316830997,0.4481603852306404,0.3678928535475406,0.0,824441888.0,3.61,0.034482758620689655,0.0,0.0,0.3678928535475406,0.0,0.0,0.6096383066173449,0.6073180989765876,0.0,0.0,0.24,1.58,0.0,25430921.866666667,1.58
2018,SMIC,CHN,28,logic_mature,40586,2016,0981,foundry,3.23,38.5,1.25,0.26,1.46,0.0,0.0,0.0,0.0,0.0,0.0,6.297499999999999,8.43,4.13,1.0,5.0,1.0,0.0,0.0,937556570.0,15625942.833333334,44840672.0,2,0.0804953311159965,0.4520122439590576,0.3869967842115219,0.0,937556570.0,4.3,0.06896551724137931,0.0,0.0,0.3869967842115219,0.0,0.0,0.6678154825026511,0.5892428914011648,5.0,1.0,0.26,1.72,0.0,29214729.166666664,1.72
2019,SMIC,CHN,28,logic_mature,64587,2016,0981,foundry,3.64,45.3,1.65,0.29,1.64,0.0,0.0,0.0,0.0,0.0,0.0,4.458333333333333,6.97,2.85,2.0,6.0,2.0,0.0,0.0,824613952.0,13743565.866666667,38651660.0,3,0.0796703077828824,0.4505493267721629,0.4532965787646761,0.0,824613952.0,4.119999999999999,0.10344827586206896,0.0,0.0,0.4532965787646761,0.0,0.0,0.5593893768297783,0.7548091603053434,12.0,2.0,0.29,1.93,0.0,24908094.133333333,1.93
2020,SMIC,CHN,28,logic_mature,63793,2016,0981,foundry,3.92,42.9,1.68,0.31,1.76,4.0,40006.0,600.1,34.0,197.75,307.5,3.8054166666666656,4.82,2.71,3.0,8.0,3.0,0.0,0.0,880778716.0,14679645.266666668,41756367.0,4,0.0790816124791804,0.4489794773011537,0.4285713192420103,0.0149998750218711,176155743.2,2.1100000000000003,0.13793103448275862,8001.2,120.02000000000001,0.42857131924201036,6723.5,0.6410048622366289,0.6538516609392896,0.4390878349085235,24.0,3.0,1.55,2.07,0.15223949916666663,27076721.733333334,2.07
2021,SMIC,CHN,28,logic_mature,51986,2016,0981,foundry,5.52,36.4,2.01,0.44,2.48,7.0,209085.0,3136.2000000000003,44.57142857142857,243.57142857142856,307.1428571428572,4.252083333333333,5.1,2.93,1.0,5.0,1.0,0.0,0.0,1111785028.0,18529750.466666665,52923444.0,5,0.0797101304872952,0.4492752809283911,0.3641303688169621,0.0149995695551112,138973128.5,2.1699999999999995,0.1724137931034483,26135.625,392.02500000000003,0.36413036881696215,10856.326530612243,0.7904496986555398,0.6970628415300547,0.41316937723125735,5.0,1.0,3.52,2.92,0.88904684375,34393693.53333333,2.92
2022,SMIC,CHN,28,logic_mature,59055,2016,0981,foundry,7.09,37.8,2.68,0.57,3.19,8.0,152204.0,2283.0,43.0,236.875,290.625,80.2238888888889,278.45,2.05,4.0,9.0,4.0,0.0,0.0,1148168388.0,19136139.8,54549224.0,6,0.0803949110867544,0.4499294146785028,0.3779971258114068,0.0149995072435202,127574265.33333331,276.4,0.20689655172413793,16911.555555555555,253.66666666666666,0.3779971258114068,10185.625,0.8122588941277326,0.28707779169400216,3.402939748158382,36.0,4.0,5.13,3.76,12.210396784444447,35413084.2,3.76
2023,SMIC,CHN,28,logic_mature,59508,2016,0981,foundry,6.72,37.5,2.52,0.54,3.02,15.0,991098.0,23611.1,156.0,414.9333333333333,343.8,7427.86695652174,35640.01,1.38,7.0,7.428571428571429,3.0,3.0,1.0,1053770850.0,17562847.5,51618069.0,7,0.0803571308992364,0.4494046950290633,0.3749999441964369,0.023823149856876,65860678.125,35638.630000000005,0.2413793103448276,61943.625,1475.69375,0.3749999441964369,64729.59999999999,1.2034029389017786,0.20840786937636557,4.797317034829,52.0,7.0,8.64,3.56,7361.744084874784,34055221.5,3.56
2024,SMIC,CHN,28,logic_mature,54967,2016,0981,foundry,8.2,37.3,3.06,0.66,3.69,26.0,4904042.0,109819.4,145.5,804.6923076923077,1360.7692307692307,9161.659411764706,42124.09,1.91,6.0,6.666666666666667,4.0,2.0,0.0,1261097212.0,21018286.866666667,61310821.0,8,0.080487795062464,0.449999945121958,0.3731706861986968,0.0223936454064534,46707304.14814815,42122.17999999999,0.27586206896551724,181631.1851851852,4067.385185185185,0.37317068619869687,117082.73076923078,0.5909167937637689,0.2174869991201136,4.597156579444151,40.0,6.0,17.82,4.35,44929.16254498941,40292534.13333333,4.35
2025,SMIC,CHN,28,logic_mature,63297,2016,0981,foundry,10.28,41.2,4.23,0.82,4.63,30.0,4876006.0,112487.8,147.96666666666667,927.7333333333332,1270.2666666666669,11861.496,37949.43,1.8,7.0,6.857142857142857,6.0,1.0,0.0,1591280610.0,26521343.5,85348277.0,9,0.0797665292055905,0.4503890612462003,0.4114785591946928,0.0230696551502079,51331632.58064516,37947.63,0.3103448275862069,157290.51612903227,3628.6387096774192,0.4114785591946928,137273.60888888888,0.7297708322408095,0.31255234789171027,3.1989582968036405,48.0,7.0,25.419999999999998,5.45,57836.725664975995,58826933.5,5.45
2026,SMIC,CHN,28,logic_mature,70252,2016,0981,foundry,11.94,39.9,4.76,0.96,5.37,30.0,2935334.0,70687.7,147.96666666666667,927.7333333333332,1270.2666666666669,10463.3045,33556.33,2.09,3.0,8.0,2.0,1.0,0.0,1088320154.0,43532806.16,131937729.0,10,0.0804020033164151,0.4497487060511972,0.3986599331105583,0.0240816465582292,35107101.741935484,33554.240000000005,0.3448275862068966,94688.19354838709,2280.248387096774,0.39865993311055836,137273.60888888888,0.7297708322408095,0.31180384434637676,3.2065427759675766,24.0,3.0,29.759999999999998,6.33,30713.293451203,88404922.84,6.33
2023,SMIC,CHN,7,logic_leading,0,2023,0981,foundry,6.72,37.5,2.52,0.54,3.02,15.0,991098.0,23611.1,156.0,414.9333333333333,343.8,7427.86695652174,35640.01,1.38,7.0,7.428571428571429,3.0,3.0,1.0,1053770850.0,17562847.5,51618069.0,0,0.0803571308992364,0.4494046950290633,0.3749999441964369,0.023823149856876,65860678.125,35638.630000000005,0.0,61943.625,1475.69375,0.3749999441964369,64729.59999999999,1.2034029389017786,0.20840786937636557,4.797317034829,52.0,7.0,8.64,3.56,7361.744084874784,34055221.5,3.56
2024,SMIC,CHN,7,logic_leading,5084,2023,0981,foundry,8.2,37.3,3.06,0.66,3.69,26.0,4904042.0,109819.4,145.5,804.6923076923077,1360.7692307692307,9161.659411764706,42124.09,1.91,6.0,6.666666666666667,4.0,2.0,0.0,1261097212.0,21018286.866666667,61310821.0,1,0.080487795062464,0.449999945121958,0.3731706861986968,0.0223936454064534,46707304.14814815,42122.17999999999,0.125,181631.1851851852,4067.385185185185,0.37317068619869687,117082.73076923078,0.5909167937637689,0.2174869991201136,4.597156579444151,40.0,6.0,17.82,4.35,44929.16254498941,40292534.13333333,4.35
2025,SMIC,CHN,7,logic_leading,15045,2023,0981,foundry,10.28,41.2,4.23,0.82,4.63,30.0,4876006.0,112487.8,147.96666666666667,927.7333333333332,1270.2666666666669,11861.496,37949.43,1.8,7.0,6.857142857142857,6.0,1.0,0.0,1591280610.0,26521343.5,85348277.0,2,0.0797665292055905,0.4503890612462003,0.4114785591946928,0.0230696551502079,51331632.58064516,37947.63,0.25,157290.51612903227,3628.6387096774192,0.4114785591946928,137273.60888888888,0.7297708322408095,0.31255234789171027,3.1989582968036405,48.0,7.0,25.419999999999998,5.45,57836.725664975995,58826933.5,5.45
2026,SMIC,CHN,7,logic_leading,15954,2023,0981,foundry,11.94,39.9,4.76,0.96,5.37,30.0,2935334.0,70687.7,147.96666666666667,927.7333333333332,1270.2666666666669,10463.3045,33556.33,2.09,3.0,8.0,2.0,1.0,0.0,1088320154.0,43532806.16,131937729.0,3,0.0804020033164151,0.4497487060511972,0.3986599331105583,0.0240816465582292,35107101.741935484,33554.240000000005,0.375,94688.19354838709,2280.248387096774,0.39865993311055836,137273.60888888888,0.7297708322408095,0.31180384434637676,3.2065427759675766,24.0,3.0,29.759999999999998,6.33,30713.293451203,88404922.84,6.33
2014,GlobalFoundries,USA,14,logic_mature,0,2014,GFS,foundry,4.64,40.5,1.88,0.37,2.09,0.0,0.0,0.0,0.0,0.0,0.0,3.405416666666667,4.5,2.49,0.0,0.0,0.0,0.0,0.0,671685834.0,11194763.9,31823947.0,0,0.0797413621247064,0.4504309374071255,0.4051723264714814,0.0,671685834.0,2.01,0.0,0.0,0.0,0.4051723264714814,0.0,0.0,0.6191666666666668,0.45625650241180354,0.0,0.0,0.37,2.46,0.0,20629183.1,2.46
2015,GlobalFoundries,USA,14,logic_mature,9732,2014,GFS,foundry,5.09,39.1,1.99,0.41,2.29,0.0,0.0,0.0,0.0,0.0,0.0,2.605833333333333,3.38,2.0,0.0,0.0,0.0,0.0,0.0,670335722.0,11172262.033333331,30990284.0,1,0.0805500824066635,0.44990167978356,0.3909625950957573,0.0,670335722.0,1.38,0.06666666666666667,0.0,0.0,0.39096259509575737,0.0,0.0,0.5949391171993911,0.3827131962098452,0.0,0.0,0.41,2.7,0.0,19818021.96666667,2.7
2016,GlobalFoundries,USA,14,logic_mature,20467,2014,GFS,foundry,5.47,38.0,2.08,0.44,2.46,0.0,0.0,0.0,0.0,0.0,0.0,2.89625,3.78,1.85,0.0,0.0,0.0,0.0,0.0,677861710.0,11297695.166666666,32073453.0,2,0.0804387421501385,0.4497256947485019,0.3802558719824731,0.0,677861710.0,1.93,0.13333333333333333,0.0,0.0,0.3802558719824731,0.0,0.0,0.6059100418410043,0.4953480911132499,0.0,0.0,0.44,2.9,0.0,20775757.833333336,2.9
2017,GlobalFoundries,USA,14,logic_mature,27320,2014,GFS,foundry,5.74,38.9,2.23,0.46,2.58,0.0,0.0,0.0,0.0,0.0,0.0,4.944166666666667,7.11,3.5,0.0,0.0,0.0,0.0,0.0,824441888.0,13740698.133333333,39171620.0,3,0.0801393588607388,0.449477273610231,0.3885016744770602,0.0,824441888.0,3.61,0.2,0.0,0.0,0.3885016744770602,0.0,0.0,0.6096383066173449,0.6073180989765876,0.0,0.0,0.46,3.04,0.0,25430921.866666667,3.04
2018,GlobalFoundries,USA,14,logic_mature,32927,2014,GFS,foundry,5.98,41.5,2.48,0.48,2.69,0.0,0.0,0.0,0.0,0.0,0.0,6.297499999999999,8.43,4.13,1.0,5.0,1.0,0.0,0.0,937556570.0,15625942.833333334,44840672.0,4,0.0802675451057616,0.4498327006968727,0.414715649713102,0.0,937556570.0,4.3,0.26666666666666666,0.0,0.0,0.414715649713102,0.0,0.0,0.6678154825026511,0.5892428914011648,5.0,1.0,0.48,3.17,0.0,29214729.166666664,3.17
2019,GlobalFoundries,USA,14,logic_mature,30917,2014,GFS,foundry,5.47,40.0,2.19,0.44,2.46,0.0,0.0,0.0,0.0,0.0,0.0,4.458333333333333,6.97,2.85,2.0,6.0,2.0,0.0,0.0,824613952.0,13743565.866666667,38651660.0,5,0.0804387421501385,0.4497256947485019,0.4003655575200077,0.0,824613952.0,4.119999999999999,0.3333333333333333,0.0,0.0,0.40036555752000774,0.0,0.0,0.5593893768297783,0.7548091603053434,12.0,2.0,0.44,2.9,0.0,24908094.133333333,2.9
2020,GlobalFoundries,USA,14,logic_mature,29727,2014,GFS,foundry,4.97,41.3,2.06,0.4,2.24,4.0,40006.0,600.1,34.0,197.75,307.5,3.8054166666666656,4.82,2.71,3.0,8.0,3.0,0.0,0.0,880778716.0,14679645.266666668,41756367.0,6,0.0804828811905671,0.4507041346671762,0.4144868381314209,0.0149998750218711,176155743.2,2.1100000000000003,0.4,8001.2,120.02000000000001,0.4144868381314209,6723.5,0.6410048622366289,0.6538516609392896,0.4390878349085235,24.0,3.0,2.0,2.64,0.15223949916666663,27076721.733333334,2.64
2021,GlobalFoundries,USA,14,logic_mature,30875,2014,GFS,foundry,6.63,39.7,2.63,0.53,2.98,7.0,209085.0,3136.2000000000003,44.57142857142857,243.57142857142856,307.1428571428572,4.252083333333333,5.1,2.93,1.0,5.0,1.0,0.0,0.0,1111785028.0,18529750.466666665,52923444.0,7,0.0799396561176989,0.4494720287372505,0.3966816897916003,0.0149995695551112,138973128.5,2.1699999999999995,0.4666666666666667,26135.625,392.02500000000003,0.3966816897916003,10856.326530612243,0.7904496986555398,0.6970628415300547,0.41316937723125735,5.0,1.0,4.24,3.51,0.88904684375,34393693.53333333,3.51
2022,GlobalFoundries,USA,14,logic_mature,27958,2014,GFS,foundry,8.0,39.8,3.18,0.64,3.6,8.0,152204.0,2283.0,43.0,236.875,290.625,80.2238888888889,278.45,2.05,4.0,9.0,4.0,0.0,0.0,1148168388.0,19136139.8,54549224.0,8,0.0799999900000012,0.449999943750007,0.3974999503125063,0.0149995072435202,127574265.33333331,276.4,0.5333333333333333,16911.555555555555,253.66666666666666,0.3974999503125063,10185.625,0.8122588941277326,0.28707779169400216,3.402939748158382,36.0,4.0,5.76,4.24,12.210396784444447,35413084.2,4.24
2023,GlobalFoundries,USA,14,logic_mature,31827,2014,GFS,foundry,7.03,35.7,2.51,0.56,3.17,15.0,991098.0,23611.1,156.0,414.9333333333333,343.8,7427.86695652174,35640.01,1.38,7.0,7.428571428571429,3.0,3.0,1.0,1053770850.0,17562847.5,51618069.0,9,0.0796585946431586,0.4509245446764516,0.3570412009898718,0.023823149856876,65860678.125,35638.630000000005,0.6,61943.625,1475.69375,0.3570412009898718,64729.59999999999,1.2034029389017786,0.20840786937636557,4.797317034829,52.0,7.0,8.96,3.73,7361.744084874784,34055221.5,3.73
2024,GlobalFoundries,USA,14,logic_mature,29517,2014,GFS,foundry,6.54,37.0,2.42,0.52,2.94,26.0,4904042.0,109819.4,145.5,804.6923076923077,1360.7692307692307,9161.659411764706,42124.09,1.91,6.0,6.666666666666667,4.0,2.0,0.0,1261097212.0,21018286.866666667,61310821.0,10,0.0795106912063163,0.4495412156664807,0.3700305244601644,0.0223936454064534,46707304.14814815,42122.17999999999,0.6666666666666666,181631.1851851852,4067.385185185185,0.37003052446016443,117082.73076923078,0.5909167937637689,0.2174869991201136,4.597156579444151,40.0,6.0,14.040000000000001,3.46,44929.16254498941,40292534.13333333,3.46
2025,GlobalFoundries,USA,14,logic_mature,31180,2014,GFS,foundry,7.24,37.3,2.7,0.58,3.26,30.0,4876006.0,112487.8,147.96666666666667,927.7333333333332,1270.2666666666669,11861.496,37949.43,1.8,7.0,6.857142857142857,6.0,1.0,0.0,1591280610.0,26521343.5,85348277.0,11,0.0801104861725847,0.4502761809010799,0.3729281252861705,0.0230696551502079,51331632.58064516,37947.63,0.7333333333333333,157290.51612903227,3628.6387096774192,0.37292812528617053,137273.60888888888,0.7297708322408095,0.31255234789171027,3.1989582968036405,48.0,7.0,17.98,3.84,57836.725664975995,58826933.5,3.84
2026,GlobalFoundries,USA,14,logic_mature,32198,2014,GFS,foundry,7.42,43.9,3.26,0.59,3.34,30.0,2935334.0,70687.7,147.96666666666667,927.7333333333332,1270.2666666666669,10463.3045,33556.33,2.09,3.0,8.0,2.0,1.0,0.0,1088320154.0,43532806.16,131937729.0,12,0.0795148140815614,0.4501347102244326,0.4393530405184581,0.0240816465582292,35107101.741935484,33554.240000000005,0.8,94688.19354838709,2280.248387096774,0.43935304051845814,137273.60888888888,0.7297708322408095,0.31180384434637676,3.2065427759675766,24.0,3.0,18.29,3.9299999999999997,30713.293451203,88404922.84,3.9299999999999997
2018,GlobalFoundries,DEU,22,logic_mature,0,2018,GFS,foundry,5.98,41.5,2.48,0.48,2.69,0.0,0.0,0.0,0.0,0.0,0.0,6.297499999999999,8.43,4.13,1.0,5.0,1.0,0.0,0.0,937556570.0,15625942.833333334,44840672.0,0,0.0802675451057616,0.4498327006968727,0.414715649713102,0.0,937556570.0,4.3,0.0,0.0,0.0,0.414715649713102,0.0,0.0,0.6678154825026511,0.5892428914011648,5.0,1.0,0.48,3.17,0.0,29214729.166666664,3.17
2019,GlobalFoundries,DEU,22,logic_mature,17255,2018,GFS,foundry,5.47,40.0,2.19,0.44,2.46,0.0,0.0,0.0,0.0,0.0,0.0,4.458333333333333,6.97,2.85,2.0,6.0,2.0,0.0,0.0,824613952.0,13743565.866666667,38651660.0,1,0.0804387421501385,0.4497256947485019,0.4003655575200077,0.0,824613952.0,4.119999999999999,0.043478260869565216,0.0,0.0,0.40036555752000774,0.0,0.0,0.5593893768297783,0.7548091603053434,12.0,2.0,0.44,2.9,0.0,24908094.133333333,2.9
2020,GlobalFoundries,DEU,22,logic_mature,33762,2018,GFS,foundry,4.97,41.3,2.06,0.4,2.24,4.0,40006.0,600.1,34.0,197.75,307.5,3.8054166666666656,4.82,2.71,3.0,8.0,3.0,0.0,0.0,880778716.0,14679645.266666668,41756367.0,2,0.0804828811905671,0.4507041346671762,0.4144868381314209,0.0149998750218711,176155743.2,2.1100000000000003,0.08695652173913043,8001.2,120.02000000000001,0.4144868381314209,6723.5,0.6410048622366289,0.6538516609392896,0.4390878349085235,24.0,3.0,2.0,2.64,0.15223949916666663,27076721.733333334,2.64
2021,GlobalFoundries,DEU,22,logic_mature,51656,2018,GFS,foundry,6.63,39.7,2.63,0.53,2.98,7.0,209085.0,3136.2000000000003,44.57142857142857,243.57142857142856,307.1428571428572,4.252083333333333,5.1,2.93,1.0,5.0,1.0,0.0,0.0,1111785028.0,18529750.466666665,52923444.0,3,0.0799396561176989,0.4494720287372505,0.3966816897916003,0.0149995695551112,138973128.5,2.1699999999999995,0.13043478260869565,26135.625,392.02500000000003,0.3966816897916003,10856.326530612243,0.7904496986555398,0.6970628415300547,0.41316937723125735,5.0,1.0,4.24,3.51,0.88904684375,34393693.53333333,3.51
2022,GlobalFoundries,DEU,22,logic_mature,49978,2018,GFS,foundry,8.0,39.8,3.18,0.64,3.6,8.0,152204.0,2283.0,43.0,236.875,290.625,80.2238888888889,278.45,2.05,4.0,9.0,4.0,0.0,0.0,1148168388.0,19136139.8,54549224.0,4,0.0799999900000012,0.449999943750007,0.3974999503125063,0.0149995072435202,127574265.33333331,276.4,0.17391304347826086,16911.555555555555,253.66666666666666,0.3974999503125063,10185.625,0.8122588941277326,0.28707779169400216,3.402939748158382,36.0,4.0,5.76,4.24,12.210396784444447,35413084.2,4.24
2023,GlobalFoundries,DEU,22,logic_mature,51299,2018,GFS,foundry,7.03,35.7,2.51,0.56,3.17,15.0,991098.0,23611.1,156.0,414.9333333333333,343.8,7427.86695652174,35640.01,1.38,7.0,7.428571428571429,3.0,3.0,1.0,1053770850.0,17562847.5,51618069.0,5,0.0796585946431586,0.4509245446764516,0.3570412009898718,0.023823149856876,65860678.125,35638.630000000005,0.21739130434782608,61943.625,1475.69375,0.3570412009898718,64729.59999999999,1.2034029389017786,0.20840786937636557,4.797317034829,52.0,7.0,8.96,3.73,7361.744084874784,34055221.5,3.73
2024,GlobalFoundries,DEU,22,logic_mature,48963,2018,GFS,foundry,6.54,37.0,2.42,0.52,2.94,26.0,4904042.0,109819.4,145.5,804.6923076923077,1360.7692307692307,9161.659411764706,42124.09,1.91,6.0,6.666666666666667,4.0,2.0,0.0,1261097212.0,21018286.866666667,61310821.0,6,0.0795106912063163,0.4495412156664807,0.3700305244601644,0.0223936454064534,46707304.14814815,42122.17999999999,0.2608695652173913,181631.1851851852,4067.385185185185,0.37003052446016443,117082.73076923078,0.5909167937637689,0.2174869991201136,4.597156579444151,40.0,6.0,14.040000000000001,3.46,44929.16254498941,40292534.13333333,3.46
2025,GlobalFoundries,DEU,22,logic_mature,58691,2018,GFS,foundry,7.24,37.3,2.7,0.58,3.26,30.0,4876006.0,112487.8,147.96666666666667,927.7333333333332,1270.2666666666669,11861.496,37949.43,1.8,7.0,6.857142857142857,6.0,1.0,0.0,1591280610.0,26521343.5,85348277.0,7,0.0801104861725847,0.4502761809010799,0.3729281252861705,0.0230696551502079,51331632.58064516,37947.63,0.30434782608695654,157290.51612903227,3628.6387096774192,0.37292812528617053,137273.60888888888,0.7297708322408095,0.31255234789171027,3.1989582968036405,48.0,7.0,17.98,3.84,57836.725664975995,58826933.5,3.84
2026,GlobalFoundries,DEU,22,logic_mature,50852,2018,GFS,foundry,7.42,43.9,3.26,0.59,3.34,30.0,2935334.0,70687.7,147.96666666666667,927.7333333333332,1270.2666666666669,10463.3045,33556.33,2.09,3.0,8.0,2.0,1.0,0.0,1088320154.0,43532806.16,131937729.0,8,0.0795148140815614,0.4501347102244326,0.4393530405184581,0.0240816465582292,35107101.741935484,33554.240000000005,0.34782608695652173,94688.19354838709,2280.248387096774,0.43935304051845814,137273.60888888888,0.7297708322408095,0.31180384434637676,3.2065427759675766,24.0,3.0,18.29,3.9299999999999997,30713.293451203,88404922.84,3.9299999999999997
2020,GlobalFoundries,USA,12,logic_mature,0,2020,GFS,foundry,4.97,41.3,2.06,0.4,2.24,4.0,40006.0,600.1,34.0,197.75,307.5,3.8054166666666656,4.82,2.71,3.0,8.0,3.0,0.0,0.0,880778716.0,14679645.266666668,41756367.0,0,0.0804828811905671,0.4507041346671762,0.4144868381314209,0.0149998750218711,176155743.2,2.1100000000000003,0.0,8001.2,120.02000000000001,0.4144868381314209,6723.5,0.6410048622366289,0.6538516609392896,0.4390878349085235,24.0,3.0,2.0,2.64,0.15223949916666663,27076721.733333334,2.64
2021,GlobalFoundries,USA,12,logic_mature,12492,2020,GFS,foundry,6.63,39.7,2.63,0.53,2.98,7.0,209085.0,3136.2000000000003,44.57142857142857,243.57142857142856,307.1428571428572,4.252083333333333,5.1,2.93,1.0,5.0,1.0,0.0,0.0,1111785028.0,18529750.466666665,52923444.0,1,0.0799396561176989,0.4494720287372505,0.3966816897916003,0.0149995695551112,138973128.5,2.1699999999999995,0.07692307692307693,26135.625,392.02500000000003,0.3966816897916003,10856.326530612243,0.7904496986555398,0.6970628415300547,0.41316937723125735,5.0,1.0,4.24,3.51,0.88904684375,34393693.53333333,3.51
2022,GlobalFoundries,USA,12,logic_mature,22360,2020,GFS,foundry,8.0,39.8,3.18,0.64,3.6,8.0,152204.0,2283.0,43.0,236.875,290.625,80.2238888888889,278.45,2.05,4.0,9.0,4.0,0.0,0.0,1148168388.0,19136139.8,54549224.0,2,0.0799999900000012,0.449999943750007,0.3974999503125063,0.0149995072435202,127574265.33333331,276.4,0.15384615384615385,16911.555555555555,253.66666666666666,0.3974999503125063,10185.625,0.8122588941277326,0.28707779169400216,3.402939748158382,36.0,4.0,5.76,4.24,12.210396784444447,35413084.2,4.24
2023,GlobalFoundries,USA,12,logic_mature,39126,2020,GFS,foundry,7.03,35.7,2.51,0.56,3.17,15.0,991098.0,23611.1,156.0,414.9333333333333,343.8,7427.86695652174,35640.01,1.38,7.0,7.428571428571429,3.0,3.0,1.0,1053770850.0,17562847.5,51618069.0,3,0.0796585946431586,0.4509245446764516,0.3570412009898718,0.023823149856876,65860678.125,35638.630000000005,0.23076923076923078,61943.625,1475.69375,0.3570412009898718,64729.59999999999,1.2034029389017786,0.20840786937636557,4.797317034829,52.0,7.0,8.96,3.73,7361.744084874784,34055221.5,3.73
2024,GlobalFoundries,USA,12,logic_mature,36786,2020,GFS,foundry,6.54,37.0,2.42,0.52,2.94,26.0,4904042.0,109819.4,145.5,804.6923076923077,1360.7692307692307,9161.659411764706,42124.09,1.91,6.0,6.666666666666667,4.0,2.0,0.0,1261097212.0,21018286.866666667,61310821.0,4,0.0795106912063163,0.4495412156664807,0.3700305244601644,0.0223936454064534,46707304.14814815,42122.17999999999,0.3076923076923077,181631.1851851852,4067.385185185185,0.37003052446016443,117082.73076923078,0.5909167937637689,0.2174869991201136,4.597156579444151,40.0,6.0,14.040000000000001,3.46,44929.16254498941,40292534.13333333,3.46
2025,GlobalFoundries,USA,12,logic_mature,38578,2020,GFS,foundry,7.24,37.3,2.7,0.58,3.26,30.0,4876006.0,112487.8,147.96666666666667,927.7333333333332,1270.2666666666669,11861.496,37949.43,1.8,7.0,6.857142857142857,6.0,1.0,0.0,1591280610.0,26521343.5,85348277.0,5,0.0801104861725847,0.4502761809010799,0.3729281252861705,0.0230696551502079,51331632.58064516,37947.63,0.38461538461538464,157290.51612903227,3628.6387096774192,0.37292812528617053,137273.60888888888,0.7297708322408095,0.31255234789171027,3.1989582968036405,48.0,7.0,17.98,3.84,57836.725664975995,58826933.5,3.84
2026,GlobalFoundries,USA,12,logic_mature,38553,2020,GFS,foundry,7.42,43.9,3.26,0.59,3.34,30.0,2935334.0,70687.7,147.96666666666667,927.7333333333332,1270.2666666666669,10463.3045,33556.33,2.09,3.0,8.0,2.0,1.0,0.0,1088320154.0,43532806.16,131937729.0,6,0.0795148140815614,0.4501347102244326,0.4393530405184581,0.0240816465582292,35107101.741935484,33554.240000000005,0.46153846153846156,94688.19354838709,2280.248387096774,0.43935304051845814,137273.60888888888,0.7297708322408095,0.31180384434637676,3.2065427759675766,24.0,3.0,18.29,3.9299999999999997,30713.293451203,88404922.84,3.9299999999999997
2013,UMC,TWN,28,logic_mature,0,2013,UMC,foundry,4.64,34.8,1.61,0.37,2.09,0.0,0.0,0.0,0.0,0.0,0.0,80.2238888888889,278.45,2.05,0.0,0.0,0.0,0.0,0.0,611167728.0,10186128.8,29387866.0,0,0.0797413621247064,0.4504309374071255,0.3469826838399388,0.0,611167728.0,276.4,0.0,0.0,0.0,0.34698268383993885,0.0,0.0,0.28707779169400216,3.402939748158382,0.0,0.0,0.37,2.46,0.0,19201737.2,2.46
2014,UMC,TWN,28,logic_mature,32986,2013,UMC,foundry,4.62,40.7,1.88,0.37,2.08,0.0,0.0,0.0,0.0,0.0,0.0,3.405416666666667,4.5,2.49,0.0,0.0,0.0,0.0,0.0,671685834.0,11194763.9,31823947.0,1,0.0800865627518262,0.4502163527670232,0.4069263188471171,0.0,671685834.0,2.01,0.034482758620689655,0.0,0.0,0.4069263188471171,0.0,0.0,0.6191666666666668,0.45625650241180354,0.0,0.0,0.37,2.45,0.0,20629183.1,2.45
2015,UMC,TWN,28,logic_mature,67981,2013,UMC,foundry,4.52,35.7,1.61,0.36,2.03,0.0,0.0,0.0,0.0,0.0,0.0,2.605833333333333,3.38,2.0,0.0,0.0,0.0,0.0,0.0,670335722.0,11172262.033333331,30990284.0,2,0.0796460000783185,0.4491149448860741,0.3561946114613692,0.0,670335722.0,1.38,0.06896551724137931,0.0,0.0,0.3561946114613692,0.0,0.0,0.5949391171993911,0.3827131962098452,0.0,0.0,0.36,2.3899999999999997,0.0,19818021.96666667,2.3899999999999997
2016,UMC,TWN,28,logic_mature,107257,2013,UMC,foundry,4.71,38.4,1.81,0.38,2.12,0.0,0.0,0.0,0.0,0.0,0.0,2.89625,3.78,1.85,0.0,0.0,0.0,0.0,0.0,677861710.0,11297695.166666666,32073453.0,3,0.080679388390788,0.4501060615486069,0.3842886657561219,0.0,677861710.0,1.93,0.10344827586206896,0.0,0.0,0.3842886657561219,0.0,0.0,0.6059100418410043,0.4953480911132499,0.0,0.0,0.38,2.5,0.0,20775757.833333336,2.5
2017,UMC,TWN,28,logic_mature,100910,2013,UMC,foundry,4.83,40.1,1.94,0.39,2.18,0.0,0.0,0.0,0.0,0.0,0.0,4.944166666666667,7.11,3.5,0.0,0.0,0.0,0.0,0.0,824441888.0,13740698.133333333,39171620.0,4,0.0807453248974482,0.4513456622472749,0.4016562315411529,0.0,824441888.0,3.61,0.13793103448275862,0.0,0.0,0.4016562315411529,0.0,0.0,0.6096383066173449,0.6073180989765876,0.0,0.0,0.39,2.5700000000000003,0.0,25430921.866666667,2.5700000000000003
2018,UMC,TWN,28,logic_mature,95545,2013,UMC,foundry,5.14,39.3,2.02,0.41,2.31,0.0,0.0,0.0,0.0,0.0,0.0,6.297499999999999,8.43,4.13,1.0,5.0,1.0,0.0,0.0,937556570.0,15625942.833333334,44840672.0,5,0.079766521446202,0.4494162549773823,0.3929960324910442,0.0,937556570.0,4.3,0.1724137931034483,0.0,0.0,0.39299603249104426,0.0,0.0,0.6678154825026511,0.5892428914011648,5.0,1.0,0.41,2.72,0.0,29214729.166666664,2.72
2019,UMC,TWN,28,logic_mature,104208,2013,UMC,foundry,5.29,40.5,2.14,0.42,2.38,0.0,0.0,0.0,0.0,0.0,0.0,4.458333333333333,6.97,2.85,2.0,6.0,2.0,0.0,0.0,824613952.0,13743565.866666667,38651660.0,6,0.0793950700576427,0.4499053969933086,0.4045367855317985,0.0,824613952.0,4.119999999999999,0.20689655172413793,0.0,0.0,0.40453678553179856,0.0,0.0,0.5593893768297783,0.7548091603053434,12.0,2.0,0.42,2.8,0.0,24908094.133333333,2.8
2020,UMC,TWN,28,logic_mature,104713,2013,UMC,foundry,6.04,44.1,2.66,0.48,2.72,4.0,40006.0,600.1,34.0,197.75,307.5,3.8054166666666656,4.82,2.71,3.0,8.0,3.0,0.0,0.0,880778716.0,14679645.266666668,41756367.0,7,0.0794701855181812,0.4503310512696935,0.4403972780799208,0.0149998750218711,176155743.2,2.1100000000000003,0.2413793103448276,8001.2,120.02000000000001,0.44039727807992085,6723.5,0.6410048622366289,0.6538516609392896,0.4390878349085235,24.0,3.0,2.4,3.2,0.15223949916666663,27076721.733333334,3.2
2021,UMC,TWN,28,logic_mature,103327,2013,UMC,foundry,7.69,41.1,3.16,0.62,3.46,7.0,209085.0,3136.2000000000003,44.57142857142857,243.57142857142856,307.1428571428572,4.252083333333333,5.1,2.93,1.0,5.0,1.0,0.0,0.0,1111785028.0,18529750.466666665,52923444.0,8,0.0806241767718885,0.4499349219850556,0.410923223547045,0.0149995695551112,138973128.5,2.1699999999999995,0.27586206896551724,26135.625,392.02500000000003,0.410923223547045,10856.326530612243,0.7904496986555398,0.6970628415300547,0.41316937723125735,5.0,1.0,4.96,4.08,0.88904684375,34393693.53333333,4.08
2022,UMC,TWN,28,logic_mature,103797,2013,UMC,foundry,9.4,36.4,3.43,0.75,4.23,8.0,152204.0,2283.0,43.0,236.875,290.625,80.2238888888889,278.45,2.05,4.0,9.0,4.0,0.0,0.0,1148168388.0,19136139.8,54549224.0,9,0.0797872255545504,0.4499999521276647,0.3648935782028109,0.0149995072435202,127574265.33333331,276.4,0.3103448275862069,16911.555555555555,253.66666666666666,0.3648935782028109,10185.625,0.8122588941277326,0.28707779169400216,3.402939748158382,36.0,4.0,6.75,4.98,12.210396784444447,35413084.2,4.98
2023,UMC,TWN,28,logic_mature,98654,2013,UMC,foundry,6.87,37.2,2.56,0.55,3.09,15.0,991098.0,23611.1,156.0,414.9333333333333,343.8,7427.86695652174,35640.01,1.38,7.0,7.428571428571429,3.0,3.0,1.0,1053770850.0,17562847.5,51618069.0,10,0.0800582125097216,0.4497815939182541,0.3726345891361587,0.023823149856876,65860678.125,35638.630000000005,0.3448275862068966,61943.625,1475.69375,0.37263458913615877,64729.59999999999,1.2034029389017786,0.20840786937636557,4.797317034829,52.0,7.0,8.8,3.6399999999999997,7361.744084874784,34055221.5,3.6399999999999997
2024,UMC,TWN,28,logic_mature,95461,2013,UMC,foundry,7.41,35.9,2.66,0.59,3.34,26.0,4904042.0,109819.4,145.5,804.6923076923077,1360.7692307692307,9161.659411764706,42124.09,1.91,6.0,6.666666666666667,4.0,2.0,0.0,1261097212.0,21018286.866666667,61310821.0,11,0.0796221215084856,0.4507421793870202,0.3589743105297827,0.0223936454064534,46707304.14814815,42122.17999999999,0.3793103448275862,181631.1851851852,4067.385185185185,0.3589743105297827,117082.73076923078,0.5909167937637689,0.2174869991201136,4.597156579444151,40.0,6.0,15.93,3.9299999999999997,44929.16254498941,40292534.13333333,3.9299999999999997
2025,UMC,TWN,28,logic_mature,100539,2013,UMC,foundry,8.15,39.3,3.21,0.65,3.67,30.0,4876006.0,112487.8,147.96666666666667,927.7333333333332,1270.2666666666669,11861.496,37949.43,1.8,7.0,6.857142857142857,6.0,1.0,0.0,1591280610.0,26521343.5,85348277.0,12,0.0797545914411544,0.4503066932139027,0.3938649823478549,0.0230696551502079,51331632.58064516,37947.63,0.41379310344827586,157290.51612903227,3628.6387096774192,0.39386498234785494,137273.60888888888,0.7297708322408095,0.31255234789171027,3.1989582968036405,48.0,7.0,20.150000000000002,4.32,57836.725664975995,58826933.5,4.32
2026,UMC,TWN,28,logic_mature,101362,2013,UMC,foundry,8.13,37.0,3.01,0.65,3.66,30.0,2935334.0,70687.7,147.96666666666667,927.7333333333332,1270.2666666666669,10463.3045,33556.33,2.09,3.0,8.0,2.0,1.0,0.0,1088320154.0,43532806.16,131937729.0,13,0.0799507896739496,0.4501844464717778,0.3702336567978281,0.0240816465582292,35107101.741935484,33554.240000000005,0.4482758620689655,94688.19354838709,2280.248387096774,0.37023365679782816,137273.60888888888,0.7297708322408095,0.31180384434637676,3.2065427759675766,24.0,3.0,20.150000000000002,4.3100000000000005,30713.293451203,88404922.84,4.3100000000000005
2017,UMC,TWN,14,logic_mature,0,2017,UMC,foundry,4.83,40.1,1.94,0.39,2.18,0.0,0.0,0.0,0.0,0.0,0.0,4.944166666666667,7.11,3.5,0.0,0.0,0.0,0.0,0.0,824441888.0,13740698.133333333,39171620.0,0,0.0807453248974482,0.4513456622472749,0.4016562315411529,0.0,824441888.0,3.61,0.0,0.0,0.0,0.4016562315411529,0.0,0.0,0.6096383066173449,0.6073180989765876,0.0,0.0,0.39,2.5700000000000003,0.0,25430921.866666667,2.5700000000000003
2018,UMC,TWN,14,logic_mature,9958,2017,UMC,foundry,5.14,39.3,2.02,0.41,2.31,0.0,0.0,0.0,0.0,0.0,0.0,6.297499999999999,8.43,4.13,1.0,5.0,1.0,0.0,0.0,937556570.0,15625942.833333334,44840672.0,1,0.079766521446202,0.4494162549773823,0.3929960324910442,0.0,937556570.0,4.3,0.06666666666666667,0.0,0.0,0.39299603249104426,0.0,0.0,0.6678154825026511,0.5892428914011648,5.0,1.0,0.41,2.72,0.0,29214729.166666664,2.72
2019,UMC,TWN,14,logic_mature,19564,2017,UMC,foundry,5.29,40.5,2.14,0.42,2.38,0.0,0.0,0.0,0.0,0.0,0.0,4.458333333333333,6.97,2.85,2.0,6.0,2.0,0.0,0.0,824613952.0,13743565.866666667,38651660.0,2,0.0793950700576427,0.4499053969933086,0.4045367855317985,0.0,824613952.0,4.119999999999999,0.13333333333333333,0.0,0.0,0.40453678553179856,0.0,0.0,0.5593893768297783,0.7548091603053434,12.0,2.0,0.42,2.8,0.0,24908094.133333333,2.8
2020,UMC,TWN,14,logic_mature,25878,2017,UMC,foundry,6.04,44.1,2.66,0.48,2.72,4.0,40006.0,600.1,34.0,197.75,307.5,3.8054166666666656,4.82,2.71,3.0,8.0,3.0,0.0,0.0,880778716.0,14679645.266666668,41756367.0,3,0.0794701855181812,0.4503310512696935,0.4403972780799208,0.0149998750218711,176155743.2,2.1100000000000003,0.2,8001.2,120.02000000000001,0.44039727807992085,6723.5,0.6410048622366289,0.6538516609392896,0.4390878349085235,24.0,3.0,2.4,3.2,0.15223949916666663,27076721.733333334,3.2
2021,UMC,TWN,14,logic_mature,28186,2017,UMC,foundry,7.69,41.1,3.16,0.62,3.46,7.0,209085.0,3136.2000000000003,44.57142857142857,243.57142857142856,307.1428571428572,4.252083333333333,5.1,2.93,1.0,5.0,1.0,0.0,0.0,1111785028.0,18529750.466666665,52923444.0,4,0.0806241767718885,0.4499349219850556,0.410923223547045,0.0149995695551112,138973128.5,2.1699999999999995,0.26666666666666666,26135.625,392.02500000000003,0.410923223547045,10856.326530612243,0.7904496986555398,0.6970628415300547,0.41316937723125735,5.0,1.0,4.96,4.08,0.88904684375,34393693.53333333,4.08
2022,UMC,TWN,14,logic_mature,31729,2017,UMC,foundry,9.4,36.4,3.43,0.75,4.23,8.0,152204.0,2283.0,43.0,236.875,290.625,80.2238888888889,278.45,2.05,4.0,9.0,4.0,0.0,0.0,1148168388.0,19136139.8,54549224.0,5,0.0797872255545504,0.4499999521276647,0.3648935782028109,0.0149995072435202,127574265.33333331,276.4,0.3333333333333333,16911.555555555555,253.66666666666666,0.3648935782028109,10185.625,0.8122588941277326,0.28707779169400216,3.402939748158382,36.0,4.0,6.75,4.98,12.210396784444447,35413084.2,4.98
2023,UMC,TWN,14,logic_mature,29019,2017,UMC,foundry,6.87,37.2,2.56,0.55,3.09,15.0,991098.0,23611.1,156.0,414.9333333333333,343.8,7427.86695652174,35640.01,1.38,7.0,7.428571428571429,3.0,3.0,1.0,1053770850.0,17562847.5,51618069.0,6,0.0800582125097216,0.4497815939182541,0.3726345891361587,0.023823149856876,65860678.125,35638.630000000005,0.4,61943.625,1475.69375,0.37263458913615877,64729.59999999999,1.2034029389017786,0.20840786937636557,4.797317034829,52.0,7.0,8.8,3.6399999999999997,7361.744084874784,34055221.5,3.6399999999999997
2024,UMC,TWN,14,logic_mature,30545,2017,UMC,foundry,7.41,35.9,2.66,0.59,3.34,26.0,4904042.0,109819.4,145.5,804.6923076923077,1360.7692307692307,9161.659411764706,42124.09,1.91,6.0,6.666666666666667,4.0,2.0,0.0,1261097212.0,21018286.866666667,61310821.0,7,0.0796221215084856,0.4507421793870202,0.3589743105297827,0.0223936454064534,46707304.14814815,42122.17999999999,0.4666666666666667,181631.1851851852,4067.385185185185,0.3589743105297827,117082.73076923078,0.5909167937637689,0.2174869991201136,4.597156579444151,40.0,6.0,15.93,3.9299999999999997,44929.16254498941,40292534.13333333,3.9299999999999997
2025,UMC,TWN,14,logic_mature,29384,2017,UMC,foundry,8.15,39.3,3.21,0.65,3.67,30.0,4876006.0,112487.8,147.96666666666667,927.7333333333332,1270.2666666666669,11861.496,37949.43,1.8,7.0,6.857142857142857,6.0,1.0,0.0,1591280610.0,26521343.5,85348277.0,8,0.0797545914411544,0.4503066932139027,0.3938649823478549,0.0230696551502079,51331632.58064516,37947.63,0.5333333333333333,157290.51612903227,3628.6387096774192,0.39386498234785494,137273.60888888888,0.7297708322408095,0.31255234789171027,3.1989582968036405,48.0,7.0,20.150000000000002,4.32,57836.725664975995,58826933.5,4.32
2026,UMC,TWN,14,logic_mature,35461,2017,UMC,foundry,8.13,37.0,3.01,0.65,3.66,30.0,2935334.0,70687.7,147.96666666666667,927.7333333333332,1270.2666666666669,10463.3045,33556.33,2.09,3.0,8.0,2.0,1.0,0.0,1088320154.0,43532806.16,131937729.0,9,0.0799507896739496,0.4501844464717778,0.3702336567978281,0.0240816465582292,35107101.741935484,33554.240000000005,0.6,94688.19354838709,2280.248387096774,0.37023365679782816,137273.60888888888,0.7297708322408095,0.31180384434637676,3.2065427759675766,24.0,3.0,20.150000000000002,4.3100000000000005,30713.293451203,88404922.84,4.3100000000000005
2018,Samsung Memory,KOR,14,memory_DRAM,0,2018,005930,idm_memory,75.95,29.8,22.61,7.59,26.58,0.0,0.0,0.0,0.0,0.0,0.0,6.297499999999999,8.43,4.13,1.0,5.0,1.0,0.0,0.0,937556570.0,15625942.833333334,44840672.0,0,0.0999341658994843,0.3499670789997751,0.2976958486149328,0.0,937556570.0,4.3,0.0,0.0,0.0,0.29769584861493287,0.0,0.0,0.6678154825026511,0.5892428914011648,5.0,1.0,7.59,34.17,0.0,29214729.166666664,34.17
2019,Samsung Memory,KOR,14,memory_DRAM,270562,2018,005930,idm_memory,74.27,40.9,30.39,7.43,25.99,0.0,0.0,0.0,0.0,0.0,0.0,4.458333333333333,6.97,2.85,2.0,6.0,2.0,0.0,0.0,824613952.0,13743565.866666667,38651660.0,1,0.100040391813109,0.3499394055481432,0.4091827062180866,0.0,824613952.0,4.119999999999999,0.06666666666666667,0.0,0.0,0.40918270621808667,0.0,0.0,0.5593893768297783,0.7548091603053434,12.0,2.0,7.43,33.42,0.0,24908094.133333333,33.42
2020,Samsung Memory,KOR,14,memory_DRAM,599104,2018,005930,idm_memory,64.28,40.2,25.81,6.43,22.5,4.0,40006.0,600.1,34.0,197.75,307.5,3.8054166666666656,4.82,2.71,3.0,8.0,3.0,0.0,0.0,880778716.0,14679645.266666668,41756367.0,2,0.1000311123206112,0.3500311084313767,0.4015245737161703,0.0149998750218711,176155743.2,2.1100000000000003,0.13333333333333333,8001.2,120.02000000000001,0.4015245737161703,6723.5,0.6410048622366289,0.6538516609392896,0.4390878349085235,24.0,3.0,32.15,28.93,0.15223949916666663,27076721.733333334,28.93
2021,Samsung Memory,KOR,14,memory_DRAM,863016,2018,005930,idm_memory,69.3,41.4,28.7,6.93,24.26,7.0,209085.0,3136.2000000000003,44.57142857142857,243.57142857142856,307.1428571428572,4.252083333333333,5.1,2.93,1.0,5.0,1.0,0.0,0.0,1111785028.0,18529750.466666665,52923444.0,3,0.0999999985569985,0.350072145020604,0.4141414081653476,0.0149995695551112,138973128.5,2.1699999999999995,0.2,26135.625,392.02500000000003,0.41414140816534767,10856.326530612243,0.7904496986555398,0.6970628415300547,0.41316937723125735,5.0,1.0,55.44,31.19,0.88904684375,34393693.53333333,31.19
2022,Samsung Memory,KOR,14,memory_DRAM,787830,2018,005930,idm_memory,75.7,33.1,25.09,7.57,26.5,8.0,152204.0,2283.0,43.0,236.875,290.625,80.2238888888889,278.45,2.05,4.0,9.0,4.0,0.0,0.0,1148168388.0,19136139.8,54549224.0,4,0.099999998678996,0.3500660455737642,0.3314398899413489,0.0149995072435202,127574265.33333331,276.4,0.26666666666666666,16911.555555555555,253.66666666666666,0.3314398899413489,10185.625,0.8122588941277326,0.28707779169400216,3.402939748158382,36.0,4.0,68.13,34.07,12.210396784444447,35413084.2,34.07
2023,Samsung Memory,KOR,14,memory_DRAM,776619,2018,005930,idm_memory,50.38,23.3,11.75,5.04,17.63,15.0,991098.0,23611.1,156.0,414.9333333333333,343.8,7427.86695652174,35640.01,1.38,7.0,7.428571428571429,3.0,3.0,1.0,1053770850.0,17562847.5,51618069.0,5,0.1000396963072708,0.3499404456145207,0.2332274665893714,0.023823149856876,65860678.125,35638.630000000005,0.3333333333333333,61943.625,1475.69375,0.23322746658937143,64729.59999999999,1.2034029389017786,0.20840786937636557,4.797317034829,52.0,7.0,80.64,22.669999999999998,7361.744084874784,34055221.5,22.669999999999998
2024,Samsung Memory,KOR,14,memory_DRAM,787083,2018,005930,idm_memory,74.79,26.8,20.06,7.48,26.18,26.0,4904042.0,109819.4,145.5,804.6923076923077,1360.7692307692307,9161.659411764706,42124.09,1.91,6.0,6.666666666666667,4.0,2.0,0.0,1261097212.0,21018286.866666667,61310821.0,6,0.1000133694342376,0.3500467930198316,0.2682176725736372,0.0223936454064534,46707304.14814815,42122.17999999999,0.4,181631.1851851852,4067.385185185185,0.2682176725736372,117082.73076923078,0.5909167937637689,0.2174869991201136,4.597156579444151,40.0,6.0,201.96,33.66,44929.16254498941,40292534.13333333,33.66
2025,Samsung Memory,KOR,14,memory_DRAM,861691,2018,005930,idm_memory,83.84,25.4,21.3,8.38,29.34,30.0,4876006.0,112487.8,147.96666666666667,927.7333333333332,1270.2666666666669,11861.496,37949.43,1.8,7.0,6.857142857142857,6.0,1.0,0.0,1591280610.0,26521343.5,85348277.0,7,0.0999522888841568,0.3499522859022866,0.2540553404812101,0.0230696551502079,51331632.58064516,37947.63,0.4666666666666667,157290.51612903227,3628.6387096774192,0.25405534048121015,137273.60888888888,0.7297708322408095,0.31255234789171027,3.1989582968036405,48.0,7.0,259.78000000000003,37.72,57836.725664975995,58826933.5,37.72
2026,Samsung Memory,KOR,14,memory_DRAM,875382,2018,005930,idm_memory,94.46,19.3,18.28,9.45,33.06,30.0,2935334.0,70687.7,147.96666666666667,927.7333333333332,1270.2666666666669,10463.3045,33556.33,2.09,3.0,8.0,2.0,1.0,0.0,1088320154.0,43532806.16,131937729.0,8,0.1000423449074492,0.3499894098032034,0.1935210650696478,0.0240816465582292,35107101.741935484,33554.240000000005,0.5333333333333333,94688.19354838709,2280.248387096774,0.19352106506964786,137273.60888888888,0.7297708322408095,0.31180384434637676,3.2065427759675766,24.0,3.0,292.95,42.510000000000005,30713.293451203,88404922.84,42.510000000000005
2024,Samsung Memory,USA,17,memory_DRAM,0,2024,005930,idm_memory,74.79,26.8,20.06,7.48,26.18,26.0,4904042.0,109819.4,145.5,804.6923076923077,1360.7692307692307,9161.659411764706,42124.09,1.91,6.0,6.666666666666667,4.0,2.0,0.0,1261097212.0,21018286.866666667,61310821.0,0,0.1000133694342376,0.3500467930198316,0.2682176725736372,0.0223936454064534,46707304.14814815,42122.17999999999,0.0,181631.1851851852,4067.385185185185,0.2682176725736372,117082.73076923078,0.5909167937637689,0.2174869991201136,4.597156579444151,40.0,6.0,201.96,33.66,44929.16254498941,40292534.13333333,33.66
2025,Samsung Memory,USA,17,memory_DRAM,112992,2024,005930,idm_memory,83.84,25.4,21.3,8.38,29.34,30.0,4876006.0,112487.8,147.96666666666667,927.7333333333332,1270.2666666666669,11861.496,37949.43,1.8,7.0,6.857142857142857,6.0,1.0,0.0,1591280610.0,26521343.5,85348277.0,1,0.0999522888841568,0.3499522859022866,0.2540553404812101,0.0230696551502079,51331632.58064516,37947.63,0.05555555555555555,157290.51612903227,3628.6387096774192,0.25405534048121015,137273.60888888888,0.7297708322408095,0.31255234789171027,3.1989582968036405,48.0,7.0,259.78000000000003,37.72,57836.725664975995,58826933.5,37.72
2026,Samsung Memory,USA,17,memory_DRAM,109373,2024,005930,idm_memory,94.46,19.3,18.28,9.45,33.06,30.0,2935334.0,70687.7,147.96666666666667,927.7333333333332,1270.2666666666669,10463.3045,33556.33,2.09,3.0,8.0,2.0,1.0,0.0,1088320154.0,43532806.16,131937729.0,2,0.1000423449074492,0.3499894098032034,0.1935210650696478,0.0240816465582292,35107101.741935484,33554.240000000005,0.1111111111111111,94688.19354838709,2280.248387096774,0.19352106506964786,137273.60888888888,0.7297708322408095,0.31180384434637676,3.2065427759675766,24.0,3.0,292.95,42.510000000000005,30713.293451203,88404922.84,42.510000000000005
2019,SK Hynix,KOR,14,memory_DRAM,0,2019,000660,idm_memory,32.3,33.3,10.74,3.23,11.31,0.0,0.0,0.0,0.0,0.0,0.0,4.458333333333333,6.97,2.85,2.0,6.0,2.0,0.0,0.0,824613952.0,13743565.866666667,38651660.0,0,0.0999999969040248,0.3501547879209045,0.3325077296437236,0.0,824613952.0,4.119999999999999,0.0,0.0,0.0,0.3325077296437236,0.0,0.0,0.5593893768297783,0.7548091603053434,12.0,2.0,3.23,14.540000000000001,0.0,24908094.133333333,14.540000000000001
2020,SK Hynix,KOR,14,memory_DRAM,200909,2019,000660,idm_memory,27.17,32.8,8.9,2.72,9.51,4.0,40006.0,600.1,34.0,197.75,307.5,3.8054166666666656,4.82,2.71,3.0,8.0,3.0,0.0,0.0,880778716.0,14679645.266666668,41756367.0,1,0.1001104122152958,0.3500183897674497,0.3275671576162253,0.0149998750218711,176155743.2,2.1100000000000003,0.06666666666666667,8001.2,120.02000000000001,0.3275671576162253,6723.5,0.6410048622366289,0.6538516609392896,0.4390878349085235,24.0,3.0,13.600000000000001,12.23,0.15223949916666663,27076721.733333334,12.23
2021,SK Hynix,KOR,14,memory_DRAM,437348,2019,000660,idm_memory,30.7,38.6,11.86,3.07,10.75,7.0,209085.0,3136.2000000000003,44.57142857142857,243.57142857142856,307.1428571428572,4.252083333333333,5.1,2.93,1.0,5.0,1.0,0.0,0.0,1111785028.0,18529750.466666665,52923444.0,2,0.0999999967426711,0.3501628550435552,0.3863192056573548,0.0149995695551112,138973128.5,2.1699999999999995,0.13333333333333333,26135.625,392.02500000000003,0.38631920565735484,10856.326530612243,0.7904496986555398,0.6970628415300547,0.41316937723125735,5.0,1.0,24.56,13.82,0.88904684375,34393693.53333333,13.82
2022,SK Hynix,KOR,14,memory_DRAM,610815,2019,000660,idm_memory,34.69,44.5,15.42,3.47,12.14,8.0,152204.0,2283.0,43.0,236.875,290.625,80.2238888888889,278.45,2.05,4.0,9.0,4.0,0.0,0.0,1148168388.0,19136139.8,54549224.0,3,0.1000288238677191,0.3499567497850462,0.4445084910778757,0.0149995072435202,127574265.33333331,276.4,0.2,16911.555555555555,253.66666666666666,0.44450849107787577,10185.625,0.8122588941277326,0.28707779169400216,3.402939748158382,36.0,4.0,31.23,15.610000000000001,12.210396784444447,35413084.2,15.610000000000001
2023,SK Hynix,KOR,14,memory_DRAM,629595,2019,000660,idm_memory,25.33,22.2,5.63,2.53,8.86,15.0,991098.0,23611.1,156.0,414.9333333333333,343.8,7427.86695652174,35640.01,1.38,7.0,7.428571428571429,3.0,3.0,1.0,1053770850.0,17562847.5,51618069.0,4,0.0998815594203885,0.349782852357566,0.2222660788682953,0.023823149856876,65860678.125,35638.630000000005,0.26666666666666666,61943.625,1475.69375,0.22226607886829536,64729.59999999999,1.2034029389017786,0.20840786937636557,4.797317034829,52.0,7.0,40.48,11.389999999999999,7361.744084874784,34055221.5,11.389999999999999
2024,SK Hynix,KOR,14,memory_DRAM,578650,2019,000660,idm_memory,51.53,28.8,14.84,5.15,18.04,26.0,4904042.0,109819.4,145.5,804.6923076923077,1360.7692307692307,9161.659411764706,42124.09,1.91,6.0,6.666666666666667,4.0,2.0,0.0,1261097212.0,21018286.866666667,61310821.0,5,0.0999417795470254,0.3500873209763764,0.2879875744617199,0.0223936454064534,46707304.14814815,42122.17999999999,0.3333333333333333,181631.1851851852,4067.385185185185,0.2879875744617199,117082.73076923078,0.5909167937637689,0.2174869991201136,4.597156579444151,40.0,6.0,139.05,23.189999999999998,44929.16254498941,40292534.13333333,23.189999999999998
2025,SK Hynix,KOR,14,memory_DRAM,603672,2019,000660,idm_memory,59.99,24.7,14.8,6.0,21.0,30.0,4876006.0,112487.8,147.96666666666667,927.7333333333332,1270.2666666666669,11861.496,37949.43,1.8,7.0,6.857142857142857,6.0,1.0,0.0,1591280610.0,26521343.5,85348277.0,6,0.1000166677776851,0.350058337221898,0.24670778051829,0.0230696551502079,51331632.58064516,37947.63,0.4,157290.51612903227,3628.6387096774192,0.24670778051829007,137273.60888888888,0.7297708322408095,0.31255234789171027,3.1989582968036405,48.0,7.0,186.0,27.0,57836.725664975995,58826933.5,27.0
2026,SK Hynix,KOR,14,memory_DRAM,675345,2019,000660,idm_memory,71.31,17.3,12.37,7.13,24.96,30.0,2935334.0,70687.7,147.96666666666667,927.7333333333332,1270.2666666666669,10463.3045,33556.33,2.09,3.0,8.0,2.0,1.0,0.0,1088320154.0,43532806.16,131937729.0,7,0.0999859753192262,0.3500210300095214,0.1734679543757123,0.0240816465582292,35107101.741935484,33554.240000000005,0.4666666666666667,94688.19354838709,2280.248387096774,0.1734679543757123,137273.60888888888,0.7297708322408095,0.31180384434637676,3.2065427759675766,24.0,3.0,221.03,32.09,30713.293451203,88404922.84,32.09
2026,SK Hynix,USA,12,memory_HBM_packaging,69344,2026,000660,idm_memory,71.31,17.3,12.37,7.13,24.96,30.0,2935334.0,70687.7,147.96666666666667,927.7333333333332,1270.2666666666669,10463.3045,33556.33,2.09,3.0,8.0,2.0,1.0,0.0,1088320154.0,43532806.16,131937729.0,0,0.0999859753192262,0.3500210300095214,0.1734679543757123,0.0240816465582292,35107101.741935484,33554.240000000005,0.0,94688.19354838709,2280.248387096774,0.1734679543757123,137273.60888888888,0.7297708322408095,0.31180384434637676,3.2065427759675766,24.0,3.0,221.03,32.09,30713.293451203,88404922.84,32.09
2020,Micron,USA,14,memory_DRAM,0,2020,MU,idm_memory,20.26,38.0,7.69,2.03,7.09,4.0,40006.0,600.1,34.0,197.75,307.5,3.8054166666666656,4.82,2.71,3.0,8.0,3.0,0.0,0.0,880778716.0,14679645.266666668,41756367.0,0,0.1001974284206599,0.3499506243854577,0.3795656278595445,0.0149998750218711,176155743.2,2.1100000000000003,0.0,8001.2,120.02000000000001,0.3795656278595445,6723.5,0.6410048622366289,0.6538516609392896,0.4390878349085235,24.0,3.0,10.149999999999999,9.12,0.15223949916666663,27076721.733333334,9.12
2021,Micron,USA,14,memory_DRAM,93770,2020,MU,idm_memory,24.59,35.5,8.73,2.46,8.61,7.0,209085.0,3136.2000000000003,44.57142857142857,243.57142857142856,307.1428571428572,4.252083333333333,5.1,2.93,1.0,5.0,1.0,0.0,0.0,1111785028.0,18529750.466666665,52923444.0,1,0.1000406628694321,0.3501423200430125,0.3550223523781068,0.0149995695551112,138973128.5,2.1699999999999995,0.06666666666666667,26135.625,392.02500000000003,0.35502235237810686,10856.326530612243,0.7904496986555398,0.6970628415300547,0.41316937723125735,5.0,1.0,19.68,11.07,0.88904684375,34393693.53333333,11.07
2022,Micron,USA,14,memory_DRAM,186849,2020,MU,idm_memory,32.09,41.3,13.26,3.21,11.23,8.0,152204.0,2283.0,43.0,236.875,290.625,80.2238888888889,278.45,2.05,4.0,9.0,4.0,0.0,0.0,1148168388.0,19136139.8,54549224.0,2,0.1000311592386675,0.3499532455608212,0.413212826013935,0.0149995072435202,127574265.33333331,276.4,0.13333333333333333,16911.555555555555,253.66666666666666,0.413212826013935,10185.625,0.8122588941277326,0.28707779169400216,3.402939748158382,36.0,4.0,28.89,14.440000000000001,12.210396784444447,35413084.2,14.440000000000001
2023,Micron,USA,14,memory_DRAM,279338,2020,MU,idm_memory,15.17,20.6,3.13,1.52,5.31,15.0,991098.0,23611.1,156.0,414.9333333333333,343.8,7427.86695652174,35640.01,1.38,7.0,7.428571428571429,3.0,3.0,1.0,1053770850.0,17562847.5,51618069.0,3,0.1001977521293505,0.3500329367150338,0.2063282658979389,0.023823149856876,65860678.125,35638.630000000005,0.2,61943.625,1475.69375,0.20632826589793896,64729.59999999999,1.2034029389017786,0.20840786937636557,4.797317034829,52.0,7.0,24.32,6.83,7361.744084874784,34055221.5,6.83
2024,Micron,USA,14,memory_DRAM,274623,2020,MU,idm_memory,22.96,28.4,6.52,2.3,8.04,26.0,4904042.0,109819.4,145.5,804.6923076923077,1360.7692307692307,9161.659411764706,42124.09,1.91,6.0,6.666666666666667,4.0,2.0,0.0,1261097212.0,21018286.866666667,61310821.0,4,0.1001742116648862,0.3501742007763849,0.2839721130674166,0.0223936454064534,46707304.14814815,42122.17999999999,0.26666666666666666,181631.1851851852,4067.385185185185,0.28397211306741665,117082.73076923078,0.5909167937637689,0.2174869991201136,4.597156579444151,40.0,6.0,62.099999999999994,10.34,44929.16254498941,40292534.13333333,10.34
2025,Micron,USA,14,memory_DRAM,316729,2020,MU,idm_memory,33.93,25.4,8.63,3.39,11.87,30.0,4876006.0,112487.8,147.96666666666667,927.7333333333332,1270.2666666666669,11861.496,37949.43,1.8,7.0,6.857142857142857,6.0,1.0,0.0,1591280610.0,26521343.5,85348277.0,5,0.099911579725565,0.3498378912514621,0.2543471778854354,0.0230696551502079,51331632.58064516,37947.63,0.3333333333333333,157290.51612903227,3628.6387096774192,0.2543471778854354,137273.60888888888,0.7297708322408095,0.31255234789171027,3.1989582968036405,48.0,7.0,105.09,15.26,57836.725664975995,58826933.5,15.26
2026,Micron,USA,14,memory_DRAM,349095,2020,MU,idm_memory,37.37,19.8,7.38,3.74,13.08,30.0,2935334.0,70687.7,147.96666666666667,927.7333333333332,1270.2666666666669,10463.3045,33556.33,2.09,3.0,8.0,2.0,1.0,0.0,1088320154.0,43532806.16,131937729.0,6,0.1000802756200087,0.3500133703501908,0.1974846080416214,0.0240816465582292,35107101.741935484,33554.240000000005,0.4,94688.19354838709,2280.248387096774,0.19748460804162143,137273.60888888888,0.7297708322408095,0.31180384434637676,3.2065427759675766,24.0,3.0,115.94000000000001,16.82,30713.293451203,88404922.84,16.82
2018,Micron,TWN,14,memory_DRAM,0,2018,MU,idm_memory,30.14,32.2,9.71,3.01,10.55,0.0,0.0,0.0,0.0,0.0,0.0,6.297499999999999,8.43,4.13,1.0,5.0,1.0,0.0,0.0,937556570.0,15625942.833333334,44840672.0,0,0.0998672826852261,0.3500331668867562,0.3221632275327396,0.0,937556570.0,4.3,0.0,0.0,0.0,0.3221632275327396,0.0,0.0,0.6678154825026511,0.5892428914011648,5.0,1.0,3.01,13.56,0.0,29214729.166666664,13.56
2019,Micron,TWN,14,memory_DRAM,59542,2018,MU,idm_memory,25.66,38.6,9.9,2.57,8.98,0.0,0.0,0.0,0.0,0.0,0.0,4.458333333333333,6.97,2.85,2.0,6.0,2.0,0.0,0.0,824613952.0,13743565.866666667,38651660.0,1,0.1001558807421714,0.3499610152002722,0.3858144822363802,0.0,824613952.0,4.119999999999999,0.06666666666666667,0.0,0.0,0.38581448223638026,0.0,0.0,0.5593893768297783,0.7548091603053434,12.0,2.0,2.57,11.55,0.0,24908094.133333333,11.55
2020,Micron,TWN,14,memory_DRAM,132067,2018,MU,idm_memory,20.26,38.0,7.69,2.03,7.09,4.0,40006.0,600.1,34.0,197.75,307.5,3.8054166666666656,4.82,2.71,3.0,8.0,3.0,0.0,0.0,880778716.0,14679645.266666668,41756367.0,2,0.1001974284206599,0.3499506243854577,0.3795656278595445,0.0149998750218711,176155743.2,2.1100000000000003,0.13333333333333333,8001.2,120.02000000000001,0.3795656278595445,6723.5,0.6410048622366289,0.6538516609392896,0.4390878349085235,24.0,3.0,10.149999999999999,9.12,0.15223949916666663,27076721.733333334,9.12
2021,Micron,TWN,14,memory_DRAM,198378,2018,MU,idm_memory,24.59,35.5,8.73,2.46,8.61,7.0,209085.0,3136.2000000000003,44.57142857142857,243.57142857142856,307.1428571428572,4.252083333333333,5.1,2.93,1.0,5.0,1.0,0.0,0.0,1111785028.0,18529750.466666665,52923444.0,3,0.1000406628694321,0.3501423200430125,0.3550223523781068,0.0149995695551112,138973128.5,2.1699999999999995,0.2,26135.625,392.02500000000003,0.35502235237810686,10856.326530612243,0.7904496986555398,0.6970628415300547,0.41316937723125735,5.0,1.0,19.68,11.07,0.88904684375,34393693.53333333,11.07
2022,Micron,TWN,14,memory_DRAM,222097,2018,MU,idm_memory,32.09,41.3,13.26,3.21,11.23,8.0,152204.0,2283.0,43.0,236.875,290.625,80.2238888888889,278.45,2.05,4.0,9.0,4.0,0.0,0.0,1148168388.0,19136139.8,54549224.0,4,0.1000311592386675,0.3499532455608212,0.413212826013935,0.0149995072435202,127574265.33333331,276.4,0.26666666666666666,16911.555555555555,253.66666666666666,0.413212826013935,10185.625,0.8122588941277326,0.28707779169400216,3.402939748158382,36.0,4.0,28.89,14.440000000000001,12.210396784444447,35413084.2,14.440000000000001
2023,Micron,TWN,14,memory_DRAM,185946,2018,MU,idm_memory,15.17,20.6,3.13,1.52,5.31,15.0,991098.0,23611.1,156.0,414.9333333333333,343.8,7427.86695652174,35640.01,1.38,7.0,7.428571428571429,3.0,3.0,1.0,1053770850.0,17562847.5,51618069.0,5,0.1001977521293505,0.3500329367150338,0.2063282658979389,0.023823149856876,65860678.125,35638.630000000005,0.3333333333333333,61943.625,1475.69375,0.20632826589793896,64729.59999999999,1.2034029389017786,0.20840786937636557,4.797317034829,52.0,7.0,24.32,6.83,7361.744084874784,34055221.5,6.83
2024,Micron,TWN,14,memory_DRAM,196131,2018,MU,idm_memory,22.96,28.4,6.52,2.3,8.04,26.0,4904042.0,109819.4,145.5,804.6923076923077,1360.7692307692307,9161.659411764706,42124.09,1.91,6.0,6.666666666666667,4.0,2.0,0.0,1261097212.0,21018286.866666667,61310821.0,6,0.1001742116648862,0.3501742007763849,0.2839721130674166,0.0223936454064534,46707304.14814815,42122.17999999999,0.4,181631.1851851852,4067.385185185185,0.28397211306741665,117082.73076923078,0.5909167937637689,0.2174869991201136,4.597156579444151,40.0,6.0,62.099999999999994,10.34,44929.16254498941,40292534.13333333,10.34
2025,Micron,TWN,14,memory_DRAM,228697,2018,MU,idm_memory,33.93,25.4,8.63,3.39,11.87,30.0,4876006.0,112487.8,147.96666666666667,927.7333333333332,1270.2666666666669,11861.496,37949.43,1.8,7.0,6.857142857142857,6.0,1.0,0.0,1591280610.0,26521343.5,85348277.0,7,0.099911579725565,0.3498378912514621,0.2543471778854354,0.0230696551502079,51331632.58064516,37947.63,0.4666666666666667,157290.51612903227,3628.6387096774192,0.2543471778854354,137273.60888888888,0.7297708322408095,0.31255234789171027,3.1989582968036405,48.0,7.0,105.09,15.26,57836.725664975995,58826933.5,15.26
2026,Micron,TWN,14,memory_DRAM,225005,2018,MU,idm_memory,37.37,19.8,7.38,3.74,13.08,30.0,2935334.0,70687.7,147.96666666666667,927.7333333333332,1270.2666666666669,10463.3045,33556.33,2.09,3.0,8.0,2.0,1.0,0.0,1088320154.0,43532806.16,131937729.0,8,0.1000802756200087,0.3500133703501908,0.1974846080416214,0.0240816465582292,35107101.741935484,33554.240000000005,0.5333333333333333,94688.19354838709,2280.248387096774,0.19748460804162143,137273.60888888888,0.7297708322408095,0.31180384434637676,3.2065427759675766,24.0,3.0,115.94000000000001,16.82,30713.293451203,88404922.84,16.82
2026,Micron,USA,12,memory_DRAM,56571,2026,MU,idm_memory,37.37,19.8,7.38,3.74,13.08,30.0,2935334.0,70687.7,147.96666666666667,927.7333333333332,1270.2666666666669,10463.3045,33556.33,2.09,3.0,8.0,2.0,1.0,0.0,1088320154.0,43532806.16,131937729.0,0,0.1000802756200087,0.3500133703501908,0.1974846080416214,0.0240816465582292,35107101.741935484,33554.240000000005,0.0,94688.19354838709,2280.248387096774,0.19748460804162143,137273.60888888888,0.7297708322408095,0.31180384434637676,3.2065427759675766,24.0,3.0,115.94000000000001,16.82,30713.293451203,88404922.84,16.82
2020,Yangtze Memory (YMTC),CHN,14,memory_NAND,0,2020,YMTC,idm_memory,1.23,42.7,0.52,0.12,0.43,4.0,40006.0,600.1,34.0,197.75,307.5,3.8054166666666656,4.82,2.71,3.0,8.0,3.0,0.0,0.0,880778716.0,14679645.266666668,41756367.0,0,0.0975608962919542,0.349593211712836,0.4227638839318017,0.0149998750218711,176155743.2,2.1100000000000003,0.0,8001.2,120.02000000000001,0.42276388393180175,6723.5,0.6410048622366289,0.6538516609392896,0.4390878349085235,24.0,3.0,0.6,0.55,0.15223949916666663,27076721.733333334,0.55
2021,Yangtze Memory (YMTC),CHN,14,memory_NAND,67775,2020,YMTC,idm_memory,2.1,41.5,0.87,0.21,0.73,7.0,209085.0,3136.2000000000003,44.57142857142857,243.57142857142856,307.1428571428572,4.252083333333333,5.1,2.93,1.0,5.0,1.0,0.0,0.0,1111785028.0,18529750.466666665,52923444.0,1,0.099999952380975,0.3476188820862466,0.4142855170068966,0.0149995695551112,138973128.5,2.1699999999999995,0.06666666666666667,26135.625,392.02500000000003,0.41428551700689664,10856.326530612243,0.7904496986555398,0.6970628415300547,0.41316937723125735,5.0,1.0,1.68,0.94,0.88904684375,34393693.53333333,0.94
2022,Yangtze Memory (YMTC),CHN,14,memory_NAND,138619,2020,YMTC,idm_memory,4.12,42.4,1.74,0.41,1.44,8.0,152204.0,2283.0,43.0,236.875,290.625,80.2238888888889,278.45,2.05,4.0,9.0,4.0,0.0,0.0,1148168388.0,19136139.8,54549224.0,2,0.0995145389527818,0.3495144782731848,0.4223299945800984,0.0149995072435202,127574265.33333331,276.4,0.13333333333333333,16911.555555555555,253.66666666666666,0.4223299945800984,10185.625,0.8122588941277326,0.28707779169400216,3.402939748158382,36.0,4.0,3.69,1.8499999999999999,12.210396784444447,35413084.2,1.8499999999999999
2023,Yangtze Memory (YMTC),CHN,14,memory_NAND,192066,2020,YMTC,idm_memory,5.17,27.0,1.4,0.52,1.81,15.0,991098.0,23611.1,156.0,414.9333333333333,343.8,7427.86695652174,35640.01,1.38,7.0,7.428571428571429,3.0,3.0,1.0,1053770850.0,17562847.5,51618069.0,3,0.1005802513384426,0.350096644081887,0.2707929843727302,0.023823149856876,65860678.125,35638.630000000005,0.2,61943.625,1475.69375,0.27079298437273025,64729.59999999999,1.2034029389017786,0.20840786937636557,4.797317034829,52.0,7.0,8.32,2.33,7361.744084874784,34055221.5,2.33
2024,Yangtze Memory (YMTC),CHN,14,memory_NAND,208976,2020,YMTC,idm_memory,6.62,31.6,2.09,0.66,2.32,26.0,4904042.0,109819.4,145.5,804.6923076923077,1360.7692307692307,9161.659411764706,42124.09,1.91,6.0,6.666666666666667,4.0,2.0,0.0,1261097212.0,21018286.866666667,61310821.0,4,0.0996978701362733,0.3504531192669003,0.315709922098199,0.0223936454064534,46707304.14814815,42122.17999999999,0.26666666666666666,181631.1851851852,4067.385185185185,0.31570992209819904,117082.73076923078,0.5909167937637689,0.2174869991201136,4.597156579444151,40.0,6.0,17.82,2.98,44929.16254498941,40292534.13333333,2.98
2025,Yangtze Memory (YMTC),CHN,14,memory_NAND,196067,2020,YMTC,idm_memory,7.5,26.2,1.97,0.75,2.62,30.0,4876006.0,112487.8,147.96666666666667,927.7333333333332,1270.2666666666669,11861.496,37949.43,1.8,7.0,6.857142857142857,6.0,1.0,0.0,1591280610.0,26521343.5,85348277.0,5,0.0999999866666684,0.3493332867555618,0.2626666316444491,0.0230696551502079,51331632.58064516,37947.63,0.3333333333333333,157290.51612903227,3628.6387096774192,0.2626666316444491,137273.60888888888,0.7297708322408095,0.31255234789171027,3.1989582968036405,48.0,7.0,23.25,3.37,57836.725664975995,58826933.5,3.37
2026,Yangtze Memory (YMTC),CHN,14,memory_NAND,223641,2020,YMTC,idm_memory,8.64,16.0,1.38,0.86,3.02,30.0,2935334.0,70687.7,147.96666666666667,927.7333333333332,1270.2666666666669,10463.3045,33556.33,2.09,3.0,8.0,2.0,1.0,0.0,1088320154.0,43532806.16,131937729.0,6,0.0995370255165479,0.3495369965813661,0.159722203735856,0.0240816465582292,35107101.741935484,33554.240000000005,0.4,94688.19354838709,2280.248387096774,0.15972220373585605,137273.60888888888,0.7297708322408095,0.31180384434637676,3.2065427759675766,24.0,3.0,26.66,3.88,30713.293451203,88404922.84,3.88
2020,ChangXin Memory (CXMT),CHN,14,memory_DRAM,0,2020,CXMT,idm_memory,1.45,38.3,0.55,0.14,0.51,4.0,40006.0,600.1,34.0,197.75,307.5,3.8054166666666656,4.82,2.71,3.0,8.0,3.0,0.0,0.0,880778716.0,14679645.266666668,41756367.0,0,0.096551657550581,0.3517238953628308,0.3793100832344254,0.0149998750218711,176155743.2,2.1100000000000003,0.0,8001.2,120.02000000000001,0.37931008323442544,6723.5,0.6410048622366289,0.6538516609392896,0.4390878349085235,24.0,3.0,0.7000000000000001,0.65,0.15223949916666663,27076721.733333334,0.65
2021,ChangXin Memory (CXMT),CHN,14,memory_DRAM,38786,2020,CXMT,idm_memory,2.26,40.2,0.91,0.23,0.79,7.0,209085.0,3136.2000000000003,44.57142857142857,243.57142857142856,307.1428571428572,4.252083333333333,5.1,2.93,1.0,5.0,1.0,0.0,0.0,1111785028.0,18529750.466666665,52923444.0,1,0.1017698664735104,0.3495573674524923,0.4026546890908455,0.0149995695551112,138973128.5,2.1699999999999995,0.06666666666666667,26135.625,392.02500000000003,0.40265468909084556,10856.326530612243,0.7904496986555398,0.6970628415300547,0.41316937723125735,5.0,1.0,1.84,1.02,0.88904684375,34393693.53333333,1.02
2022,ChangXin Memory (CXMT),CHN,14,memory_DRAM,79909,2020,CXMT,idm_memory,3.1,37.6,1.17,0.31,1.09,8.0,152204.0,2283.0,43.0,236.875,290.625,80.2238888888889,278.45,2.05,4.0,9.0,4.0,0.0,0.0,1148168388.0,19136139.8,54549224.0,2,0.0999999677419458,0.3516127898023258,0.3774192330905699,0.0149995072435202,127574265.33333331,276.4,0.13333333333333333,16911.555555555555,253.66666666666666,0.3774192330905699,10185.625,0.8122588941277326,0.28707779169400216,3.402939748158382,36.0,4.0,2.79,1.4000000000000001,12.210396784444447,35413084.2,1.4000000000000001
2023,ChangXin Memory (CXMT),CHN,14,memory_DRAM,116322,2020,CXMT,idm_memory,4.04,22.2,0.9,0.4,1.41,15.0,991098.0,23611.1,156.0,414.9333333333333,343.8,7427.86695652174,35640.01,1.38,7.0,7.428571428571429,3.0,3.0,1.0,1053770850.0,17562847.5,51618069.0,3,0.0990098764827038,0.349009814601531,0.2227722220860836,0.023823149856876,65860678.125,35638.630000000005,0.2,61943.625,1475.69375,0.22277222208608363,64729.59999999999,1.2034029389017786,0.20840786937636557,4.797317034829,52.0,7.0,6.4,1.81,7361.744084874784,34055221.5,1.81
2024,ChangXin Memory (CXMT),CHN,14,memory_DRAM,113739,2020,CXMT,idm_memory,5.07,30.0,1.52,0.51,1.77,26.0,4904042.0,109819.4,145.5,804.6923076923077,1360.7692307692307,9161.659411764706,42124.09,1.91,6.0,6.666666666666667,4.0,2.0,0.0,1261097212.0,21018286.866666667,61310821.0,4,0.1005916961357601,0.3491123571770498,0.29980270220854,0.0223936454064534,46707304.14814815,42122.17999999999,0.26666666666666666,181631.1851851852,4067.385185185185,0.29980270220854,117082.73076923078,0.5909167937637689,0.2174869991201136,4.597156579444151,40.0,6.0,13.77,2.2800000000000002,44929.16254498941,40292534.13333333,2.2800000000000002
2025,ChangXin Memory (CXMT),CHN,14,memory_DRAM,123791,2020,CXMT,idm_memory,5.87,23.4,1.37,0.59,2.05,30.0,4876006.0,112487.8,147.96666666666667,927.7333333333332,1270.2666666666669,11861.496,37949.43,1.8,7.0,6.857142857142857,6.0,1.0,0.0,1591280610.0,26521343.5,85348277.0,5,0.1005110561309955,0.3492333306246455,0.2333900794906168,0.0230696551502079,51331632.58064516,37947.63,0.3333333333333333,157290.51612903227,3628.6387096774192,0.2333900794906168,137273.60888888888,0.7297708322408095,0.31255234789171027,3.1989582968036405,48.0,7.0,18.29,2.6399999999999997,57836.725664975995,58826933.5,2.6399999999999997
2026,ChangXin Memory (CXMT),CHN,14,memory_DRAM,124911,2020,CXMT,idm_memory,6.96,17.6,1.22,0.7,2.44,30.0,2935334.0,70687.7,147.96666666666667,927.7333333333332,1270.2666666666669,10463.3045,33556.33,2.09,3.0,8.0,2.0,1.0,0.0,1088320154.0,43532806.16,131937729.0,6,0.1005746981932904,0.3505746622737554,0.1752873311368777,0.0240816465582292,35107101.741935484,33554.240000000005,0.4,94688.19354838709,2280.248387096774,0.1752873311368777,137273.60888888888,0.7297708322408095,0.31180384434637676,3.2065427759675766,24.0,3.0,21.7,3.1399999999999997,30713.293451203,88404922.84,3.1399999999999997
2018,Infineon,DEU,65,logic_mature,0,2018,IFX,idm_automotive,8.08,18.7,1.51,0.97,1.21,0.0,0.0,0.0,0.0,0.0,0.0,6.297499999999999,8.43,4.13,1.0,5.0,1.0,0.0,0.0,937556570.0,15625942.833333334,44840672.0,0,0.1200494900928849,0.1497524567138048,0.1868811649899548,0.0,937556570.0,4.3,0.0,0.0,0.0,0.18688116498995486,0.0,0.0,0.6678154825026511,0.5892428914011648,5.0,1.0,0.97,2.1799999999999997,0.0,29214729.166666664,2.1799999999999997
2019,Infineon,DEU,65,logic_mature,15735,2018,IFX,idm_automotive,8.57,22.4,1.92,1.03,1.28,0.0,0.0,0.0,0.0,0.0,0.0,4.458333333333333,6.97,2.85,2.0,6.0,2.0,0.0,0.0,824613952.0,13743565.866666667,38651660.0,1,0.1201866837588467,0.1493582089430328,0.2240373134145492,0.0,824613952.0,4.119999999999999,0.015151515151515152,0.0,0.0,0.2240373134145492,0.0,0.0,0.5593893768297783,0.7548091603053434,12.0,2.0,1.03,2.31,0.0,24908094.133333333,2.31
2020,Infineon,DEU,65,logic_mature,34541,2018,IFX,idm_automotive,9.07,14.7,1.33,1.09,1.36,4.0,40006.0,600.1,34.0,197.75,307.5,3.8054166666666656,4.82,2.71,3.0,8.0,3.0,0.0,0.0,880778716.0,14679645.266666668,41756367.0,2,0.1201763924833084,0.1499448566764215,0.1466372495438534,0.0149998750218711,176155743.2,2.1100000000000003,0.030303030303030304,8001.2,120.02000000000001,0.14663724954385343,6723.5,0.6410048622366289,0.6538516609392896,0.4390878349085235,24.0,3.0,5.45,2.45,0.15223949916666663,27076721.733333334,2.45
2021,Infineon,DEU,65,logic_mature,47131,2018,IFX,idm_automotive,11.78,18.3,2.15,1.41,1.77,7.0,209085.0,3136.2000000000003,44.57142857142857,243.57142857142856,307.1428571428572,4.252083333333333,5.1,2.93,1.0,5.0,1.0,0.0,0.0,1111785028.0,18529750.466666665,52923444.0,3,0.1196943871227175,0.1502546561753263,0.18251271795308,0.0149995695551112,138973128.5,2.1699999999999995,0.045454545454545456,26135.625,392.02500000000003,0.18251271795308,10856.326530612243,0.7904496986555398,0.6970628415300547,0.41316937723125735,5.0,1.0,11.28,3.1799999999999997,0.88904684375,34393693.53333333,3.1799999999999997
2022,Infineon,DEU,65,logic_mature,48604,2018,IFX,idm_automotive,14.75,18.1,2.67,1.77,2.21,8.0,152204.0,2283.0,43.0,236.875,290.625,80.2238888888889,278.45,2.05,4.0,9.0,4.0,0.0,0.0,1148168388.0,19136139.8,54549224.0,4,0.1199999918644073,0.1498304983165763,0.1810169368802076,0.0149995072435202,127574265.33333331,276.4,0.06060606060606061,16911.555555555555,253.66666666666666,0.18101693688020767,10185.625,0.8122588941277326,0.28707779169400216,3.402939748158382,36.0,4.0,15.93,3.98,12.210396784444447,35413084.2,3.98
2023,Infineon,DEU,65,logic_mature,48462,2018,IFX,idm_automotive,16.68,11.6,1.94,2.0,2.5,15.0,991098.0,23611.1,156.0,414.9333333333333,343.8,7427.86695652174,35640.01,1.38,7.0,7.428571428571429,3.0,3.0,1.0,1053770850.0,17562847.5,51618069.0,5,0.1199040695501157,0.1498800869376446,0.1163069474636122,0.023823149856876,65860678.125,35638.630000000005,0.07575757575757576,61943.625,1475.69375,0.11630694746361225,64729.59999999999,1.2034029389017786,0.20840786937636557,4.797317034829,52.0,7.0,32.0,4.5,7361.744084874784,34055221.5,4.5
2024,Infineon,DEU,65,logic_mature,53425,2018,IFX,idm_automotive,15.35,21.3,3.28,1.84,2.3,26.0,4904042.0,109819.4,145.5,804.6923076923077,1360.7692307692307,9161.659411764706,42124.09,1.91,6.0,6.666666666666667,4.0,2.0,0.0,1261097212.0,21018286.866666667,61310821.0,6,0.1198696990312899,0.1498371237891124,0.2136807678383864,0.0223936454064534,46707304.14814815,42122.17999999999,0.09090909090909091,181631.1851851852,4067.385185185185,0.21368076783838647,117082.73076923078,0.5909167937637689,0.2174869991201136,4.597156579444151,40.0,6.0,49.68,4.14,44929.16254498941,40292534.13333333,4.14
2025,Infineon,DEU,65,logic_mature,53374,2018,IFX,idm_automotive,15.69,21.6,3.39,1.88,2.35,30.0,4876006.0,112487.8,147.96666666666667,927.7333333333332,1270.2666666666669,11861.496,37949.43,1.8,7.0,6.857142857142857,6.0,1.0,0.0,1591280610.0,26521343.5,85348277.0,7,0.1198215347468747,0.1497769184335934,0.2160611716978221,0.0230696551502079,51331632.58064516,37947.63,0.10606060606060606,157290.51612903227,3628.6387096774192,0.2160611716978221,137273.60888888888,0.7297708322408095,0.31255234789171027,3.1989582968036405,48.0,7.0,58.279999999999994,4.23,57836.725664975995,58826933.5,4.23
2026,Infineon,DEU,65,logic_mature,54420,2018,IFX,idm_automotive,17.45,20.7,3.61,2.09,2.62,30.0,2935334.0,70687.7,147.96666666666667,927.7333333333332,1270.2666666666669,10463.3045,33556.33,2.09,3.0,8.0,2.0,1.0,0.0,1088320154.0,43532806.16,131937729.0,8,0.1197707667753142,0.1501432578714465,0.2068767789755427,0.0240816465582292,35107101.741935484,33554.240000000005,0.12121212121212122,94688.19354838709,2280.248387096774,0.20687677897554274,137273.60888888888,0.7297708322408095,0.31180384434637676,3.2065427759675766,24.0,3.0,64.78999999999999,4.71,30713.293451203,88404922.84,4.71
2022,Infineon,DEU,65,logic_mature_300mm,0,2022,IFX,idm_automotive,14.75,18.1,2.67,1.77,2.21,8.0,152204.0,2283.0,43.0,236.875,290.625,80.2238888888889,278.45,2.05,4.0,9.0,4.0,0.0,0.0,1148168388.0,19136139.8,54549224.0,0,0.1199999918644073,0.1498304983165763,0.1810169368802076,0.0149995072435202,127574265.33333331,276.4,0.0,16911.555555555555,253.66666666666666,0.18101693688020767,10185.625,0.8122588941277326,0.28707779169400216,3.402939748158382,36.0,4.0,15.93,3.98,12.210396784444447,35413084.2,3.98
2023,Infineon,DEU,65,logic_mature_300mm,24000,2022,IFX,idm_automotive,16.68,11.6,1.94,2.0,2.5,15.0,991098.0,23611.1,156.0,414.9333333333333,343.8,7427.86695652174,35640.01,1.38,7.0,7.428571428571429,3.0,3.0,1.0,1053770850.0,17562847.5,51618069.0,1,0.1199040695501157,0.1498800869376446,0.1163069474636122,0.023823149856876,65860678.125,35638.630000000005,0.015151515151515152,61943.625,1475.69375,0.11630694746361225,64729.59999999999,1.2034029389017786,0.20840786937636557,4.797317034829,52.0,7.0,32.0,4.5,7361.744084874784,34055221.5,4.5
2024,Infineon,DEU,65,logic_mature_300mm,53218,2022,IFX,idm_automotive,15.35,21.3,3.28,1.84,2.3,26.0,4904042.0,109819.4,145.5,804.6923076923077,1360.7692307692307,9161.659411764706,42124.09,1.91,6.0,6.666666666666667,4.0,2.0,0.0,1261097212.0,21018286.866666667,61310821.0,2,0.1198696990312899,0.1498371237891124,0.2136807678383864,0.0223936454064534,46707304.14814815,42122.17999999999,0.030303030303030304,181631.1851851852,4067.385185185185,0.21368076783838647,117082.73076923078,0.5909167937637689,0.2174869991201136,4.597156579444151,40.0,6.0,49.68,4.14,44929.16254498941,40292534.13333333,4.14
2025,Infineon,DEU,65,logic_mature_300mm,92822,2022,IFX,idm_automotive,15.69,21.6,3.39,1.88,2.35,30.0,4876006.0,112487.8,147.96666666666667,927.7333333333332,1270.2666666666669,11861.496,37949.43,1.8,7.0,6.857142857142857,6.0,1.0,0.0,1591280610.0,26521343.5,85348277.0,3,0.1198215347468747,0.1497769184335934,0.2160611716978221,0.0230696551502079,51331632.58064516,37947.63,0.045454545454545456,157290.51612903227,3628.6387096774192,0.2160611716978221,137273.60888888888,0.7297708322408095,0.31255234789171027,3.1989582968036405,48.0,7.0,58.279999999999994,4.23,57836.725664975995,58826933.5,4.23
2026,Infineon,DEU,65,logic_mature_300mm,88584,2022,IFX,idm_automotive,17.45,20.7,3.61,2.09,2.62,30.0,2935334.0,70687.7,147.96666666666667,927.7333333333332,1270.2666666666669,10463.3045,33556.33,2.09,3.0,8.0,2.0,1.0,0.0,1088320154.0,43532806.16,131937729.0,4,0.1197707667753142,0.1501432578714465,0.2068767789755427,0.0240816465582292,35107101.741935484,33554.240000000005,0.06060606060606061,94688.19354838709,2280.248387096774,0.20687677897554274,137273.60888888888,0.7297708322408095,0.31180384434637676,3.2065427759675766,24.0,3.0,64.78999999999999,4.71,30713.293451203,88404922.84,4.71
2017,STMicroelectronics,ITA,65,logic_mature,0,2017,STM,idm_diversified,8.63,24.1,2.08,1.04,0.86,0.0,0.0,0.0,0.0,0.0,0.0,4.944166666666667,7.11,3.5,0.0,0.0,0.0,0.0,0.0,824441888.0,13740698.133333333,39171620.0,0,0.1205098353986285,0.0996523638873274,0.2410196707972571,0.0,824441888.0,3.61,0.0,0.0,0.0,0.24101967079725717,0.0,0.0,0.6096383066173449,0.6073180989765876,0.0,0.0,1.04,1.9,0.0,25430921.866666667,1.9
2018,STMicroelectronics,ITA,65,logic_mature,20555,2017,STM,idm_diversified,9.3,12.8,1.19,1.12,0.93,0.0,0.0,0.0,0.0,0.0,0.0,6.297499999999999,8.43,4.13,1.0,5.0,1.0,0.0,0.0,937556570.0,15625942.833333334,44840672.0,1,0.1204300945774091,0.0999999892473129,0.1279569754884972,0.0,937556570.0,4.3,0.015151515151515152,0.0,0.0,0.12795697548849724,0.0,0.0,0.6678154825026511,0.5892428914011648,5.0,1.0,1.12,2.0500000000000003,0.0,29214729.166666664,2.0500000000000003
2019,STMicroelectronics,ITA,65,logic_mature,41831,2017,STM,idm_diversified,10.39,27.6,2.87,1.25,1.04,0.0,0.0,0.0,0.0,0.0,0.0,4.458333333333333,6.97,2.85,2.0,6.0,2.0,0.0,0.0,824613952.0,13743565.866666667,38651660.0,2,0.1203079768712245,0.1000962367568588,0.2762271148963316,0.0,824613952.0,4.119999999999999,0.030303030303030304,0.0,0.0,0.2762271148963316,0.0,0.0,0.5593893768297783,0.7548091603053434,12.0,2.0,1.25,2.29,0.0,24908094.133333333,2.29
2020,STMicroelectronics,ITA,65,logic_mature,54297,2017,STM,idm_diversified,10.08,14.2,1.43,1.21,1.01,4.0,40006.0,600.1,34.0,197.75,307.5,3.8054166666666656,4.82,2.71,3.0,8.0,3.0,0.0,0.0,880778716.0,14679645.266666668,41756367.0,3,0.120039670630985,0.1001984027580949,0.1418650652911641,0.0149998750218711,176155743.2,2.1100000000000003,0.045454545454545456,8001.2,120.02000000000001,0.14186506529116416,6723.5,0.6410048622366289,0.6538516609392896,0.4390878349085235,24.0,3.0,6.05,2.2199999999999998,0.15223949916666663,27076721.733333334,2.2199999999999998
2021,STMicroelectronics,ITA,65,logic_mature,55159,2017,STM,idm_diversified,13.03,19.1,2.49,1.56,1.3,7.0,209085.0,3136.2000000000003,44.57142857142857,243.57142857142856,307.1428571428572,4.252083333333333,5.1,2.93,1.0,5.0,1.0,0.0,0.0,1111785028.0,18529750.466666665,52923444.0,4,0.1197237053166765,0.0997697544305637,0.1910974527170029,0.0149995695551112,138973128.5,2.1699999999999995,0.06060606060606061,26135.625,392.02500000000003,0.1910974527170029,10856.326530612243,0.7904496986555398,0.6970628415300547,0.41316937723125735,5.0,1.0,12.48,2.8600000000000003,0.88904684375,34393693.53333333,2.8600000000000003
2022,STMicroelectronics,ITA,65,logic_mature,60634,2017,STM,idm_diversified,16.01,16.7,2.67,1.92,1.6,8.0,152204.0,2283.0,43.0,236.875,290.625,80.2238888888889,278.45,2.05,4.0,9.0,4.0,0.0,0.0,1148168388.0,19136139.8,54549224.0,5,0.119925039355088,0.0999375327959067,0.1667707578531693,0.0149995072435202,127574265.33333331,276.4,0.07575757575757576,16911.555555555555,253.66666666666666,0.16677075785316936,10185.625,0.8122588941277326,0.28707779169400216,3.402939748158382,36.0,4.0,17.28,3.52,12.210396784444447,35413084.2,3.52
2023,STMicroelectronics,ITA,65,logic_mature,57893,2017,STM,idm_diversified,17.6,21.6,3.8,2.11,1.76,15.0,991098.0,23611.1,156.0,414.9333333333333,343.8,7427.86695652174,35640.01,1.38,7.0,7.428571428571429,3.0,3.0,1.0,1053770850.0,17562847.5,51618069.0,6,0.1198863568246387,0.0999999943181821,0.2159090786415295,0.023823149856876,65860678.125,35638.630000000005,0.09090909090909091,61943.625,1475.69375,0.21590907864152958,64729.59999999999,1.2034029389017786,0.20840786937636557,4.797317034829,52.0,7.0,33.76,3.87,7361.744084874784,34055221.5,3.87
2024,STMicroelectronics,ITA,65,logic_mature,64068,2017,STM,idm_diversified,12.72,22.1,2.81,1.53,1.27,26.0,4904042.0,109819.4,145.5,804.6923076923077,1360.7692307692307,9161.659411764706,42124.09,1.91,6.0,6.666666666666667,4.0,2.0,0.0,1261097212.0,21018286.866666667,61310821.0,7,0.1202830094117131,0.0998427594463239,0.2209119323182443,0.0223936454064534,46707304.14814815,42122.17999999999,0.10606060606060606,181631.1851851852,4067.385185185185,0.22091193231824433,117082.73076923078,0.5909167937637689,0.2174869991201136,4.597156579444151,40.0,6.0,41.31,2.8,44929.16254498941,40292534.13333333,2.8
2025,STMicroelectronics,ITA,65,logic_mature,62014,2017,STM,idm_diversified,15.85,20.5,3.25,1.9,1.58,30.0,4876006.0,112487.8,147.96666666666667,927.7333333333332,1270.2666666666669,11861.496,37949.43,1.8,7.0,6.857142857142857,6.0,1.0,0.0,1591280610.0,26521343.5,85348277.0,8,0.1198738094716839,0.0996845362975056,0.2050473056752488,0.0230696551502079,51331632.58064516,37947.63,0.12121212121212122,157290.51612903227,3628.6387096774192,0.20504730567524887,137273.60888888888,0.7297708322408095,0.31255234789171027,3.1989582968036405,48.0,7.0,58.9,3.48,57836.725664975995,58826933.5,3.48
2026,STMicroelectronics,ITA,65,logic_mature,59915,2017,STM,idm_diversified,16.33,19.6,3.2,1.96,1.63,30.0,2935334.0,70687.7,147.96666666666667,927.7333333333332,1270.2666666666669,10463.3045,33556.33,2.09,3.0,8.0,2.0,1.0,0.0,1088320154.0,43532806.16,131937729.0,9,0.1200244874449181,0.0998162829261308,0.1959583468488459,0.0240816465582292,35107101.741935484,33554.240000000005,0.13636363636363635,94688.19354838709,2280.248387096774,0.1959583468488459,137273.60888888888,0.7297708322408095,0.31180384434637676,3.2065427759675766,24.0,3.0,60.76,3.59,30713.293451203,88404922.84,3.59
2015,NXP Semiconductors,NLD,90,logic_mature,0,2015,NXPI,idm_automotive,5.94,20.5,1.22,0.71,0.89,0.0,0.0,0.0,0.0,0.0,0.0,2.605833333333333,3.38,2.0,0.0,0.0,0.0,0.0,0.0,670335722.0,11172262.033333331,30990284.0,0,0.1195285994059596,0.1498316246074706,0.2053871708102405,0.0,670335722.0,1.38,0.0,0.0,0.0,0.20538717081024058,0.0,0.0,0.5949391171993911,0.3827131962098452,0.0,0.0,0.71,1.6,0.0,19818021.96666667,1.6
2016,NXP Semiconductors,NLD,90,logic_mature,11620,2015,NXPI,idm_automotive,7.47,19.0,1.42,0.9,1.12,0.0,0.0,0.0,0.0,0.0,0.0,2.89625,3.78,1.85,0.0,0.0,0.0,0.0,0.0,677861710.0,11297695.166666666,32073453.0,1,0.1204819115820734,0.149933045524358,0.1900936827183825,0.0,677861710.0,1.93,0.01098901098901099,0.0,0.0,0.1900936827183825,0.0,0.0,0.6059100418410043,0.4953480911132499,0.0,0.0,0.9,2.02,0.0,20775757.833333336,2.02
2017,NXP Semiconductors,NLD,90,logic_mature,26356,2015,NXPI,idm_automotive,7.89,19.9,1.57,0.95,1.18,0.0,0.0,0.0,0.0,0.0,0.0,4.944166666666667,7.11,3.5,0.0,0.0,0.0,0.0,0.0,824441888.0,13740698.133333333,39171620.0,2,0.1204055614188135,0.1495563815517894,0.1989860330816181,0.0,824441888.0,3.61,0.02197802197802198,0.0,0.0,0.19898603308161814,0.0,0.0,0.6096383066173449,0.6073180989765876,0.0,0.0,0.95,2.13,0.0,25430921.866666667,2.13
2018,NXP Semiconductors,NLD,90,logic_mature,39625,2015,NXPI,idm_automotive,9.15,19.0,1.74,1.1,1.37,0.0,0.0,0.0,0.0,0.0,0.0,6.297499999999999,8.43,4.13,1.0,5.0,1.0,0.0,0.0,937556570.0,15625942.833333334,44840672.0,3,0.1202185660963316,0.1497267595927039,0.1901639136432881,0.0,937556570.0,4.3,0.03296703296703297,0.0,0.0,0.19016391364328813,0.0,0.0,0.6678154825026511,0.5892428914011648,5.0,1.0,1.1,2.47,0.0,29214729.166666664,2.47
2019,NXP Semiconductors,NLD,90,logic_mature,39160,2015,NXPI,idm_automotive,8.98,14.9,1.34,1.08,1.35,0.0,0.0,0.0,0.0,0.0,0.0,4.458333333333333,6.97,2.85,2.0,6.0,2.0,0.0,0.0,824613952.0,13743565.866666667,38651660.0,4,0.1202672471862753,0.1503340589828442,0.1492204733607491,0.0,824613952.0,4.119999999999999,0.04395604395604396,0.0,0.0,0.1492204733607491,0.0,0.0,0.5593893768297783,0.7548091603053434,12.0,2.0,1.08,2.43,0.0,24908094.133333333,2.43
2020,NXP Semiconductors,NLD,90,logic_mature,42217,2015,NXPI,idm_automotive,8.19,21.4,1.76,0.98,1.23,4.0,40006.0,600.1,34.0,197.75,307.5,3.8054166666666656,4.82,2.71,3.0,8.0,3.0,0.0,0.0,880778716.0,14679645.266666668,41756367.0,5,0.1196581050478504,0.1501831318457714,0.214896188657364,0.0149998750218711,176155743.2,2.1100000000000003,0.054945054945054944,8001.2,120.02000000000001,0.21489618865736407,6723.5,0.6410048622366289,0.6538516609392896,0.4390878349085235,24.0,3.0,4.9,2.21,0.15223949916666663,27076721.733333334,2.21
2021,NXP Semiconductors,NLD,90,logic_mature,42470,2015,NXPI,idm_automotive,10.73,12.3,1.32,1.29,1.61,7.0,209085.0,3136.2000000000003,44.57142857142857,243.57142857142856,307.1428571428572,4.252083333333333,5.1,2.93,1.0,5.0,1.0,0.0,0.0,1111785028.0,18529750.466666665,52923444.0,6,0.120223660743368,0.1500465843386221,0.1230195598304231,0.0149995695551112,138973128.5,2.1699999999999995,0.06593406593406594,26135.625,392.02500000000003,0.12301955983042313,10856.326530612243,0.7904496986555398,0.6970628415300547,0.41316937723125735,5.0,1.0,10.32,2.9000000000000004,0.88904684375,34393693.53333333,2.9000000000000004
2022,NXP Semiconductors,NLD,90,logic_mature,39660,2015,NXPI,idm_automotive,13.51,20.8,2.81,1.62,2.03,8.0,152204.0,2283.0,43.0,236.875,290.625,80.2238888888889,278.45,2.05,4.0,9.0,4.0,0.0,0.0,1148168388.0,19136139.8,54549224.0,7,0.1199111680302614,0.150259056235451,0.2079940630648362,0.0149995072435202,127574265.33333331,276.4,0.07692307692307693,16911.555555555555,253.66666666666666,0.2079940630648362,10185.625,0.8122588941277326,0.28707779169400216,3.402939748158382,36.0,4.0,14.580000000000002,3.65,12.210396784444447,35413084.2,3.65
2023,NXP Semiconductors,NLD,90,logic_mature,35950,2015,NXPI,idm_automotive,13.02,6.0,0.79,1.56,1.95,15.0,991098.0,23611.1,156.0,414.9333333333333,343.8,7427.86695652174,35640.01,1.38,7.0,7.428571428571429,3.0,3.0,1.0,1053770850.0,17562847.5,51618069.0,8,0.1198156590003334,0.1497695737504167,0.0606758785963226,0.023823149856876,65860678.125,35638.630000000005,0.08791208791208792,61943.625,1475.69375,0.060675878596322695,64729.59999999999,1.2034029389017786,0.20840786937636557,4.797317034829,52.0,7.0,24.96,3.51,7361.744084874784,34055221.5,3.51
2024,NXP Semiconductors,NLD,90,logic_mature,41253,2015,NXPI,idm_automotive,12.92,21.0,2.72,1.55,1.94,26.0,4904042.0,109819.4,145.5,804.6923076923077,1360.7692307692307,9161.659411764706,42124.09,1.91,6.0,6.666666666666667,4.0,2.0,0.0,1261097212.0,21018286.866666667,61310821.0,9,0.1199690309621493,0.1501547871397223,0.2105262994948684,0.0223936454064534,46707304.14814815,42122.17999999999,0.0989010989010989,181631.1851851852,4067.385185185185,0.21052629949486848,117082.73076923078,0.5909167937637689,0.2174869991201136,4.597156579444151,40.0,6.0,41.85,3.49,44929.16254498941,40292534.13333333,3.49
2025,NXP Semiconductors,NLD,90,logic_mature,43182,2015,NXPI,idm_automotive,15.09,21.3,3.21,1.81,2.26,30.0,4876006.0,112487.8,147.96666666666667,927.7333333333332,1270.2666666666669,11861.496,37949.43,1.8,7.0,6.857142857142857,6.0,1.0,0.0,1591280610.0,26521343.5,85348277.0,10,0.1199469768093454,0.1497680483917794,0.2127236439546955,0.0230696551502079,51331632.58064516,37947.63,0.10989010989010989,157290.51612903227,3628.6387096774192,0.21272364395469556,137273.60888888888,0.7297708322408095,0.31255234789171027,3.1989582968036405,48.0,7.0,56.11,4.07,57836.725664975995,58826933.5,4.07
2026,NXP Semiconductors,NLD,90,logic_mature,44685,2015,NXPI,idm_automotive,15.68,19.5,3.06,1.88,2.35,30.0,2935334.0,70687.7,147.96666666666667,927.7333333333332,1270.2666666666669,10463.3045,33556.33,2.09,3.0,8.0,2.0,1.0,0.0,1088320154.0,43532806.16,131937729.0,11,0.1198979515371204,0.1498724394214005,0.1951530487785045,0.0240816465582292,35107101.741935484,33554.240000000005,0.12087912087912088,94688.19354838709,2280.248387096774,0.19515304877850456,137273.60888888888,0.7297708322408095,0.31180384434637676,3.2065427759675766,24.0,3.0,58.279999999999994,4.23,30713.293451203,88404922.84,4.23
2019,Renesas,JPN,40,logic_mature,0,2019,6723,idm_automotive,6.62,19.4,1.28,0.79,0.99,0.0,0.0,0.0,0.0,0.0,0.0,4.458333333333333,6.97,2.85,2.0,6.0,2.0,0.0,0.0,824613952.0,13743565.866666667,38651660.0,0,0.1193353294055393,0.14954680520441,0.1933534451127726,0.0,824613952.0,4.119999999999999,0.0,0.0,0.0,0.19335344511277264,0.0,0.0,0.5593893768297783,0.7548091603053434,12.0,2.0,0.79,1.78,0.0,24908094.133333333,1.78
2020,Renesas,JPN,40,logic_mature,15723,2019,6723,idm_automotive,6.82,19.3,1.31,0.82,1.02,4.0,40006.0,600.1,34.0,197.75,307.5,3.8054166666666656,4.82,2.71,3.0,8.0,3.0,0.0,0.0,880778716.0,14679645.266666668,41756367.0,1,0.120234586475867,0.14956009537242,0.1920820832724218,0.0149998750218711,176155743.2,2.1100000000000003,0.024390243902439025,8001.2,120.02000000000001,0.1920820832724218,6723.5,0.6410048622366289,0.6538516609392896,0.4390878349085235,24.0,3.0,4.1,1.8399999999999999,0.15223949916666663,27076721.733333334,1.8399999999999999
2021,Renesas,JPN,40,logic_mature,36855,2019,6723,idm_automotive,8.53,19.8,1.69,1.02,1.28,7.0,209085.0,3136.2000000000003,44.57142857142857,243.57142857142856,307.1428571428572,4.252083333333333,5.1,2.93,1.0,5.0,1.0,0.0,0.0,1111785028.0,18529750.466666665,52923444.0,2,0.1195779461221634,0.1500585990552639,0.1981242440651531,0.0149995695551112,138973128.5,2.1699999999999995,0.04878048780487805,26135.625,392.02500000000003,0.19812424406515314,10856.326530612243,0.7904496986555398,0.6970628415300547,0.41316937723125735,5.0,1.0,8.16,2.3,0.88904684375,34393693.53333333,2.3
2022,Renesas,JPN,40,logic_mature,47658,2019,6723,idm_automotive,11.35,17.1,1.94,1.36,1.7,8.0,152204.0,2283.0,43.0,236.875,290.625,80.2238888888889,278.45,2.05,4.0,9.0,4.0,0.0,0.0,1148168388.0,19136139.8,54549224.0,3,0.1198237779890944,0.149779722486368,0.1709250950726788,0.0149995072435202,127574265.33333331,276.4,0.07317073170731707,16911.555555555555,253.66666666666666,0.17092509507267886,10185.625,0.8122588941277326,0.28707779169400216,3.402939748158382,36.0,4.0,12.24,3.06,12.210396784444447,35413084.2,3.06
2023,Renesas,JPN,40,logic_mature,51908,2019,6723,idm_automotive,10.31,11.7,1.2,1.24,1.55,15.0,991098.0,23611.1,156.0,414.9333333333333,343.8,7427.86695652174,35640.01,1.38,7.0,7.428571428571429,3.0,3.0,1.0,1053770850.0,17562847.5,51618069.0,4,0.1202715693238051,0.1503394616547564,0.1163918412811017,0.023823149856876,65860678.125,35638.630000000005,0.0975609756097561,61943.625,1475.69375,0.11639184128110172,64729.59999999999,1.2034029389017786,0.20840786937636557,4.797317034829,52.0,7.0,19.84,2.79,7361.744084874784,34055221.5,2.79
2024,Renesas,JPN,40,logic_mature,45954,2019,6723,idm_automotive,9.34,21.9,2.05,1.12,1.4,26.0,4904042.0,109819.4,145.5,804.6923076923077,1360.7692307692307,9161.659411764706,42124.09,1.91,6.0,6.666666666666667,4.0,2.0,0.0,1261097212.0,21018286.866666667,61310821.0,5,0.1199143340562811,0.1498929175703514,0.2194860578708717,0.0223936454064534,46707304.14814815,42122.17999999999,0.12195121951219512,181631.1851851852,4067.385185185185,0.21948605787087175,117082.73076923078,0.5909167937637689,0.2174869991201136,4.597156579444151,40.0,6.0,30.240000000000002,2.52,44929.16254498941,40292534.13333333,2.52
2025,Renesas,JPN,40,logic_mature,50113,2019,6723,idm_automotive,10.45,22.1,2.31,1.25,1.57,30.0,4876006.0,112487.8,147.96666666666667,927.7333333333332,1270.2666666666669,11861.496,37949.43,1.8,7.0,6.857142857142857,6.0,1.0,0.0,1591280610.0,26521343.5,85348277.0,6,0.1196172134337595,0.1502392200728019,0.2210526104255875,0.0230696551502079,51331632.58064516,37947.63,0.14634146341463414,157290.51612903227,3628.6387096774192,0.22105261042558755,137273.60888888888,0.7297708322408095,0.31255234789171027,3.1989582968036405,48.0,7.0,38.75,2.8200000000000003,57836.725664975995,58826933.5,2.8200000000000003
2026,Renesas,JPN,40,logic_mature,59332,2019,6723,idm_automotive,11.15,20.0,2.23,1.34,1.67,30.0,2935334.0,70687.7,147.96666666666667,927.7333333333332,1270.2666666666669,10463.3045,33556.33,2.09,3.0,8.0,2.0,1.0,0.0,1088320154.0,43532806.16,131937729.0,7,0.1201793614188913,0.1497757713205586,0.1999999820627818,0.0240816465582292,35107101.741935484,33554.240000000005,0.17073170731707318,94688.19354838709,2280.248387096774,0.19999998206278188,137273.60888888888,0.7297708322408095,0.31180384434637676,3.2065427759675766,24.0,3.0,41.54,3.01,30713.293451203,88404922.84,3.01
2020,Hua Hong,CHN,28,logic_mature,0,2020,1347,foundry,0.97,38.8,0.38,0.08,0.44,4.0,40006.0,600.1,34.0,197.75,307.5,3.8054166666666656,4.82,2.71,3.0,8.0,3.0,0.0,0.0,880778716.0,14679645.266666668,41756367.0,0,0.0824741417792352,0.453607779785794,0.3917521734513676,0.0149998750218711,176155743.2,2.1100000000000003,0.0,8001.2,120.02000000000001,0.3917521734513676,6723.5,0.6410048622366289,0.6538516609392896,0.4390878349085235,24.0,3.0,0.4,0.52,0.15223949916666663,27076721.733333334,0.52
2021,Hua Hong,CHN,28,logic_mature,24334,2020,1347,foundry,1.78,43.1,0.77,0.14,0.8,7.0,209085.0,3136.2000000000003,44.57142857142857,243.57142857142856,307.1428571428572,4.252083333333333,5.1,2.93,1.0,5.0,1.0,0.0,0.0,1111785028.0,18529750.466666665,52923444.0,1,0.0786516412069431,0.4494379497539608,0.4325840266381873,0.0149995695551112,138973128.5,2.1699999999999995,0.034482758620689655,26135.625,392.02500000000003,0.4325840266381873,10856.326530612243,0.7904496986555398,0.6970628415300547,0.41316937723125735,5.0,1.0,1.12,0.9400000000000001,0.88904684375,34393693.53333333,0.9400000000000001
2022,Hua Hong,CHN,28,logic_mature,47222,2020,1347,foundry,2.51,42.9,1.08,0.2,1.13,8.0,152204.0,2283.0,43.0,236.875,290.625,80.2238888888889,278.45,2.05,4.0,9.0,4.0,0.0,0.0,1148168388.0,19136139.8,54549224.0,2,0.0796812431548832,0.4501990238250901,0.4302787130363693,0.0149995072435202,127574265.33333331,276.4,0.06896551724137931,16911.555555555555,253.66666666666666,0.43027871303636933,10185.625,0.8122588941277326,0.28707779169400216,3.402939748158382,36.0,4.0,1.8,1.3299999999999998,12.210396784444447,35413084.2,1.3299999999999998
2023,Hua Hong,CHN,28,logic_mature,69633,2020,1347,foundry,2.32,38.3,0.89,0.19,1.04,15.0,991098.0,23611.1,156.0,414.9333333333333,343.8,7427.86695652174,35640.01,1.38,7.0,7.428571428571429,3.0,3.0,1.0,1053770850.0,17562847.5,51618069.0,3,0.0818965164239153,0.4482756688466945,0.3836205243014982,0.023823149856876,65860678.125,35638.630000000005,0.10344827586206896,61943.625,1475.69375,0.3836205243014982,64729.59999999999,1.2034029389017786,0.20840786937636557,4.797317034829,52.0,7.0,3.04,1.23,7361.744084874784,34055221.5,1.23
2024,Hua Hong,CHN,28,logic_mature,74939,2020,1347,foundry,1.94,40.3,0.78,0.16,0.87,26.0,4904042.0,109819.4,145.5,804.6923076923077,1360.7692307692307,9161.659411764706,42124.09,1.91,6.0,6.666666666666667,4.0,2.0,0.0,1261097212.0,21018286.866666667,61310821.0,4,0.0824741842916575,0.4484533770858881,0.4020616484218307,0.0223936454064534,46707304.14814815,42122.17999999999,0.13793103448275862,181631.1851851852,4067.385185185185,0.40206164842183073,117082.73076923078,0.5909167937637689,0.2174869991201136,4.597156579444151,40.0,6.0,4.32,1.03,44929.16254498941,40292534.13333333,1.03
2025,Hua Hong,CHN,28,logic_mature,72635,2020,1347,foundry,2.2,44.4,0.98,0.18,0.99,30.0,4876006.0,112487.8,147.96666666666667,927.7333333333332,1270.2666666666669,11861.496,37949.43,1.8,7.0,6.857142857142857,6.0,1.0,0.0,1591280610.0,26521343.5,85348277.0,5,0.081818144628116,0.4499997954546383,0.4454543429752985,0.0230696551502079,51331632.58064516,37947.63,0.1724137931034483,157290.51612903227,3628.6387096774192,0.44545434297529857,137273.60888888888,0.7297708322408095,0.31255234789171027,3.1989582968036405,48.0,7.0,5.58,1.17,57836.725664975995,58826933.5,1.17
2026,Hua Hong,CHN,28,logic_mature,70440,2020,1347,foundry,2.32,35.7,0.83,0.19,1.05,30.0,2935334.0,70687.7,147.96666666666667,927.7333333333332,1270.2666666666669,10463.3045,33556.33,2.09,3.0,8.0,2.0,1.0,0.0,1088320154.0,43532806.16,131937729.0,6,0.0818965164239153,0.4525860118163742,0.3577584664834196,0.0240816465582292,35107101.741935484,33554.240000000005,0.20689655172413793,94688.19354838709,2280.248387096774,0.3577584664834196,137273.60888888888,0.7297708322408095,0.31180384434637676,3.2065427759675766,24.0,3.0,5.89,1.24,30713.293451203,88404922.84,1.24
