year,company,country_iso3,process_node_nm,fab_type,monthly_wafer_capacity,fab_started_year,ticker,segment,revenue_usd_bn,operating_margin_pct,operating_income_usd_bn,rd_spend_usd_bn,capex_usd_bn,ai_chip_launches,total_ai_shipments,total_ai_revenue_m,avg_memory_gb,avg_fp16_tflops,avg_tdp,avg_chip_price,highest_chip_price,lowest_chip_price,export_control_events,avg_severity_score,us_actions,china_actions,netherlands_actions,worldwide_sales,average_monthly_sales,max_monthly_sales,fab_age,rd_ratio,capex_ratio,operating_income_ratio,ai_revenue_per_chip,sales_per_launch,price_spread,company_fab_age_ratio,shipments_per_launch,revenue_per_ai_launch,profit_margin,performance_score,performance_per_watt,price_index,price_volatility,export_risk_score,geo_risk,innovation_score,investment_score,ai_market_score,sales_variation,growth_potential
2022,TSMC,TWN,3,logic_leading,0,2022,TSM,foundry,74.93,38.9,29.18,5.99,33.72,8.0,152204.0,2283.0,43.0,236.875,290.625,80.2238888888889,278.45,2.05,4.0,9.0,4.0,0.0,0.0,1148168388.0,19136139.8,54549224.0,0,0.0799412774597454,0.45002001267823283,0.38943012959522044,0.014999507243520253,127574265.33333333,276.4,0.0,16911.555555555555,253.66666666666666,38.9,10185.625,0.8122588941277326,0.28707779169400216,3.402939748158382,36.0,13.0,63.95302196779632,17.505778493183257,36.0533225,35413084.2,3.5975174695948757
2023,TSMC,TWN,3,logic_leading,38445,2022,TSM,foundry,70.42,41.1,28.94,5.63,31.69,15.0,991098.0,23611.1,156.0,414.9333333333333,343.8,7427.86695652174,35640.01,1.38,7.0,7.428571428571429,3.0,3.0,1.0,1053770850.0,17562847.5,51618069.0,1,0.07994887702429881,0.4500141941207868,0.4109627888247261,0.02382314985687605,65860678.125,35638.630000000005,0.0004940711462450593,61943.625,1475.69375,41.1,64729.59999999999,1.2034029389017786,0.20840786937636557,4.797317034829,52.0,14.428571428571429,119.92331553644821,18.495583378364337,411.23959679999996,34055221.5,3.5978129464951722
2024,TSMC,TWN,3,logic_leading,80106,2022,TSM,foundry,88.89,41.3,36.71,7.11,40.0,26.0,4904042.0,109819.4,145.5,804.6923076923077,1360.7692307692307,9161.659411764706,42124.09,1.91,6.0,6.666666666666667,4.0,2.0,0.0,1261097212.0,21018286.866666667,61310821.0,2,0.07998649926891102,0.44999437000793824,0.4129823330747853,0.02239364540645341,46707304.14814815,42122.17999999999,0.0009876543209876543,181631.1851851852,4067.385185185185,41.3,117082.73076923078,0.5909167937637689,0.2174869991201136,4.597156579444151,40.0,12.666666666666668,207.96489809916866,18.584767481327848,3946.244874,40292534.13333333,3.5993474347654026
2025,TSMC,TWN,3,logic_leading,129646,2022,TSM,foundry,108.13,38.8,41.93,8.65,48.66,30.0,4876006.0,112487.8,147.96666666666667,927.7333333333332,1270.2666666666669,11861.496,37949.43,1.8,7.0,6.857142857142857,6.0,1.0,0.0,1591280610.0,26521343.5,85348277.0,3,0.07999630000928236,0.4500138680290958,0.38777397218372356,0.023069655150207948,51331632.58064516,37947.63,0.0014807502467917078,157290.51612903227,3628.6387096774192,38.8,137273.60888888888,0.7297708322408095,0.31255234789171027,3.1989582968036405,48.0,13.857142857142858,239.9889000278471,17.460538079528916,4523.633299733333,58826933.5,3.599944439519315
2026,TSMC,TWN,3,logic_leading,136143,2022,TSM,foundry,113.25,37.6,42.53,9.06,50.96,30.0,2935334.0,70687.7,147.96666666666667,927.7333333333332,1270.2666666666669,10463.3045,33556.33,2.09,3.0,8.0,2.0,1.0,0.0,1088320154.0,43532806.16,131937729.0,4,0.07999999929359825,0.4499779209714974,0.37554083553606327,0.024081646558229298,35107101.741935484,33554.240000000005,0.001973359644795264,94688.19354838709,2280.248387096774,37.6,137273.60888888888,0.7297708322408095,0.31180384434637676,3.2065427759675766,24.0,11.0,239.99999788079472,16.919169828528304,2723.2071962666664,88404922.84,3.59982333598546
2020,TSMC,TWN,5,logic_leading,0,2020,TSM,foundry,45.25,38.0,17.18,3.62,20.36,4.0,40006.0,600.1,34.0,197.75,307.5,3.8054166666666656,4.82,2.71,3.0,8.0,3.0,0.0,0.0,880778716.0,14679645.266666668,41756367.0,0,0.07999999823204425,0.44994474143768526,0.37966849989682877,0.014999875021871173,176155743.2,2.1100000000000003,0.0,8001.2,120.02000000000001,38.0,6723.5,0.6410048622366289,0.6538516609392896,0.4390878349085235,24.0,11.0,31.999999292817698,17.09790017463204,7.9111865,27076721.733333334,3.5995578519532425
2021,TSMC,TWN,5,logic_leading,53296,2020,TSM,foundry,62.97,39.5,24.9,5.04,28.34,7.0,209085.0,3136.2000000000003,44.57142857142857,243.57142857142856,307.1428571428572,4.252083333333333,5.1,2.93,1.0,5.0,1.0,0.0,0.0,1111785028.0,18529750.466666665,52923444.0,1,0.08003811211627582,0.450055574876043,0.39542638724112456,0.014999569555111295,138973128.5,2.1699999999999995,0.0004945598417408506,26135.625,392.02500000000003,39.5,10856.326530612243,0.7904496986555398,0.6970628415300547,0.41316937723125735,5.0,6.0,56.02667848139306,17.777195207603697,50.92713214285714,34393693.53333333,3.6021598560483694
2022,TSMC,TWN,5,logic_leading,95116,2020,TSM,foundry,74.93,38.9,29.18,5.99,33.72,8.0,152204.0,2283.0,43.0,236.875,290.625,80.2238888888889,278.45,2.05,4.0,9.0,4.0,0.0,0.0,1148168388.0,19136139.8,54549224.0,2,0.0799412774597454,0.45002001267823283,0.38943012959522044,0.014999507243520253,127574265.33333333,276.4,0.0009886307464162135,16911.555555555555,253.66666666666666,38.9,10185.625,0.8122588941277326,0.28707779169400216,3.402939748158382,36.0,13.0,63.95302196779632,17.505778493183257,36.0533225,35413084.2,3.5975174695948757
2023,TSMC,TWN,5,logic_leading,163173,2020,TSM,foundry,70.42,41.1,28.94,5.63,31.69,15.0,991098.0,23611.1,156.0,414.9333333333333,343.8,7427.86695652174,35640.01,1.38,7.0,7.428571428571429,3.0,3.0,1.0,1053770850.0,17562847.5,51618069.0,3,0.07994887702429881,0.4500141941207868,0.4109627888247261,0.02382314985687605,65860678.125,35638.630000000005,0.0014822134387351778,61943.625,1475.69375,41.1,64729.59999999999,1.2034029389017786,0.20840786937636557,4.797317034829,52.0,14.428571428571429,119.92331553644821,18.495583378364337,411.23959679999996,34055221.5,3.5978129464951722
2024,TSMC,TWN,5,logic_leading,146070,2020,TSM,foundry,88.89,41.3,36.71,7.11,40.0,26.0,4904042.0,109819.4,145.5,804.6923076923077,1360.7692307692307,9161.659411764706,42124.09,1.91,6.0,6.666666666666667,4.0,2.0,0.0,1261097212.0,21018286.866666667,61310821.0,4,0.07998649926891102,0.44999437000793824,0.4129823330747853,0.02239364540645341,46707304.14814815,42122.17999999999,0.0019753086419753087,181631.1851851852,4067.385185185185,41.3,117082.73076923078,0.5909167937637689,0.2174869991201136,4.597156579444151,40.0,12.666666666666668,207.96489809916866,18.584767481327848,3946.244874,40292534.13333333,3.5993474347654026
2025,TSMC,TWN,5,logic_leading,165947,2020,TSM,foundry,108.13,38.8,41.93,8.65,48.66,30.0,4876006.0,112487.8,147.96666666666667,927.7333333333332,1270.2666666666669,11861.496,37949.43,1.8,7.0,6.857142857142857,6.0,1.0,0.0,1591280610.0,26521343.5,85348277.0,5,0.07999630000928236,0.4500138680290958,0.38777397218372356,0.023069655150207948,51331632.58064516,37947.63,0.0024679170779861796,157290.51612903227,3628.6387096774192,38.8,137273.60888888888,0.7297708322408095,0.31255234789171027,3.1989582968036405,48.0,13.857142857142858,239.9889000278471,17.460538079528916,4523.633299733333,58826933.5,3.599944439519315
2026,TSMC,TWN,5,logic_leading,165561,2020,TSM,foundry,113.25,37.6,42.53,9.06,50.96,30.0,2935334.0,70687.7,147.96666666666667,927.7333333333332,1270.2666666666669,10463.3045,33556.33,2.09,3.0,8.0,2.0,1.0,0.0,1088320154.0,43532806.16,131937729.0,6,0.07999999929359825,0.4499779209714974,0.37554083553606327,0.024081646558229298,35107101.741935484,33554.240000000005,0.0029600394671928957,94688.19354838709,2280.248387096774,37.6,137273.60888888888,0.7297708322408095,0.31180384434637676,3.2065427759675766,24.0,11.0,239.99999788079472,16.919169828528304,2723.2071962666664,88404922.84,3.59982333598546
2018,TSMC,TWN,7,logic_leading,0,2018,TSM,foundry,34.58,37.1,12.84,2.77,15.56,0.0,0.0,0.0,0.0,0.0,0.0,6.297499999999999,8.43,4.13,1.0,5.0,1.0,0.0,0.0,937556570.0,15625942.833333334,44840672.0,0,0.08010410410340937,0.44997106853756313,0.371312886890894,0.0,937556570.0,4.3,0.0,0.0,0.0,37.1,0.0,0.0,0.6678154825026511,0.5892428914011648,5.0,6.0,0.0,16.693926642743595,0.0,29214729.166666664,3.604452931765531
2019,TSMC,TWN,7,logic_leading,42633,2018,TSM,foundry,40.91,39.9,16.3,3.27,18.41,0.0,0.0,0.0,0.0,0.0,0.0,4.458333333333333,6.97,2.85,2.0,6.0,2.0,0.0,0.0,824613952.0,13743565.866666667,38651660.0,1,0.07993155512267039,0.45001221095056937,0.3984355805808952,0.0,824613952.0,4.119999999999999,0.0004950495049504951,0.0,0.0,39.9,0.0,0.0,0.5593893768297783,0.7548091603053434,12.0,8.0,0.0,17.955487216927718,0.0,24908094.133333333,3.5970175845470207
2020,TSMC,TWN,7,logic_leading,92536,2018,TSM,foundry,45.25,38.0,17.18,3.62,20.36,4.0,40006.0,600.1,34.0,197.75,307.5,3.8054166666666656,4.82,2.71,3.0,8.0,3.0,0.0,0.0,880778716.0,14679645.266666668,41756367.0,2,0.07999999823204425,0.44994474143768526,0.37966849989682877,0.014999875021871173,176155743.2,2.1100000000000003,0.0009896091044037606,8001.2,120.02000000000001,38.0,6723.5,0.6410048622366289,0.6538516609392896,0.4390878349085235,24.0,11.0,31.999999292817698,17.09790017463204,7.9111865,27076721.733333334,3.5995578519532425
2021,TSMC,TWN,7,logic_leading,129499,2018,TSM,foundry,62.97,39.5,24.9,5.04,28.34,7.0,209085.0,3136.2000000000003,44.57142857142857,243.57142857142856,307.1428571428572,4.252083333333333,5.1,2.93,1.0,5.0,1.0,0.0,0.0,1111785028.0,18529750.466666665,52923444.0,3,0.08003811211627582,0.450055574876043,0.39542638724112456,0.014999569555111295,138973128.5,2.1699999999999995,0.001483679525222552,26135.625,392.02500000000003,39.5,10856.326530612243,0.7904496986555398,0.6970628415300547,0.41316937723125735,5.0,6.0,56.02667848139306,17.777195207603697,50.92713214285714,34393693.53333333,3.6021598560483694
2022,TSMC,TWN,7,logic_leading,146937,2018,TSM,foundry,74.93,38.9,29.18,5.99,33.72,8.0,152204.0,2283.0,43.0,236.875,290.625,80.2238888888889,278.45,2.05,4.0,9.0,4.0,0.0,0.0,1148168388.0,19136139.8,54549224.0,4,0.0799412774597454,0.45002001267823283,0.38943012959522044,0.014999507243520253,127574265.33333333,276.4,0.001977261492832427,16911.555555555555,253.66666666666666,38.9,10185.625,0.8122588941277326,0.28707779169400216,3.402939748158382,36.0,13.0,63.95302196779632,17.505778493183257,36.0533225,35413084.2,3.5975174695948757
2023,TSMC,TWN,7,logic_leading,151030,2018,TSM,foundry,70.42,41.1,28.94,5.63,31.69,15.0,991098.0,23611.1,156.0,414.9333333333333,343.8,7427.86695652174,35640.01,1.38,7.0,7.428571428571429,3.0,3.0,1.0,1053770850.0,17562847.5,51618069.0,5,0.07994887702429881,0.4500141941207868,0.4109627888247261,0.02382314985687605,65860678.125,35638.630000000005,0.0024703557312252965,61943.625,1475.69375,41.1,64729.59999999999,1.2034029389017786,0.20840786937636557,4.797317034829,52.0,14.428571428571429,119.92331553644821,18.495583378364337,411.23959679999996,34055221.5,3.5978129464951722
2024,TSMC,TWN,7,logic_leading,134531,2018,TSM,foundry,88.89,41.3,36.71,7.11,40.0,26.0,4904042.0,109819.4,145.5,804.6923076923077,1360.7692307692307,9161.659411764706,42124.09,1.91,6.0,6.666666666666667,4.0,2.0,0.0,1261097212.0,21018286.866666667,61310821.0,6,0.07998649926891102,0.44999437000793824,0.4129823330747853,0.02239364540645341,46707304.14814815,42122.17999999999,0.002962962962962963,181631.1851851852,4067.385185185185,41.3,117082.73076923078,0.5909167937637689,0.2174869991201136,4.597156579444151,40.0,12.666666666666668,207.96489809916866,18.584767481327848,3946.244874,40292534.13333333,3.5993474347654026
2025,TSMC,TWN,7,logic_leading,149236,2018,TSM,foundry,108.13,38.8,41.93,8.65,48.66,30.0,4876006.0,112487.8,147.96666666666667,927.7333333333332,1270.2666666666669,11861.496,37949.43,1.8,7.0,6.857142857142857,6.0,1.0,0.0,1591280610.0,26521343.5,85348277.0,7,0.07999630000928236,0.4500138680290958,0.38777397218372356,0.023069655150207948,51331632.58064516,37947.63,0.0034550839091806516,157290.51612903227,3628.6387096774192,38.8,137273.60888888888,0.7297708322408095,0.31255234789171027,3.1989582968036405,48.0,13.857142857142858,239.9889000278471,17.460538079528916,4523.633299733333,58826933.5,3.599944439519315
2026,TSMC,TWN,7,logic_leading,148514,2018,TSM,foundry,113.25,37.6,42.53,9.06,50.96,30.0,2935334.0,70687.7,147.96666666666667,927.7333333333332,1270.2666666666669,10463.3045,33556.33,2.09,3.0,8.0,2.0,1.0,0.0,1088320154.0,43532806.16,131937729.0,8,0.07999999929359825,0.4499779209714974,0.37554083553606327,0.024081646558229298,35107101.741935484,33554.240000000005,0.003946719289590528,94688.19354838709,2280.248387096774,37.6,137273.60888888888,0.7297708322408095,0.31180384434637676,3.2065427759675766,24.0,11.0,239.99999788079472,16.919169828528304,2723.2071962666664,88404922.84,3.59982333598546
2015,TSMC,TWN,16,logic_mature,0,2015,TSM,foundry,27.31,42.3,11.56,2.18,12.29,0.0,0.0,0.0,0.0,0.0,0.0,2.605833333333333,3.38,2.0,0.0,0.0,0.0,0.0,0.0,670335722.0,11172262.033333331,30990284.0,0,0.07982423728215902,0.450018291833823,0.42328815733108177,0.0,670335722.0,1.38,0.0,0.0,0.0,42.3,0.0,0.0,0.5949391171993911,0.3827131962098452,0.0,0.0,0.0,19.03577374457071,0.0,19818021.96666667,3.5922366908654975
2016,TSMC,TWN,16,logic_mature,62369,2015,TSM,foundry,29.19,43.4,12.66,2.34,13.14,0.0,0.0,0.0,0.0,0.0,0.0,2.89625,3.78,1.85,0.0,0.0,0.0,0.0,0.0,677861710.0,11297695.166666666,32073453.0,1,0.08016443713037213,0.45015414696285894,0.43371015985919287,0.0,677861710.0,1.9299999999999997,0.0004957858205255329,0.0,0.0,43.4,0.0,0.0,0.6059100418410043,0.49534809111324984,0.0,0.0,0.0,19.53668997818808,0.0,20775757.833333336,3.6086353813180407
2017,TSMC,TWN,16,logic_mature,119768,2015,TSM,foundry,32.11,37.4,12.02,2.57,14.45,0.0,0.0,0.0,0.0,0.0,0.0,4.944166666666667,7.11,3.5,0.0,0.0,0.0,0.0,0.0,824441888.0,13740698.133333333,39171620.0,2,0.08003736904274777,0.4500155574582511,0.37433820073689816,0.0,824441888.0,3.6100000000000003,0.0009910802775024777,0.0,0.0,37.4,0.0,0.0,0.6096383066173449,0.6073180989765877,0.0,0.0,0.0,16.830581848938593,0.0,25430921.866666667,3.601806124726391
2018,TSMC,TWN,16,logic_mature,196357,2015,TSM,foundry,34.58,37.1,12.84,2.77,15.56,0.0,0.0,0.0,0.0,0.0,0.0,6.297499999999999,8.43,4.13,1.0,5.0,1.0,0.0,0.0,937556570.0,15625942.833333334,44840672.0,3,0.08010410410340937,0.44997106853756313,0.371312886890894,0.0,937556570.0,4.3,0.0014858841010401188,0.0,0.0,37.1,0.0,0.0,0.6678154825026511,0.5892428914011648,5.0,6.0,0.0,16.693926642743595,0.0,29214729.166666664,3.604452931765531
2019,TSMC,TWN,16,logic_mature,175711,2015,TSM,foundry,40.91,39.9,16.3,3.27,18.41,0.0,0.0,0.0,0.0,0.0,0.0,4.458333333333333,6.97,2.85,2.0,6.0,2.0,0.0,0.0,824613952.0,13743565.866666667,38651660.0,4,0.07993155512267039,0.45001221095056937,0.3984355805808952,0.0,824613952.0,4.119999999999999,0.0019801980198019802,0.0,0.0,39.9,0.0,0.0,0.5593893768297783,0.7548091603053434,12.0,8.0,0.0,17.955487216927718,0.0,24908094.133333333,3.5970175845470207
2020,TSMC,TWN,16,logic_mature,189222,2015,TSM,foundry,45.25,38.0,17.18,3.62,20.36,4.0,40006.0,600.1,34.0,197.75,307.5,3.8054166666666656,4.82,2.71,3.0,8.0,3.0,0.0,0.0,880778716.0,14679645.266666668,41756367.0,5,0.07999999823204425,0.44994474143768526,0.37966849989682877,0.014999875021871173,176155743.2,2.1100000000000003,0.002474022761009401,8001.2,120.02000000000001,38.0,6723.5,0.6410048622366289,0.6538516609392896,0.4390878349085235,24.0,11.0,31.999999292817698,17.09790017463204,7.9111865,27076721.733333334,3.5995578519532425
2021,TSMC,TWN,16,logic_mature,180878,2015,TSM,foundry,62.97,39.5,24.9,5.04,28.34,7.0,209085.0,3136.2000000000003,44.57142857142857,243.57142857142856,307.1428571428572,4.252083333333333,5.1,2.93,1.0,5.0,1.0,0.0,0.0,1111785028.0,18529750.466666665,52923444.0,6,0.08003811211627582,0.450055574876043,0.39542638724112456,0.014999569555111295,138973128.5,2.1699999999999995,0.002967359050445104,26135.625,392.02500000000003,39.5,10856.326530612243,0.7904496986555398,0.6970628415300547,0.41316937723125735,5.0,6.0,56.02667848139306,17.777195207603697,50.92713214285714,34393693.53333333,3.6021598560483694
2022,TSMC,TWN,16,logic_mature,187306,2015,TSM,foundry,74.93,38.9,29.18,5.99,33.72,8.0,152204.0,2283.0,43.0,236.875,290.625,80.2238888888889,278.45,2.05,4.0,9.0,4.0,0.0,0.0,1148168388.0,19136139.8,54549224.0,7,0.0799412774597454,0.45002001267823283,0.38943012959522044,0.014999507243520253,127574265.33333333,276.4,0.0034602076124567475,16911.555555555555,253.66666666666666,38.9,10185.625,0.8122588941277326,0.28707779169400216,3.402939748158382,36.0,13.0,63.95302196779632,17.505778493183257,36.0533225,35413084.2,3.5975174695948757
2023,TSMC,TWN,16,logic_mature,176020,2015,TSM,foundry,70.42,41.1,28.94,5.63,31.69,15.0,991098.0,23611.1,156.0,414.9333333333333,343.8,7427.86695652174,35640.01,1.38,7.0,7.428571428571429,3.0,3.0,1.0,1053770850.0,17562847.5,51618069.0,8,0.07994887702429881,0.4500141941207868,0.4109627888247261,0.02382314985687605,65860678.125,35638.630000000005,0.003952569169960474,61943.625,1475.69375,41.1,64729.59999999999,1.2034029389017786,0.20840786937636557,4.797317034829,52.0,14.428571428571429,119.92331553644821,18.495583378364337,411.23959679999996,34055221.5,3.5978129464951722
2024,TSMC,TWN,16,logic_mature,179554,2015,TSM,foundry,88.89,41.3,36.71,7.11,40.0,26.0,4904042.0,109819.4,145.5,804.6923076923077,1360.7692307692307,9161.659411764706,42124.09,1.91,6.0,6.666666666666667,4.0,2.0,0.0,1261097212.0,21018286.866666667,61310821.0,9,0.07998649926891102,0.44999437000793824,0.4129823330747853,0.02239364540645341,46707304.14814815,42122.17999999999,0.0044444444444444444,181631.1851851852,4067.385185185185,41.3,117082.73076923078,0.5909167937637689,0.2174869991201136,4.597156579444151,40.0,12.666666666666668,207.96489809916866,18.584767481327848,3946.244874,40292534.13333333,3.5993474347654026
2025,TSMC,TWN,16,logic_mature,187911,2015,TSM,foundry,108.13,38.8,41.93,8.65,48.66,30.0,4876006.0,112487.8,147.96666666666667,927.7333333333332,1270.2666666666669,11861.496,37949.43,1.8,7.0,6.857142857142857,6.0,1.0,0.0,1591280610.0,26521343.5,85348277.0,10,0.07999630000928236,0.4500138680290958,0.38777397218372356,0.023069655150207948,51331632.58064516,37947.63,0.004935834155972359,157290.51612903227,3628.6387096774192,38.8,137273.60888888888,0.7297708322408095,0.31255234789171027,3.1989582968036405,48.0,13.857142857142858,239.9889000278471,17.460538079528916,4523.633299733333,58826933.5,3.599944439519315
2026,TSMC,TWN,16,logic_mature,189893,2015,TSM,foundry,113.25,37.6,42.53,9.06,50.96,30.0,2935334.0,70687.7,147.96666666666667,927.7333333333332,1270.2666666666669,10463.3045,33556.33,2.09,3.0,8.0,2.0,1.0,0.0,1088320154.0,43532806.16,131937729.0,11,0.07999999929359825,0.4499779209714974,0.37554083553606327,0.024081646558229298,35107101.741935484,33554.240000000005,0.005426739023186976,94688.19354838709,2280.248387096774,37.6,137273.60888888888,0.7297708322408095,0.31180384434637676,3.2065427759675766,24.0,11.0,239.99999788079472,16.919169828528304,2723.2071962666664,88404922.84,3.59982333598546
2011,TSMC,TWN,28,logic_mature,0,2011,TSM,foundry,16.32,42.8,6.99,1.31,7.35,0.0,0.0,0.0,0.0,0.0,0.0,80.2238888888889,278.45,2.05,0.0,0.0,0.0,0.0,0.0,599042676.0,9984044.6,29511355.0,0,0.08026960292465668,0.4503676194627684,0.42830879728500015,0.0,599042676.0,276.4,0.0,0.0,0.0,42.8,0.0,0.0,0.28707779169400216,3.402939748158382,0.0,0.0,0.0,19.275734113006486,0.0,19527310.4,3.61508299843993
2012,TSMC,TWN,28,logic_mature,68869,2011,TSM,foundry,17.56,36.1,6.34,1.4,7.9,0.0,0.0,0.0,0.0,0.0,0.0,80.2238888888889,278.45,2.05,0.0,0.0,0.0,0.0,0.0,583124232.0,9718737.2,27781545.0,1,0.07972664694039595,0.44988607916366297,0.36104781543007886,0.0,583124232.0,276.4,0.0004967709885742673,0.0,0.0,36.1,0.0,0.0,0.28707779169400216,3.402939748158382,0.0,0.0,0.0,16.240887457808235,0.0,18062807.8,3.5867908596880382
2013,TSMC,TWN,28,logic_mature,137349,2011,TSM,foundry,21.36,39.1,8.34,1.71,9.61,0.0,0.0,0.0,0.0,0.0,0.0,80.2238888888889,278.45,2.05,0.0,0.0,0.0,0.0,0.0,611167728.0,10186128.8,29387866.0,2,0.08005617602733257,0.4499063459781673,0.39044941992277993,0.0,611167728.0,276.4,0.0009930486593843098,0.0,0.0,39.1,0.0,0.0,0.28707779169400216,3.402939748158382,0.0,0.0,0.0,17.591338127746344,0.0,19201737.2,3.601778162944215
2014,TSMC,TWN,28,logic_mature,215975,2011,TSM,foundry,23.93,37.4,8.96,1.91,10.77,0.0,0.0,0.0,0.0,0.0,0.0,3.405416666666667,4.5,2.49,0.0,0.0,0.0,0.0,0.0,671685834.0,11194763.9,31823947.0,3,0.07981612704487559,0.45006266401743983,0.3744253917916677,0.0,671685834.0,2.01,0.001488833746898263,0.0,0.0,37.4,0.0,0.0,0.6191666666666668,0.45625650241180354,0.0,0.0,0.0,16.83234363425225,0.0,20629183.1,3.5922258769371136
2015,TSMC,TWN,28,logic_mature,215031,2011,TSM,foundry,27.31,42.3,11.56,2.18,12.29,0.0,0.0,0.0,0.0,0.0,0.0,2.605833333333333,3.38,2.0,0.0,0.0,0.0,0.0,0.0,670335722.0,11172262.033333331,30990284.0,4,0.07982423728215902,0.450018291833823,0.42328815733108177,0.0,670335722.0,1.38,0.001984126984126984,0.0,0.0,42.3,0.0,0.0,0.5949391171993911,0.3827131962098452,0.0,0.0,0.0,19.03577374457071,0.0,19818021.96666667,3.5922366908654975
2016,TSMC,TWN,28,logic_mature,196285,2011,TSM,foundry,29.19,43.4,12.66,2.34,13.14,0.0,0.0,0.0,0.0,0.0,0.0,2.89625,3.78,1.85,0.0,0.0,0.0,0.0,0.0,677861710.0,11297695.166666666,32073453.0,5,0.08016443713037213,0.45015414696285894,0.43371015985919287,0.0,677861710.0,1.9299999999999997,0.002478929102627665,0.0,0.0,43.4,0.0,0.0,0.6059100418410043,0.49534809111324984,0.0,0.0,0.0,19.53668997818808,0.0,20775757.833333336,3.6086353813180407
2017,TSMC,TWN,28,logic_mature,203765,2011,TSM,foundry,32.11,37.4,12.02,2.57,14.45,0.0,0.0,0.0,0.0,0.0,0.0,4.944166666666667,7.11,3.5,0.0,0.0,0.0,0.0,0.0,824441888.0,13740698.133333333,39171620.0,6,0.08003736904274777,0.4500155574582511,0.37433820073689816,0.0,824441888.0,3.6100000000000003,0.002973240832507433,0.0,0.0,37.4,0.0,0.0,0.6096383066173449,0.6073180989765877,0.0,0.0,0.0,16.830581848938593,0.0,25430921.866666667,3.601806124726391
2018,TSMC,TWN,28,logic_mature,193860,2011,TSM,foundry,34.58,37.1,12.84,2.77,15.56,0.0,0.0,0.0,0.0,0.0,0.0,6.297499999999999,8.43,4.13,1.0,5.0,1.0,0.0,0.0,937556570.0,15625942.833333334,44840672.0,7,0.08010410410340937,0.44997106853756313,0.371312886890894,0.0,937556570.0,4.3,0.003467062902426944,0.0,0.0,37.1,0.0,0.0,0.6678154825026511,0.5892428914011648,5.0,6.0,0.0,16.693926642743595,0.0,29214729.166666664,3.604452931765531
2019,TSMC,TWN,28,logic_mature,200233,2011,TSM,foundry,40.91,39.9,16.3,3.27,18.41,0.0,0.0,0.0,0.0,0.0,0.0,4.458333333333333,6.97,2.85,2.0,6.0,2.0,0.0,0.0,824613952.0,13743565.866666667,38651660.0,8,0.07993155512267039,0.45001221095056937,0.3984355805808952,0.0,824613952.0,4.119999999999999,0.0039603960396039604,0.0,0.0,39.9,0.0,0.0,0.5593893768297783,0.7548091603053434,12.0,8.0,0.0,17.955487216927718,0.0,24908094.133333333,3.5970175845470207
2020,TSMC,TWN,28,logic_mature,194091,2011,TSM,foundry,45.25,38.0,17.18,3.62,20.36,4.0,40006.0,600.1,34.0,197.75,307.5,3.8054166666666656,4.82,2.71,3.0,8.0,3.0,0.0,0.0,880778716.0,14679645.266666668,41756367.0,9,0.07999999823204425,0.44994474143768526,0.37966849989682877,0.014999875021871173,176155743.2,2.1100000000000003,0.004453240969816922,8001.2,120.02000000000001,38.0,6723.5,0.6410048622366289,0.6538516609392896,0.4390878349085235,24.0,11.0,31.999999292817698,17.09790017463204,7.9111865,27076721.733333334,3.5995578519532425
2021,TSMC,TWN,28,logic_mature,216874,2011,TSM,foundry,62.97,39.5,24.9,5.04,28.34,7.0,209085.0,3136.2000000000003,44.57142857142857,243.57142857142856,307.1428571428572,4.252083333333333,5.1,2.93,1.0,5.0,1.0,0.0,0.0,1111785028.0,18529750.466666665,52923444.0,10,0.08003811211627582,0.450055574876043,0.39542638724112456,0.014999569555111295,138973128.5,2.1699999999999995,0.004945598417408506,26135.625,392.02500000000003,39.5,10856.326530612243,0.7904496986555398,0.6970628415300547,0.41316937723125735,5.0,6.0,56.02667848139306,17.777195207603697,50.92713214285714,34393693.53333333,3.6021598560483694
2022,TSMC,TWN,28,logic_mature,203670,2011,TSM,foundry,74.93,38.9,29.18,5.99,33.72,8.0,152204.0,2283.0,43.0,236.875,290.625,80.2238888888889,278.45,2.05,4.0,9.0,4.0,0.0,0.0,1148168388.0,19136139.8,54549224.0,11,0.0799412774597454,0.45002001267823283,0.38943012959522044,0.014999507243520253,127574265.33333333,276.4,0.005437469105289174,16911.555555555555,253.66666666666666,38.9,10185.625,0.8122588941277326,0.28707779169400216,3.402939748158382,36.0,13.0,63.95302196779632,17.505778493183257,36.0533225,35413084.2,3.5975174695948757
2023,TSMC,TWN,28,logic_mature,197831,2011,TSM,foundry,70.42,41.1,28.94,5.63,31.69,15.0,991098.0,23611.1,156.0,414.9333333333333,343.8,7427.86695652174,35640.01,1.38,7.0,7.428571428571429,3.0,3.0,1.0,1053770850.0,17562847.5,51618069.0,12,0.07994887702429881,0.4500141941207868,0.4109627888247261,0.02382314985687605,65860678.125,35638.630000000005,0.005928853754940711,61943.625,1475.69375,41.1,64729.59999999999,1.2034029389017786,0.20840786937636557,4.797317034829,52.0,14.428571428571429,119.92331553644821,18.495583378364337,411.23959679999996,34055221.5,3.5978129464951722
2024,TSMC,TWN,28,logic_mature,212299,2011,TSM,foundry,88.89,41.3,36.71,7.11,40.0,26.0,4904042.0,109819.4,145.5,804.6923076923077,1360.7692307692307,9161.659411764706,42124.09,1.91,6.0,6.666666666666667,4.0,2.0,0.0,1261097212.0,21018286.866666667,61310821.0,13,0.07998649926891102,0.44999437000793824,0.4129823330747853,0.02239364540645341,46707304.14814815,42122.17999999999,0.006419753086419753,181631.1851851852,4067.385185185185,41.3,117082.73076923078,0.5909167937637689,0.2174869991201136,4.597156579444151,40.0,12.666666666666668,207.96489809916866,18.584767481327848,3946.244874,40292534.13333333,3.5993474347654026
2025,TSMC,TWN,28,logic_mature,188401,2011,TSM,foundry,108.13,38.8,41.93,8.65,48.66,30.0,4876006.0,112487.8,147.96666666666667,927.7333333333332,1270.2666666666669,11861.496,37949.43,1.8,7.0,6.857142857142857,6.0,1.0,0.0,1591280610.0,26521343.5,85348277.0,14,0.07999630000928236,0.4500138680290958,0.38777397218372356,0.023069655150207948,51331632.58064516,37947.63,0.006910167818361303,157290.51612903227,3628.6387096774192,38.8,137273.60888888888,0.7297708322408095,0.31255234789171027,3.1989582968036405,48.0,13.857142857142858,239.9889000278471,17.460538079528916,4523.633299733333,58826933.5,3.599944439519315
2026,TSMC,TWN,28,logic_mature,198923,2011,TSM,foundry,113.25,37.6,42.53,9.06,50.96,30.0,2935334.0,70687.7,147.96666666666667,927.7333333333332,1270.2666666666669,10463.3045,33556.33,2.09,3.0,8.0,2.0,1.0,0.0,1088320154.0,43532806.16,131937729.0,15,0.07999999929359825,0.4499779209714974,0.37554083553606327,0.024081646558229298,35107101.741935484,33554.240000000005,0.00740009866798224,94688.19354838709,2280.248387096774,37.6,137273.60888888888,0.7297708322408095,0.31180384434637676,3.2065427759675766,24.0,11.0,239.99999788079472,16.919169828528304,2723.2071962666664,88404922.84,3.59982333598546
2024,TSMC,USA,5,logic_leading,0,2024,TSM,foundry,88.89,41.3,36.71,7.11,40.0,26.0,4904042.0,109819.4,145.5,804.6923076923077,1360.7692307692307,9161.659411764706,42124.09,1.91,6.0,6.666666666666667,4.0,2.0,0.0,1261097212.0,21018286.866666667,61310821.0,0,0.07998649926891102,0.44999437000793824,0.4129823330747853,0.02239364540645341,46707304.14814815,42122.17999999999,0.0,181631.1851851852,4067.385185185185,41.3,117082.73076923078,0.5909167937637689,0.2174869991201136,4.597156579444151,40.0,12.666666666666668,207.96489809916866,18.584767481327848,3946.244874,40292534.13333333,3.5993474347654026
2025,TSMC,USA,5,logic_leading,42127,2024,TSM,foundry,108.13,38.8,41.93,8.65,48.66,30.0,4876006.0,112487.8,147.96666666666667,927.7333333333332,1270.2666666666669,11861.496,37949.43,1.8,7.0,6.857142857142857,6.0,1.0,0.0,1591280610.0,26521343.5,85348277.0,1,0.07999630000928236,0.4500138680290958,0.38777397218372356,0.023069655150207948,51331632.58064516,37947.63,0.0004935834155972359,157290.51612903227,3628.6387096774192,38.8,137273.60888888888,0.7297708322408095,0.31255234789171027,3.1989582968036405,48.0,13.857142857142858,239.9889000278471,17.460538079528916,4523.633299733333,58826933.5,3.599944439519315
2026,TSMC,USA,5,logic_leading,44554,2024,TSM,foundry,113.25,37.6,42.53,9.06,50.96,30.0,2935334.0,70687.7,147.96666666666667,927.7333333333332,1270.2666666666669,10463.3045,33556.33,2.09,3.0,8.0,2.0,1.0,0.0,1088320154.0,43532806.16,131937729.0,2,0.07999999929359825,0.4499779209714974,0.37554083553606327,0.024081646558229298,35107101.741935484,33554.240000000005,0.000986679822397632,94688.19354838709,2280.248387096774,37.6,137273.60888888888,0.7297708322408095,0.31180384434637676,3.2065427759675766,24.0,11.0,239.99999788079472,16.919169828528304,2723.2071962666664,88404922.84,3.59982333598546
2026,TSMC,USA,4,logic_leading,30882,2026,TSM,foundry,113.25,37.6,42.53,9.06,50.96,30.0,2935334.0,70687.7,147.96666666666667,927.7333333333332,1270.2666666666669,10463.3045,33556.33,2.09,3.0,8.0,2.0,1.0,0.0,1088320154.0,43532806.16,131937729.0,0,0.07999999929359825,0.4499779209714974,0.37554083553606327,0.024081646558229298,35107101.741935484,33554.240000000005,0.0,94688.19354838709,2280.248387096774,37.6,137273.60888888888,0.7297708322408095,0.31180384434637676,3.2065427759675766,24.0,11.0,239.99999788079472,16.919169828528304,2723.2071962666664,88404922.84,3.59982333598546
2024,TSMC,JPN,28,logic_mature,0,2024,TSM,foundry,88.89,41.3,36.71,7.11,40.0,26.0,4904042.0,109819.4,145.5,804.6923076923077,1360.7692307692307,9161.659411764706,42124.09,1.91,6.0,6.666666666666667,4.0,2.0,0.0,1261097212.0,21018286.866666667,61310821.0,0,0.07998649926891102,0.44999437000793824,0.4129823330747853,0.02239364540645341,46707304.14814815,42122.17999999999,0.0,181631.1851851852,4067.385185185185,41.3,117082.73076923078,0.5909167937637689,0.2174869991201136,4.597156579444151,40.0,12.666666666666668,207.96489809916866,18.584767481327848,3946.244874,40292534.13333333,3.5993474347654026
2025,TSMC,JPN,28,logic_mature,58031,2024,TSM,foundry,108.13,38.8,41.93,8.65,48.66,30.0,4876006.0,112487.8,147.96666666666667,927.7333333333332,1270.2666666666669,11861.496,37949.43,1.8,7.0,6.857142857142857,6.0,1.0,0.0,1591280610.0,26521343.5,85348277.0,1,0.07999630000928236,0.4500138680290958,0.38777397218372356,0.023069655150207948,51331632.58064516,37947.63,0.0004935834155972359,157290.51612903227,3628.6387096774192,38.8,137273.60888888888,0.7297708322408095,0.31255234789171027,3.1989582968036405,48.0,13.857142857142858,239.9889000278471,17.460538079528916,4523.633299733333,58826933.5,3.599944439519315
2026,TSMC,JPN,28,logic_mature,57313,2024,TSM,foundry,113.25,37.6,42.53,9.06,50.96,30.0,2935334.0,70687.7,147.96666666666667,927.7333333333332,1270.2666666666669,10463.3045,33556.33,2.09,3.0,8.0,2.0,1.0,0.0,1088320154.0,43532806.16,131937729.0,2,0.07999999929359825,0.4499779209714974,0.37554083553606327,0.024081646558229298,35107101.741935484,33554.240000000005,0.000986679822397632,94688.19354838709,2280.248387096774,37.6,137273.60888888888,0.7297708322408095,0.31180384434637676,3.2065427759675766,24.0,11.0,239.99999788079472,16.919169828528304,2723.2071962666664,88404922.84,3.59982333598546
2026,TSMC,DEU,28,logic_mature,22187,2026,TSM,foundry,113.25,37.6,42.53,9.06,50.96,30.0,2935334.0,70687.7,147.96666666666667,927.7333333333332,1270.2666666666669,10463.3045,33556.33,2.09,3.0,8.0,2.0,1.0,0.0,1088320154.0,43532806.16,131937729.0,0,0.07999999929359825,0.4499779209714974,0.37554083553606327,0.024081646558229298,35107101.741935484,33554.240000000005,0.0,94688.19354838709,2280.248387096774,37.6,137273.60888888888,0.7297708322408095,0.31180384434637676,3.2065427759675766,24.0,11.0,239.99999788079472,16.919169828528304,2723.2071962666664,88404922.84,3.59982333598546
2022,Samsung Foundry,KOR,3,logic_leading,0,2022,005930,foundry,18.03,42.9,7.73,1.44,8.11,8.0,152204.0,2283.0,43.0,236.875,290.625,80.2238888888889,278.45,2.05,4.0,9.0,4.0,0.0,0.0,1148168388.0,19136139.8,54549224.0,0,0.07986688408946842,0.4498058541427701,0.42872987084138264,0.014999507243520253,127574265.33333333,276.4,0.0,16911.555555555555,253.66666666666666,42.9,10185.625,0.8122588941277326,0.28707779169400216,3.402939748158382,36.0,13.0,63.893507271574734,19.296671142724836,36.0533225,35413084.2,3.5924592015584955
2023,Samsung Foundry,KOR,3,logic_leading,26145,2022,005930,foundry,12.36,39.0,4.82,0.99,5.56,15.0,991098.0,23611.1,156.0,414.9333333333333,343.8,7427.86695652174,35640.01,1.38,7.0,7.428571428571429,3.0,3.0,1.0,1053770850.0,17562847.5,51618069.0,1,0.08009708089829444,0.44983815130759297,0.38996760598967595,0.02382314985687605,65860678.125,35638.630000000005,0.0004940711462450593,61943.625,1475.69375,39.0,64729.59999999999,1.2034029389017786,0.20840786937636557,4.797317034829,52.0,14.428571428571429,120.14562134744166,17.543687900996126,411.23959679999996,34055221.5,3.603072279642349
2024,Samsung Foundry,KOR,3,logic_leading,47947,2022,005930,foundry,18.09,41.8,7.55,1.45,8.14,26.0,4904042.0,109819.4,145.5,804.6923076923077,1360.7692307692307,9161.659411764706,42124.09,1.91,6.0,6.666666666666667,4.0,2.0,0.0,1261097212.0,21018286.866666667,61310821.0,2,0.08015477721643022,0.449972335546029,0.417357633092447,0.02239364540645341,46707304.14814815,42122.17999999999,0.0009876543209876543,181631.1851851852,4067.385185185185,41.8,117082.73076923078,0.5909167937637689,0.2174869991201136,4.597156579444151,40.0,12.666666666666668,208.40242076271855,18.80884362582401,3946.244874,40292534.13333333,3.606743230924874
2025,Samsung Foundry,KOR,3,logic_leading,85089,2022,005930,foundry,20.43,42.4,8.66,1.63,9.19,30.0,4876006.0,112487.8,147.96666666666667,927.7333333333332,1270.2666666666669,11861.496,37949.43,1.8,7.0,6.857142857142857,6.0,1.0,0.0,1591280610.0,26521343.5,85348277.0,3,0.07978462654015532,0.4498286612908144,0.42388642075935284,0.023069655150207948,51331632.58064516,37947.63,0.0014807502467917078,157290.51612903227,3628.6387096774192,42.4,137273.60888888888,0.7297708322408095,0.31255234789171027,3.1989582968036405,48.0,13.857142857142858,239.35387962046596,19.07273523873053,4523.633299733333,58826933.5,3.5889411748145648
2026,Samsung Foundry,KOR,3,logic_leading,91799,2022,005930,foundry,21.77,38.6,8.41,1.74,9.8,30.0,2935334.0,70687.7,147.96666666666667,927.7333333333332,1270.2666666666669,10463.3045,33556.33,2.09,3.0,8.0,2.0,1.0,0.0,1088320154.0,43532806.16,131937729.0,4,0.07992650069239776,0.45016075102614833,0.38631142001325586,0.024081646558229298,35107101.741935484,33554.240000000005,0.001973359644795264,94688.19354838709,2280.248387096774,38.6,137273.60888888888,0.7297708322408095,0.31180384434637676,3.2065427759675766,24.0,11.0,239.77950207719329,17.376204989609327,2723.2071962666664,88404922.84,3.597977357858174
2020,Samsung Foundry,KOR,5,logic_leading,0,2020,005930,foundry,14.49,38.1,5.52,1.16,6.52,4.0,40006.0,600.1,34.0,197.75,307.5,3.8054166666666656,4.82,2.71,3.0,8.0,3.0,0.0,0.0,880778716.0,14679645.266666668,41756367.0,0,0.08005520496513423,0.4499654623902372,0.3809523546616732,0.014999875021871173,176155743.2,2.1100000000000003,0.0,8001.2,120.02000000000001,38.1,6723.5,0.6410048622366289,0.6538516609392896,0.4390878349085235,24.0,11.0,32.02208198605369,17.143684117068037,7.9111865,27076721.733333334,3.6022077318881838
2021,Samsung Foundry,KOR,5,logic_leading,29024,2020,005930,foundry,16.46,44.5,7.32,1.32,7.41,7.0,209085.0,3136.2000000000003,44.57142857142857,243.57142857142856,307.1428571428572,4.252083333333333,5.1,2.93,1.0,5.0,1.0,0.0,0.0,1111785028.0,18529750.466666665,52923444.0,1,0.08019440582050998,0.4501822326742264,0.44471443227737345,0.014999569555111295,138973128.5,2.1699999999999995,0.0004945598417408506,26135.625,392.02500000000003,44.5,10856.326530612243,0.7904496986555398,0.6970628415300547,0.41316937723125735,5.0,6.0,56.13608407435699,20.033109354003074,50.92713214285714,34393693.53333333,3.610209666026016
2022,Samsung Foundry,KOR,5,logic_leading,56626,2020,005930,foundry,18.03,42.9,7.73,1.44,8.11,8.0,152204.0,2283.0,43.0,236.875,290.625,80.2238888888889,278.45,2.05,4.0,9.0,4.0,0.0,0.0,1148168388.0,19136139.8,54549224.0,2,0.07986688408946842,0.4498058541427701,0.42872987084138264,0.014999507243520253,127574265.33333333,276.4,0.0009886307464162135,16911.555555555555,253.66666666666666,42.9,10185.625,0.8122588941277326,0.28707779169400216,3.402939748158382,36.0,13.0,63.893507271574734,19.296671142724836,36.0533225,35413084.2,3.5924592015584955
2023,Samsung Foundry,KOR,5,logic_leading,85759,2020,005930,foundry,12.36,39.0,4.82,0.99,5.56,15.0,991098.0,23611.1,156.0,414.9333333333333,343.8,7427.86695652174,35640.01,1.38,7.0,7.428571428571429,3.0,3.0,1.0,1053770850.0,17562847.5,51618069.0,3,0.08009708089829444,0.44983815130759297,0.38996760598967595,0.02382314985687605,65860678.125,35638.630000000005,0.0014822134387351778,61943.625,1475.69375,39.0,64729.59999999999,1.2034029389017786,0.20840786937636557,4.797317034829,52.0,14.428571428571429,120.14562134744166,17.543687900996126,411.23959679999996,34055221.5,3.603072279642349
2024,Samsung Foundry,KOR,5,logic_leading,90240,2020,005930,foundry,18.09,41.8,7.55,1.45,8.14,26.0,4904042.0,109819.4,145.5,804.6923076923077,1360.7692307692307,9161.659411764706,42124.09,1.91,6.0,6.666666666666667,4.0,2.0,0.0,1261097212.0,21018286.866666667,61310821.0,4,0.08015477721643022,0.449972335546029,0.417357633092447,0.02239364540645341,46707304.14814815,42122.17999999999,0.0019753086419753087,181631.1851851852,4067.385185185185,41.8,117082.73076923078,0.5909167937637689,0.2174869991201136,4.597156579444151,40.0,12.666666666666668,208.40242076271855,18.80884362582401,3946.244874,40292534.13333333,3.606743230924874
2025,Samsung Foundry,KOR,5,logic_leading,85147,2020,005930,foundry,20.43,42.4,8.66,1.63,9.19,30.0,4876006.0,112487.8,147.96666666666667,927.7333333333332,1270.2666666666669,11861.496,37949.43,1.8,7.0,6.857142857142857,6.0,1.0,0.0,1591280610.0,26521343.5,85348277.0,5,0.07978462654015532,0.4498286612908144,0.42388642075935284,0.023069655150207948,51331632.58064516,37947.63,0.0024679170779861796,157290.51612903227,3628.6387096774192,42.4,137273.60888888888,0.7297708322408095,0.31255234789171027,3.1989582968036405,48.0,13.857142857142858,239.35387962046596,19.07273523873053,4523.633299733333,58826933.5,3.5889411748145648
2026,Samsung Foundry,KOR,5,logic_leading,102087,2020,005930,foundry,21.77,38.6,8.41,1.74,9.8,30.0,2935334.0,70687.7,147.96666666666667,927.7333333333332,1270.2666666666669,10463.3045,33556.33,2.09,3.0,8.0,2.0,1.0,0.0,1088320154.0,43532806.16,131937729.0,6,0.07992650069239776,0.45016075102614833,0.38631142001325586,0.024081646558229298,35107101.741935484,33554.240000000005,0.0029600394671928957,94688.19354838709,2280.248387096774,38.6,137273.60888888888,0.7297708322408095,0.31180384434637676,3.2065427759675766,24.0,11.0,239.77950207719329,17.376204989609327,2723.2071962666664,88404922.84,3.597977357858174
2018,Samsung Foundry,KOR,7,logic_leading,0,2018,005930,foundry,12.1,41.9,5.07,0.97,5.45,0.0,0.0,0.0,0.0,0.0,0.0,6.297499999999999,8.43,4.13,1.0,5.0,1.0,0.0,0.0,937556570.0,15625942.833333334,44840672.0,0,0.08016528263096838,0.45041318591626567,0.41900822983403063,0.0,937556570.0,4.3,0.0,0.0,0.0,41.9,0.0,0.0,0.6678154825026511,0.5892428914011648,5.0,6.0,0.0,18.87231248989153,0.0,29214729.166666664,3.6107500349692345
2019,Samsung Foundry,KOR,7,logic_leading,32917,2018,005930,foundry,12.78,39.0,4.99,1.02,5.75,0.0,0.0,0.0,0.0,0.0,0.0,4.458333333333333,6.97,2.85,2.0,6.0,2.0,0.0,0.0,824613952.0,13743565.866666667,38651660.0,1,0.07981220032768387,0.44992171753351196,0.3904538035638652,0.0,824613952.0,4.119999999999999,0.0004950495049504951,0.0,0.0,39.0,0.0,0.0,0.5593893768297783,0.7548091603053434,12.0,8.0,0.0,17.546946983806965,0.0,24908094.133333333,3.590924225156025
2020,Samsung Foundry,KOR,7,logic_leading,58889,2018,005930,foundry,14.49,38.1,5.52,1.16,6.52,4.0,40006.0,600.1,34.0,197.75,307.5,3.8054166666666656,4.82,2.71,3.0,8.0,3.0,0.0,0.0,880778716.0,14679645.266666668,41756367.0,2,0.08005520496513423,0.4499654623902372,0.3809523546616732,0.014999875021871173,176155743.2,2.1100000000000003,0.0009896091044037606,8001.2,120.02000000000001,38.1,6723.5,0.6410048622366289,0.6538516609392896,0.4390878349085235,24.0,11.0,32.02208198605369,17.143684117068037,7.9111865,27076721.733333334,3.6022077318881838
2021,Samsung Foundry,KOR,7,logic_leading,95139,2018,005930,foundry,16.46,44.5,7.32,1.32,7.41,7.0,209085.0,3136.2000000000003,44.57142857142857,243.57142857142856,307.1428571428572,4.252083333333333,5.1,2.93,1.0,5.0,1.0,0.0,0.0,1111785028.0,18529750.466666665,52923444.0,3,0.08019440582050998,0.4501822326742264,0.44471443227737345,0.014999569555111295,138973128.5,2.1699999999999995,0.001483679525222552,26135.625,392.02500000000003,44.5,10856.326530612243,0.7904496986555398,0.6970628415300547,0.41316937723125735,5.0,6.0,56.13608407435699,20.033109354003074,50.92713214285714,34393693.53333333,3.610209666026016
2022,Samsung Foundry,KOR,7,logic_leading,106358,2018,005930,foundry,18.03,42.9,7.73,1.44,8.11,8.0,152204.0,2283.0,43.0,236.875,290.625,80.2238888888889,278.45,2.05,4.0,9.0,4.0,0.0,0.0,1148168388.0,19136139.8,54549224.0,4,0.07986688408946842,0.4498058541427701,0.42872987084138264,0.014999507243520253,127574265.33333333,276.4,0.001977261492832427,16911.555555555555,253.66666666666666,42.9,10185.625,0.8122588941277326,0.28707779169400216,3.402939748158382,36.0,13.0,63.893507271574734,19.296671142724836,36.0533225,35413084.2,3.5924592015584955
2023,Samsung Foundry,KOR,7,logic_leading,87031,2018,005930,foundry,12.36,39.0,4.82,0.99,5.56,15.0,991098.0,23611.1,156.0,414.9333333333333,343.8,7427.86695652174,35640.01,1.38,7.0,7.428571428571429,3.0,3.0,1.0,1053770850.0,17562847.5,51618069.0,5,0.08009708089829444,0.44983815130759297,0.38996760598967595,0.02382314985687605,65860678.125,35638.630000000005,0.0024703557312252965,61943.625,1475.69375,39.0,64729.59999999999,1.2034029389017786,0.20840786937636557,4.797317034829,52.0,14.428571428571429,120.14562134744166,17.543687900996126,411.23959679999996,34055221.5,3.603072279642349
2024,Samsung Foundry,KOR,7,logic_leading,98277,2018,005930,foundry,18.09,41.8,7.55,1.45,8.14,26.0,4904042.0,109819.4,145.5,804.6923076923077,1360.7692307692307,9161.659411764706,42124.09,1.91,6.0,6.666666666666667,4.0,2.0,0.0,1261097212.0,21018286.866666667,61310821.0,6,0.08015477721643022,0.449972335546029,0.417357633092447,0.02239364540645341,46707304.14814815,42122.17999999999,0.002962962962962963,181631.1851851852,4067.385185185185,41.8,117082.73076923078,0.5909167937637689,0.2174869991201136,4.597156579444151,40.0,12.666666666666668,208.40242076271855,18.80884362582401,3946.244874,40292534.13333333,3.606743230924874
2025,Samsung Foundry,KOR,7,logic_leading,98984,2018,005930,foundry,20.43,42.4,8.66,1.63,9.19,30.0,4876006.0,112487.8,147.96666666666667,927.7333333333332,1270.2666666666669,11861.496,37949.43,1.8,7.0,6.857142857142857,6.0,1.0,0.0,1591280610.0,26521343.5,85348277.0,7,0.07978462654015532,0.4498286612908144,0.42388642075935284,0.023069655150207948,51331632.58064516,37947.63,0.0034550839091806516,157290.51612903227,3628.6387096774192,42.4,137273.60888888888,0.7297708322408095,0.31255234789171027,3.1989582968036405,48.0,13.857142857142858,239.35387962046596,19.07273523873053,4523.633299733333,58826933.5,3.5889411748145648
2026,Samsung Foundry,KOR,7,logic_leading,114515,2018,005930,foundry,21.77,38.6,8.41,1.74,9.8,30.0,2935334.0,70687.7,147.96666666666667,927.7333333333332,1270.2666666666669,10463.3045,33556.33,2.09,3.0,8.0,2.0,1.0,0.0,1088320154.0,43532806.16,131937729.0,8,0.07992650069239776,0.45016075102614833,0.38631142001325586,0.024081646558229298,35107101.741935484,33554.240000000005,0.003946719289590528,94688.19354838709,2280.248387096774,38.6,137273.60888888888,0.7297708322408095,0.31180384434637676,3.2065427759675766,24.0,11.0,239.77950207719329,17.376204989609327,2723.2071962666664,88404922.84,3.597977357858174
2015,Samsung Foundry,KOR,14,logic_mature,0,2015,005930,foundry,6.52,40.7,2.65,0.52,2.94,0.0,0.0,0.0,0.0,0.0,0.0,2.605833333333333,3.38,2.0,0.0,0.0,0.0,0.0,0.0,670335722.0,11172262.033333331,30990284.0,0,0.07975458899469494,0.4509201762392368,0.40644165545373384,0.0,670335722.0,1.38,0.0,0.0,0.0,40.7,0.0,0.0,0.5949391171993911,0.3827131962098452,0.0,0.0,0.0,18.352451172936938,0.0,19818021.96666667,3.596295332537574
2016,Samsung Foundry,KOR,14,logic_mature,51020,2015,005930,foundry,8.55,40.7,3.48,0.68,3.85,0.0,0.0,0.0,0.0,0.0,0.0,2.89625,3.78,1.85,0.0,0.0,0.0,0.0,0.0,677861710.0,11297695.166666666,32073453.0,1,0.07953215444068369,0.4502923449950474,0.4070174962552636,0.0,677861710.0,1.9299999999999997,0.0004957858205255329,0.0,0.0,40.7,0.0,0.0,0.6059100418410043,0.49534809111324984,0.0,0.0,0.0,18.32689844129843,0.0,20775757.833333336,3.5812720325603733
2017,Samsung Foundry,KOR,14,logic_mature,102867,2015,005930,foundry,10.38,40.2,4.17,0.83,4.67,0.0,0.0,0.0,0.0,0.0,0.0,4.944166666666667,7.11,3.5,0.0,0.0,0.0,0.0,0.0,824441888.0,13740698.133333333,39171620.0,2,0.07996145665111207,0.44990361754300406,0.40173406534353895,0.0,824441888.0,3.6100000000000003,0.0009910802775024777,0.0,0.0,40.2,0.0,0.0,0.6096383066173449,0.6073180989765877,0.0,0.0,0.0,18.086125425228765,0.0,25430921.866666667,3.597494861134342
2018,Samsung Foundry,KOR,14,logic_mature,164423,2015,005930,foundry,12.1,41.9,5.07,0.97,5.45,0.0,0.0,0.0,0.0,0.0,0.0,6.297499999999999,8.43,4.13,1.0,5.0,1.0,0.0,0.0,937556570.0,15625942.833333334,44840672.0,3,0.08016528263096838,0.45041318591626567,0.41900822983403063,0.0,937556570.0,4.3,0.0014858841010401188,0.0,0.0,41.9,0.0,0.0,0.6678154825026511,0.5892428914011648,5.0,6.0,0.0,18.87231248989153,0.0,29214729.166666664,3.6107500349692345
2019,Samsung Foundry,KOR,14,logic_mature,148485,2015,005930,foundry,12.78,39.0,4.99,1.02,5.75,0.0,0.0,0.0,0.0,0.0,0.0,4.458333333333333,6.97,2.85,2.0,6.0,2.0,0.0,0.0,824613952.0,13743565.866666667,38651660.0,4,0.07981220032768387,0.44992171753351196,0.3904538035638652,0.0,824613952.0,4.119999999999999,0.0019801980198019802,0.0,0.0,39.0,0.0,0.0,0.5593893768297783,0.7548091603053434,12.0,8.0,0.0,17.546946983806965,0.0,24908094.133333333,3.590924225156025
2020,Samsung Foundry,KOR,14,logic_mature,152847,2015,005930,foundry,14.49,38.1,5.52,1.16,6.52,4.0,40006.0,600.1,34.0,197.75,307.5,3.8054166666666656,4.82,2.71,3.0,8.0,3.0,0.0,0.0,880778716.0,14679645.266666668,41756367.0,5,0.08005520496513423,0.4499654623902372,0.3809523546616732,0.014999875021871173,176155743.2,2.1100000000000003,0.002474022761009401,8001.2,120.02000000000001,38.1,6723.5,0.6410048622366289,0.6538516609392896,0.4390878349085235,24.0,11.0,32.02208198605369,17.143684117068037,7.9111865,27076721.733333334,3.6022077318881838
2021,Samsung Foundry,KOR,14,logic_mature,139265,2015,005930,foundry,16.46,44.5,7.32,1.32,7.41,7.0,209085.0,3136.2000000000003,44.57142857142857,243.57142857142856,307.1428571428572,4.252083333333333,5.1,2.93,1.0,5.0,1.0,0.0,0.0,1111785028.0,18529750.466666665,52923444.0,6,0.08019440582050998,0.4501822326742264,0.44471443227737345,0.014999569555111295,138973128.5,2.1699999999999995,0.002967359050445104,26135.625,392.02500000000003,44.5,10856.326530612243,0.7904496986555398,0.6970628415300547,0.41316937723125735,5.0,6.0,56.13608407435699,20.033109354003074,50.92713214285714,34393693.53333333,3.610209666026016
2022,Samsung Foundry,KOR,14,logic_mature,159199,2015,005930,foundry,18.03,42.9,7.73,1.44,8.11,8.0,152204.0,2283.0,43.0,236.875,290.625,80.2238888888889,278.45,2.05,4.0,9.0,4.0,0.0,0.0,1148168388.0,19136139.8,54549224.0,7,0.07986688408946842,0.4498058541427701,0.42872987084138264,0.014999507243520253,127574265.33333333,276.4,0.0034602076124567475,16911.555555555555,253.66666666666666,42.9,10185.625,0.8122588941277326,0.28707779169400216,3.402939748158382,36.0,13.0,63.893507271574734,19.296671142724836,36.0533225,35413084.2,3.5924592015584955
2023,Samsung Foundry,KOR,14,logic_mature,144403,2015,005930,foundry,12.36,39.0,4.82,0.99,5.56,15.0,991098.0,23611.1,156.0,414.9333333333333,343.8,7427.86695652174,35640.01,1.38,7.0,7.428571428571429,3.0,3.0,1.0,1053770850.0,17562847.5,51618069.0,8,0.08009708089829444,0.44983815130759297,0.38996760598967595,0.02382314985687605,65860678.125,35638.630000000005,0.003952569169960474,61943.625,1475.69375,39.0,64729.59999999999,1.2034029389017786,0.20840786937636557,4.797317034829,52.0,14.428571428571429,120.14562134744166,17.543687900996126,411.23959679999996,34055221.5,3.603072279642349
2024,Samsung Foundry,KOR,14,logic_mature,145852,2015,005930,foundry,18.09,41.8,7.55,1.45,8.14,26.0,4904042.0,109819.4,145.5,804.6923076923077,1360.7692307692307,9161.659411764706,42124.09,1.91,6.0,6.666666666666667,4.0,2.0,0.0,1261097212.0,21018286.866666667,61310821.0,9,0.08015477721643022,0.449972335546029,0.417357633092447,0.02239364540645341,46707304.14814815,42122.17999999999,0.0044444444444444444,181631.1851851852,4067.385185185185,41.8,117082.73076923078,0.5909167937637689,0.2174869991201136,4.597156579444151,40.0,12.666666666666668,208.40242076271855,18.80884362582401,3946.244874,40292534.13333333,3.606743230924874
2025,Samsung Foundry,KOR,14,logic_mature,157324,2015,005930,foundry,20.43,42.4,8.66,1.63,9.19,30.0,4876006.0,112487.8,147.96666666666667,927.7333333333332,1270.2666666666669,11861.496,37949.43,1.8,7.0,6.857142857142857,6.0,1.0,0.0,1591280610.0,26521343.5,85348277.0,10,0.07978462654015532,0.4498286612908144,0.42388642075935284,0.023069655150207948,51331632.58064516,37947.63,0.004935834155972359,157290.51612903227,3628.6387096774192,42.4,137273.60888888888,0.7297708322408095,0.31255234789171027,3.1989582968036405,48.0,13.857142857142858,239.35387962046596,19.07273523873053,4523.633299733333,58826933.5,3.5889411748145648
2026,Samsung Foundry,KOR,14,logic_mature,152597,2015,005930,foundry,21.77,38.6,8.41,1.74,9.8,30.0,2935334.0,70687.7,147.96666666666667,927.7333333333332,1270.2666666666669,10463.3045,33556.33,2.09,3.0,8.0,2.0,1.0,0.0,1088320154.0,43532806.16,131937729.0,11,0.07992650069239776,0.45016075102614833,0.38631142001325586,0.024081646558229298,35107101.741935484,33554.240000000005,0.005426739023186976,94688.19354838709,2280.248387096774,38.6,137273.60888888888,0.7297708322408095,0.31180384434637676,3.2065427759675766,24.0,11.0,239.77950207719329,17.376204989609327,2723.2071962666664,88404922.84,3.597977357858174
2024,Samsung Foundry,USA,4,logic_leading,0,2024,005930,foundry,18.09,41.8,7.55,1.45,8.14,26.0,4904042.0,109819.4,145.5,804.6923076923077,1360.7692307692307,9161.659411764706,42124.09,1.91,6.0,6.666666666666667,4.0,2.0,0.0,1261097212.0,21018286.866666667,61310821.0,0,0.08015477721643022,0.449972335546029,0.417357633092447,0.02239364540645341,46707304.14814815,42122.17999999999,0.0,181631.1851851852,4067.385185185185,41.8,117082.73076923078,0.5909167937637689,0.2174869991201136,4.597156579444151,40.0,12.666666666666668,208.40242076271855,18.80884362582401,3946.244874,40292534.13333333,3.606743230924874
2025,Samsung Foundry,USA,4,logic_leading,33061,2024,005930,foundry,20.43,42.4,8.66,1.63,9.19,30.0,4876006.0,112487.8,147.96666666666667,927.7333333333332,1270.2666666666669,11861.496,37949.43,1.8,7.0,6.857142857142857,6.0,1.0,0.0,1591280610.0,26521343.5,85348277.0,1,0.07978462654015532,0.4498286612908144,0.42388642075935284,0.023069655150207948,51331632.58064516,37947.63,0.0004935834155972359,157290.51612903227,3628.6387096774192,42.4,137273.60888888888,0.7297708322408095,0.31255234789171027,3.1989582968036405,48.0,13.857142857142858,239.35387962046596,19.07273523873053,4523.633299733333,58826933.5,3.5889411748145648
2026,Samsung Foundry,USA,4,logic_leading,33486,2024,005930,foundry,21.77,38.6,8.41,1.74,9.8,30.0,2935334.0,70687.7,147.96666666666667,927.7333333333332,1270.2666666666669,10463.3045,33556.33,2.09,3.0,8.0,2.0,1.0,0.0,1088320154.0,43532806.16,131937729.0,2,0.07992650069239776,0.45016075102614833,0.38631142001325586,0.024081646558229298,35107101.741935484,33554.240000000005,0.000986679822397632,94688.19354838709,2280.248387096774,38.6,137273.60888888888,0.7297708322408095,0.31180384434637676,3.2065427759675766,24.0,11.0,239.77950207719329,17.376204989609327,2723.2071962666664,88404922.84,3.597977357858174
2023,Intel,USA,7,logic_leading,0,2023,INTC,idm_cpu,53.91,10.6,5.71,10.78,13.48,15.0,991098.0,23611.1,156.0,414.9333333333333,343.8,7427.86695652174,35640.01,1.38,7.0,7.428571428571429,3.0,3.0,1.0,1053770850.0,17562847.5,51618069.0,0,0.19996289742231688,0.250046368947387,0.10591726755857415,0.02382314985687605,65860678.125,35638.630000000005,0.0,61943.625,1475.69375,10.6,64729.59999999999,1.2034029389017786,0.20840786937636557,4.797317034829,52.0,14.428571428571429,299.9443461334753,2.6504915108423024,411.23959679999996,34055221.5,4.999999642464916
2024,Intel,USA,7,logic_leading,19876,2023,INTC,idm_cpu,54.42,8.8,4.8,10.88,13.61,26.0,4904042.0,109819.4,145.5,804.6923076923077,1360.7692307692307,9161.659411764706,42124.09,1.91,6.0,6.666666666666667,4.0,2.0,0.0,1261097212.0,21018286.866666667,61310821.0,1,0.19992649393740367,0.25009187339044703,0.08820286497238396,0.02239364540645341,46707304.14814815,42122.17999999999,0.0004938271604938272,181631.1851851852,4067.385185185185,8.8,117082.73076923078,0.5909167937637689,0.2174869991201136,4.597156579444151,40.0,12.666666666666668,519.8088842372496,2.200808485835934,3946.244874,40292534.13333333,4.999999140918914
2025,Intel,USA,7,logic_leading,65381,2023,INTC,idm_cpu,57.44,9.2,5.29,11.49,14.36,30.0,4876006.0,112487.8,147.96666666666667,927.7333333333332,1270.2666666666669,11861.496,37949.43,1.8,7.0,6.857142857142857,6.0,1.0,0.0,1591280610.0,26521343.5,85348277.0,2,0.20003481545900392,0.2499999956476324,0.09209609867520721,0.023069655150207948,51331632.58064516,37947.63,0.0009871668311944718,157290.51612903227,3628.6387096774192,9.2,137273.60888888888,0.7297708322408095,0.31255234789171027,3.1989582968036405,48.0,13.857142857142858,600.1044463770118,2.299999959958218,4523.633299733333,58826933.5,5.000870299412593
2026,Intel,USA,7,logic_leading,60084,2023,INTC,idm_cpu,59.79,12.5,7.47,11.96,14.95,30.0,2935334.0,70687.7,147.96666666666667,927.7333333333332,1270.2666666666669,10463.3045,33556.33,2.09,3.0,8.0,2.0,1.0,0.0,1088320154.0,43532806.16,131937729.0,3,0.20003344706416715,0.25004180883020893,0.12493727839208432,0.024081646558229298,35107101.741935484,33554.240000000005,0.0014800197335964479,94688.19354838709,2280.248387096774,12.5,137273.60888888888,0.7297708322408095,0.31180384434637676,3.2065427759675766,24.0,11.0,600.1003411925014,3.1255226103776117,2723.2071962666664,88404922.84,5.0016724930466205
2020,Intel,USA,10,logic_leading,0,2020,INTC,idm_cpu,79.56,20.4,16.24,15.91,19.89,4.0,40006.0,600.1,34.0,197.75,307.5,3.8054166666666656,4.82,2.71,3.0,8.0,3.0,0.0,0.0,880778716.0,14679645.266666668,41756367.0,0,0.19997485922605757,0.24999999685771748,0.20412267214526553,0.014999875021871173,176155743.2,2.1100000000000003,0.0,8001.2,120.02000000000001,20.4,6723.5,0.6410048622366289,0.6538516609392896,0.4390878349085235,24.0,11.0,79.98994369042303,5.099999935897436,7.9111865,27076721.733333334,4.9993714178136885
2021,Intel,USA,10,logic_leading,27861,2020,INTC,idm_cpu,72.13,20.7,14.92,14.43,18.03,7.0,209085.0,3136.2000000000003,44.57142857142857,243.57142857142856,307.1428571428572,4.252083333333333,5.1,2.93,1.0,5.0,1.0,0.0,0.0,1111785028.0,18529750.466666665,52923444.0,1,0.20005545265415983,0.24996533689220388,0.20684874245322693,0.014999569555111295,138973128.5,2.1699999999999995,0.0004945598417408506,26135.625,392.02500000000003,20.7,10856.326530612243,0.7904496986555398,0.6970628415300547,0.41316937723125735,5.0,6.0,140.03881685791188,5.17428247366862,50.92713214285714,34393693.53333333,5.00069286198194
2022,Intel,USA,10,logic_leading,54058,2020,INTC,idm_cpu,64.11,7.9,5.06,12.82,16.03,8.0,152204.0,2283.0,43.0,236.875,290.625,80.2238888888889,278.45,2.05,4.0,9.0,4.0,0.0,0.0,1148168388.0,19136139.8,54549224.0,2,0.19996880049962876,0.2500389915763689,0.07892684325492368,0.014999507243520253,127574265.33333333,276.4,0.0009886307464162135,16911.555555555555,253.66666666666666,7.9,10185.625,0.8122588941277326,0.28707779169400216,3.402939748158382,36.0,13.0,159.975040399703,1.9753080334533142,36.0533225,35413084.2,4.999999722366327
2023,Intel,USA,10,logic_leading,81664,2020,INTC,idm_cpu,53.91,10.6,5.71,10.78,13.48,15.0,991098.0,23611.1,156.0,414.9333333333333,343.8,7427.86695652174,35640.01,1.38,7.0,7.428571428571429,3.0,3.0,1.0,1053770850.0,17562847.5,51618069.0,3,0.19996289742231688,0.250046368947387,0.10591726755857415,0.02382314985687605,65860678.125,35638.630000000005,0.0014822134387351778,61943.625,1475.69375,10.6,64729.59999999999,1.2034029389017786,0.20840786937636557,4.797317034829,52.0,14.428571428571429,299.9443461334753,2.6504915108423024,411.23959679999996,34055221.5,4.999999642464916
2024,Intel,USA,10,logic_leading,87794,2020,INTC,idm_cpu,54.42,8.8,4.8,10.88,13.61,26.0,4904042.0,109819.4,145.5,804.6923076923077,1360.7692307692307,9161.659411764706,42124.09,1.91,6.0,6.666666666666667,4.0,2.0,0.0,1261097212.0,21018286.866666667,61310821.0,4,0.19992649393740367,0.25009187339044703,0.08820286497238396,0.02239364540645341,46707304.14814815,42122.17999999999,0.0019753086419753087,181631.1851851852,4067.385185185185,8.8,117082.73076923078,0.5909167937637689,0.2174869991201136,4.597156579444151,40.0,12.666666666666668,519.8088842372496,2.200808485835934,3946.244874,40292534.13333333,4.999999140918914
2025,Intel,USA,10,logic_leading,85991,2020,INTC,idm_cpu,57.44,9.2,5.29,11.49,14.36,30.0,4876006.0,112487.8,147.96666666666667,927.7333333333332,1270.2666666666669,11861.496,37949.43,1.8,7.0,6.857142857142857,6.0,1.0,0.0,1591280610.0,26521343.5,85348277.0,5,0.20003481545900392,0.2499999956476324,0.09209609867520721,0.023069655150207948,51331632.58064516,37947.63,0.0024679170779861796,157290.51612903227,3628.6387096774192,9.2,137273.60888888888,0.7297708322408095,0.31255234789171027,3.1989582968036405,48.0,13.857142857142858,600.1044463770118,2.299999959958218,4523.633299733333,58826933.5,5.000870299412593
2026,Intel,USA,10,logic_leading,90942,2020,INTC,idm_cpu,59.79,12.5,7.47,11.96,14.95,30.0,2935334.0,70687.7,147.96666666666667,927.7333333333332,1270.2666666666669,10463.3045,33556.33,2.09,3.0,8.0,2.0,1.0,0.0,1088320154.0,43532806.16,131937729.0,6,0.20003344706416715,0.25004180883020893,0.12493727839208432,0.024081646558229298,35107101.741935484,33554.240000000005,0.0029600394671928957,94688.19354838709,2280.248387096774,12.5,137273.60888888888,0.7297708322408095,0.31180384434637676,3.2065427759675766,24.0,11.0,600.1003411925014,3.1255226103776117,2723.2071962666664,88404922.84,5.0016724930466205
2015,Intel,USA,14,logic_mature,0,2015,INTC,idm_cpu,52.71,17.6,9.29,10.54,13.18,0.0,0.0,0.0,0.0,0.0,0.0,2.605833333333333,3.38,2.0,0.0,0.0,0.0,0.0,0.0,670335722.0,11172262.033333331,30990284.0,0,0.19996205274213522,0.2500474245864651,0.17624738804311538,0.0,670335722.0,1.38,0.0,0.0,0.0,17.6,0.0,0.0,0.5949391171993911,0.3827131962098452,0.0,0.0,0.0,4.400834672721786,0.0,19818021.96666667,4.999999630319381
2016,Intel,USA,14,logic_mature,32978,2015,INTC,idm_cpu,61.27,21.6,13.22,12.25,15.32,0.0,0.0,0.0,0.0,0.0,0.0,2.89625,3.78,1.85,0.0,0.0,0.0,0.0,0.0,677861710.0,11297695.166666666,32073453.0,1,0.19993471193186368,0.2500407989221348,0.2157662768766725,0.0,677861710.0,1.9299999999999997,0.0004957858205255329,0.0,0.0,21.6,0.0,0.0,0.6059100418410043,0.49534809111324984,0.0,0.0,0.0,5.400881256718113,0.0,20775757.833333336,4.999183510371008
2017,Intel,USA,14,logic_mature,64059,2015,INTC,idm_cpu,66.18,15.8,10.43,13.24,16.54,0.0,0.0,0.0,0.0,0.0,0.0,4.944166666666667,7.11,3.5,0.0,0.0,0.0,0.0,0.0,824441888.0,13740698.133333333,39171620.0,2,0.20006043819793837,0.2499244446974245,0.1576004811483759,0.0,824441888.0,3.6100000000000003,0.0009910802775024777,0.0,0.0,15.8,0.0,0.0,0.6096383066173449,0.6073180989765877,0.0,0.0,0.0,3.948806226219307,0.0,25430921.866666667,4.999999392254316
2018,Intel,USA,14,logic_mature,102162,2015,INTC,idm_cpu,66.06,20.2,13.32,13.21,16.51,0.0,0.0,0.0,0.0,0.0,0.0,6.297499999999999,8.43,4.13,1.0,5.0,1.0,0.0,0.0,937556570.0,15625942.833333334,44840672.0,3,0.1999697214657929,0.24992430744892058,0.20163487433189714,0.0,937556570.0,4.3,0.0014858841010401188,0.0,0.0,20.2,0.0,0.0,0.6678154825026511,0.5892428914011648,5.0,6.0,0.0,5.048471010468195,0.0,29214729.166666664,4.997729414809184
2019,Intel,USA,14,logic_mature,102219,2015,INTC,idm_cpu,73.31,21.4,15.67,14.66,18.33,0.0,0.0,0.0,0.0,0.0,0.0,4.458333333333333,6.97,2.85,2.0,6.0,2.0,0.0,0.0,824613952.0,13743565.866666667,38651660.0,4,0.19997271586451076,0.2500340983490097,0.21374982657550365,0.0,824613952.0,4.119999999999999,0.0019801980198019802,0.0,0.0,21.4,0.0,0.0,0.5593893768297783,0.7548091603053434,12.0,8.0,0.0,5.350729704668807,0.0,24908094.133333333,4.999999770558565
2020,Intel,USA,14,logic_mature,97400,2015,INTC,idm_cpu,79.56,20.4,16.24,15.91,19.89,4.0,40006.0,600.1,34.0,197.75,307.5,3.8054166666666656,4.82,2.71,3.0,8.0,3.0,0.0,0.0,880778716.0,14679645.266666668,41756367.0,5,0.19997485922605757,0.24999999685771748,0.20412267214526553,0.014999875021871173,176155743.2,2.1100000000000003,0.002474022761009401,8001.2,120.02000000000001,20.4,6723.5,0.6410048622366289,0.6538516609392896,0.4390878349085235,24.0,11.0,79.98994369042303,5.099999935897436,7.9111865,27076721.733333334,4.9993714178136885
2021,Intel,USA,14,logic_mature,94968,2015,INTC,idm_cpu,72.13,20.7,14.92,14.43,18.03,7.0,209085.0,3136.2000000000003,44.57142857142857,243.57142857142856,307.1428571428572,4.252083333333333,5.1,2.93,1.0,5.0,1.0,0.0,0.0,1111785028.0,18529750.466666665,52923444.0,6,0.20005545265415983,0.24996533689220388,0.20684874245322693,0.014999569555111295,138973128.5,2.1699999999999995,0.002967359050445104,26135.625,392.02500000000003,20.7,10856.326530612243,0.7904496986555398,0.6970628415300547,0.41316937723125735,5.0,6.0,140.03881685791188,5.17428247366862,50.92713214285714,34393693.53333333,5.00069286198194
2022,Intel,USA,14,logic_mature,112242,2015,INTC,idm_cpu,64.11,7.9,5.06,12.82,16.03,8.0,152204.0,2283.0,43.0,236.875,290.625,80.2238888888889,278.45,2.05,4.0,9.0,4.0,0.0,0.0,1148168388.0,19136139.8,54549224.0,7,0.19996880049962876,0.2500389915763689,0.07892684325492368,0.014999507243520253,127574265.33333333,276.4,0.0034602076124567475,16911.555555555555,253.66666666666666,7.9,10185.625,0.8122588941277326,0.28707779169400216,3.402939748158382,36.0,13.0,159.975040399703,1.9753080334533142,36.0533225,35413084.2,4.999999722366327
2023,Intel,USA,14,logic_mature,101647,2015,INTC,idm_cpu,53.91,10.6,5.71,10.78,13.48,15.0,991098.0,23611.1,156.0,414.9333333333333,343.8,7427.86695652174,35640.01,1.38,7.0,7.428571428571429,3.0,3.0,1.0,1053770850.0,17562847.5,51618069.0,8,0.19996289742231688,0.250046368947387,0.10591726755857415,0.02382314985687605,65860678.125,35638.630000000005,0.003952569169960474,61943.625,1475.69375,10.6,64729.59999999999,1.2034029389017786,0.20840786937636557,4.797317034829,52.0,14.428571428571429,299.9443461334753,2.6504915108423024,411.23959679999996,34055221.5,4.999999642464916
2024,Intel,USA,14,logic_mature,96404,2015,INTC,idm_cpu,54.42,8.8,4.8,10.88,13.61,26.0,4904042.0,109819.4,145.5,804.6923076923077,1360.7692307692307,9161.659411764706,42124.09,1.91,6.0,6.666666666666667,4.0,2.0,0.0,1261097212.0,21018286.866666667,61310821.0,9,0.19992649393740367,0.25009187339044703,0.08820286497238396,0.02239364540645341,46707304.14814815,42122.17999999999,0.0044444444444444444,181631.1851851852,4067.385185185185,8.8,117082.73076923078,0.5909167937637689,0.2174869991201136,4.597156579444151,40.0,12.666666666666668,519.8088842372496,2.200808485835934,3946.244874,40292534.13333333,4.999999140918914
2025,Intel,USA,14,logic_mature,109920,2015,INTC,idm_cpu,57.44,9.2,5.29,11.49,14.36,30.0,4876006.0,112487.8,147.96666666666667,927.7333333333332,1270.2666666666669,11861.496,37949.43,1.8,7.0,6.857142857142857,6.0,1.0,0.0,1591280610.0,26521343.5,85348277.0,10,0.20003481545900392,0.2499999956476324,0.09209609867520721,0.023069655150207948,51331632.58064516,37947.63,0.004935834155972359,157290.51612903227,3628.6387096774192,9.2,137273.60888888888,0.7297708322408095,0.31255234789171027,3.1989582968036405,48.0,13.857142857142858,600.1044463770118,2.299999959958218,4523.633299733333,58826933.5,5.000870299412593
2026,Intel,USA,14,logic_mature,109401,2015,INTC,idm_cpu,59.79,12.5,7.47,11.96,14.95,30.0,2935334.0,70687.7,147.96666666666667,927.7333333333332,1270.2666666666669,10463.3045,33556.33,2.09,3.0,8.0,2.0,1.0,0.0,1088320154.0,43532806.16,131937729.0,11,0.20003344706416715,0.25004180883020893,0.12493727839208432,0.024081646558229298,35107101.741935484,33554.240000000005,0.005426739023186976,94688.19354838709,2280.248387096774,12.5,137273.60888888888,0.7297708322408095,0.31180384434637676,3.2065427759675766,24.0,11.0,600.1003411925014,3.1255226103776117,2723.2071962666664,88404922.84,5.0016724930466205
2012,Intel,USA,22,logic_mature,0,2012,INTC,idm_cpu,50.66,18.6,9.44,10.13,12.67,0.0,0.0,0.0,0.0,0.0,0.0,80.2238888888889,278.45,2.05,0.0,0.0,0.0,0.0,0.0,583124232.0,9718737.2,27781545.0,0,0.1999605171740917,0.25009869226019166,0.18634030425700152,0.0,583124232.0,276.4,0.0,0.0,0.0,18.6,0.0,0.0,0.28707779169400216,3.402939748158382,0.0,0.0,0.0,4.651835676039565,0.0,18062807.8,5.000986384891193
2013,Intel,USA,22,logic_mature,51425,2012,INTC,idm_cpu,50.78,23.9,12.15,10.16,12.7,0.0,0.0,0.0,0.0,0.0,0.0,80.2238888888889,278.45,2.05,0.0,0.0,0.0,0.0,0.0,611167728.0,10186128.8,29387866.0,1,0.20007876722964224,0.2500984590370528,0.23926742340946391,0.0,611167728.0,276.4,0.0004965243296921549,0.0,0.0,23.9,0.0,0.0,0.28707779169400216,3.402939748158382,0.0,0.0,0.0,5.977353170985562,0.0,19201737.2,5.003939137016671
2014,Intel,USA,22,logic_mature,93744,2012,INTC,idm_cpu,50.47,16.2,8.2,10.09,12.62,0.0,0.0,0.0,0.0,0.0,0.0,3.405416666666667,4.5,2.49,0.0,0.0,0.0,0.0,0.0,671685834.0,11194763.9,31823947.0,2,0.19992074103584823,0.25004952942243847,0.16247275287353372,0.0,671685834.0,2.01,0.0009925558312655087,0.0,0.0,16.2,0.0,0.0,0.6191666666666668,0.45625650241180354,0.0,0.0,0.0,4.050802376643503,0.0,20629183.1,4.999008721779903
2015,Intel,USA,22,logic_mature,152668,2012,INTC,idm_cpu,52.71,17.6,9.29,10.54,13.18,0.0,0.0,0.0,0.0,0.0,0.0,2.605833333333333,3.38,2.0,0.0,0.0,0.0,0.0,0.0,670335722.0,11172262.033333331,30990284.0,3,0.19996205274213522,0.2500474245864651,0.17624738804311538,0.0,670335722.0,1.38,0.001488095238095238,0.0,0.0,17.6,0.0,0.0,0.5949391171993911,0.3827131962098452,0.0,0.0,0.0,4.400834672721786,0.0,19818021.96666667,4.999999630319381
2016,Intel,USA,22,logic_mature,165055,2012,INTC,idm_cpu,61.27,21.6,13.22,12.25,15.32,0.0,0.0,0.0,0.0,0.0,0.0,2.89625,3.78,1.85,0.0,0.0,0.0,0.0,0.0,677861710.0,11297695.166666666,32073453.0,4,0.19993471193186368,0.2500407989221348,0.2157662768766725,0.0,677861710.0,1.9299999999999997,0.0019831432821021317,0.0,0.0,21.6,0.0,0.0,0.6059100418410043,0.49534809111324984,0.0,0.0,0.0,5.400881256718113,0.0,20775757.833333336,4.999183510371008
2017,Intel,USA,22,logic_mature,153537,2012,INTC,idm_cpu,66.18,15.8,10.43,13.24,16.54,0.0,0.0,0.0,0.0,0.0,0.0,4.944166666666667,7.11,3.5,0.0,0.0,0.0,0.0,0.0,824441888.0,13740698.133333333,39171620.0,5,0.20006043819793837,0.2499244446974245,0.1576004811483759,0.0,824441888.0,3.6100000000000003,0.002477700693756194,0.0,0.0,15.8,0.0,0.0,0.6096383066173449,0.6073180989765877,0.0,0.0,0.0,3.948806226219307,0.0,25430921.866666667,4.999999392254316
2018,Intel,USA,22,logic_mature,147204,2012,INTC,idm_cpu,66.06,20.2,13.32,13.21,16.51,0.0,0.0,0.0,0.0,0.0,0.0,6.297499999999999,8.43,4.13,1.0,5.0,1.0,0.0,0.0,937556570.0,15625942.833333334,44840672.0,6,0.1999697214657929,0.24992430744892058,0.20163487433189714,0.0,937556570.0,4.3,0.0029717682020802376,0.0,0.0,20.2,0.0,0.0,0.6678154825026511,0.5892428914011648,5.0,6.0,0.0,5.048471010468195,0.0,29214729.166666664,4.997729414809184
2019,Intel,USA,22,logic_mature,146244,2012,INTC,idm_cpu,73.31,21.4,15.67,14.66,18.33,0.0,0.0,0.0,0.0,0.0,0.0,4.458333333333333,6.97,2.85,2.0,6.0,2.0,0.0,0.0,824613952.0,13743565.866666667,38651660.0,7,0.19997271586451076,0.2500340983490097,0.21374982657550365,0.0,824613952.0,4.119999999999999,0.0034653465346534654,0.0,0.0,21.4,0.0,0.0,0.5593893768297783,0.7548091603053434,12.0,8.0,0.0,5.350729704668807,0.0,24908094.133333333,4.999999770558565
2020,Intel,USA,22,logic_mature,146953,2012,INTC,idm_cpu,79.56,20.4,16.24,15.91,19.89,4.0,40006.0,600.1,34.0,197.75,307.5,3.8054166666666656,4.82,2.71,3.0,8.0,3.0,0.0,0.0,880778716.0,14679645.266666668,41756367.0,8,0.19997485922605757,0.24999999685771748,0.20412267214526553,0.014999875021871173,176155743.2,2.1100000000000003,0.0039584364176150424,8001.2,120.02000000000001,20.4,6723.5,0.6410048622366289,0.6538516609392896,0.4390878349085235,24.0,11.0,79.98994369042303,5.099999935897436,7.9111865,27076721.733333334,4.9993714178136885
2021,Intel,USA,22,logic_mature,148107,2012,INTC,idm_cpu,72.13,20.7,14.92,14.43,18.03,7.0,209085.0,3136.2000000000003,44.57142857142857,243.57142857142856,307.1428571428572,4.252083333333333,5.1,2.93,1.0,5.0,1.0,0.0,0.0,1111785028.0,18529750.466666665,52923444.0,9,0.20005545265415983,0.24996533689220388,0.20684874245322693,0.014999569555111295,138973128.5,2.1699999999999995,0.004451038575667656,26135.625,392.02500000000003,20.7,10856.326530612243,0.7904496986555398,0.6970628415300547,0.41316937723125735,5.0,6.0,140.03881685791188,5.17428247366862,50.92713214285714,34393693.53333333,5.00069286198194
2022,Intel,USA,22,logic_mature,147193,2012,INTC,idm_cpu,64.11,7.9,5.06,12.82,16.03,8.0,152204.0,2283.0,43.0,236.875,290.625,80.2238888888889,278.45,2.05,4.0,9.0,4.0,0.0,0.0,1148168388.0,19136139.8,54549224.0,10,0.19996880049962876,0.2500389915763689,0.07892684325492368,0.014999507243520253,127574265.33333333,276.4,0.004943153732081068,16911.555555555555,253.66666666666666,7.9,10185.625,0.8122588941277326,0.28707779169400216,3.402939748158382,36.0,13.0,159.975040399703,1.9753080334533142,36.0533225,35413084.2,4.999999722366327
2023,Intel,USA,22,logic_mature,157032,2012,INTC,idm_cpu,53.91,10.6,5.71,10.78,13.48,15.0,991098.0,23611.1,156.0,414.9333333333333,343.8,7427.86695652174,35640.01,1.38,7.0,7.428571428571429,3.0,3.0,1.0,1053770850.0,17562847.5,51618069.0,11,0.19996289742231688,0.250046368947387,0.10591726755857415,0.02382314985687605,65860678.125,35638.630000000005,0.005434782608695652,61943.625,1475.69375,10.6,64729.59999999999,1.2034029389017786,0.20840786937636557,4.797317034829,52.0,14.428571428571429,299.9443461334753,2.6504915108423024,411.23959679999996,34055221.5,4.999999642464916
2024,Intel,USA,22,logic_mature,137548,2012,INTC,idm_cpu,54.42,8.8,4.8,10.88,13.61,26.0,4904042.0,109819.4,145.5,804.6923076923077,1360.7692307692307,9161.659411764706,42124.09,1.91,6.0,6.666666666666667,4.0,2.0,0.0,1261097212.0,21018286.866666667,61310821.0,12,0.19992649393740367,0.25009187339044703,0.08820286497238396,0.02239364540645341,46707304.14814815,42122.17999999999,0.005925925925925926,181631.1851851852,4067.385185185185,8.8,117082.73076923078,0.5909167937637689,0.2174869991201136,4.597156579444151,40.0,12.666666666666668,519.8088842372496,2.200808485835934,3946.244874,40292534.13333333,4.999999140918914
2025,Intel,USA,22,logic_mature,164436,2012,INTC,idm_cpu,57.44,9.2,5.29,11.49,14.36,30.0,4876006.0,112487.8,147.96666666666667,927.7333333333332,1270.2666666666669,11861.496,37949.43,1.8,7.0,6.857142857142857,6.0,1.0,0.0,1591280610.0,26521343.5,85348277.0,13,0.20003481545900392,0.2499999956476324,0.09209609867520721,0.023069655150207948,51331632.58064516,37947.63,0.006416584402764067,157290.51612903227,3628.6387096774192,9.2,137273.60888888888,0.7297708322408095,0.31255234789171027,3.1989582968036405,48.0,13.857142857142858,600.1044463770118,2.299999959958218,4523.633299733333,58826933.5,5.000870299412593
2026,Intel,USA,22,logic_mature,161897,2012,INTC,idm_cpu,59.79,12.5,7.47,11.96,14.95,30.0,2935334.0,70687.7,147.96666666666667,927.7333333333332,1270.2666666666669,10463.3045,33556.33,2.09,3.0,8.0,2.0,1.0,0.0,1088320154.0,43532806.16,131937729.0,14,0.20003344706416715,0.25004180883020893,0.12493727839208432,0.024081646558229298,35107101.741935484,33554.240000000005,0.006906758756783424,94688.19354838709,2280.248387096774,12.5,137273.60888888888,0.7297708322408095,0.31180384434637676,3.2065427759675766,24.0,11.0,600.1003411925014,3.1255226103776117,2723.2071962666664,88404922.84,5.0016724930466205
2024,Intel,ISR,7,logic_leading,0,2024,INTC,idm_cpu,54.42,8.8,4.8,10.88,13.61,26.0,4904042.0,109819.4,145.5,804.6923076923077,1360.7692307692307,9161.659411764706,42124.09,1.91,6.0,6.666666666666667,4.0,2.0,0.0,1261097212.0,21018286.866666667,61310821.0,0,0.19992649393740367,0.25009187339044703,0.08820286497238396,0.02239364540645341,46707304.14814815,42122.17999999999,0.0,181631.1851851852,4067.385185185185,8.8,117082.73076923078,0.5909167937637689,0.2174869991201136,4.597156579444151,40.0,12.666666666666668,519.8088842372496,2.200808485835934,3946.244874,40292534.13333333,4.999999140918914
2025,Intel,ISR,7,logic_leading,39698,2024,INTC,idm_cpu,57.44,9.2,5.29,11.49,14.36,30.0,4876006.0,112487.8,147.96666666666667,927.7333333333332,1270.2666666666669,11861.496,37949.43,1.8,7.0,6.857142857142857,6.0,1.0,0.0,1591280610.0,26521343.5,85348277.0,1,0.20003481545900392,0.2499999956476324,0.09209609867520721,0.023069655150207948,51331632.58064516,37947.63,0.0004935834155972359,157290.51612903227,3628.6387096774192,9.2,137273.60888888888,0.7297708322408095,0.31255234789171027,3.1989582968036405,48.0,13.857142857142858,600.1044463770118,2.299999959958218,4523.633299733333,58826933.5,5.000870299412593
2026,Intel,ISR,7,logic_leading,47022,2024,INTC,idm_cpu,59.79,12.5,7.47,11.96,14.95,30.0,2935334.0,70687.7,147.96666666666667,927.7333333333332,1270.2666666666669,10463.3045,33556.33,2.09,3.0,8.0,2.0,1.0,0.0,1088320154.0,43532806.16,131937729.0,2,0.20003344706416715,0.25004180883020893,0.12493727839208432,0.024081646558229298,35107101.741935484,33554.240000000005,0.000986679822397632,94688.19354838709,2280.248387096774,12.5,137273.60888888888,0.7297708322408095,0.31180384434637676,3.2065427759675766,24.0,11.0,600.1003411925014,3.1255226103776117,2723.2071962666664,88404922.84,5.0016724930466205
2026,Intel,DEU,7,logic_leading,23413,2026,INTC,idm_cpu,59.79,12.5,7.47,11.96,14.95,30.0,2935334.0,70687.7,147.96666666666667,927.7333333333332,1270.2666666666669,10463.3045,33556.33,2.09,3.0,8.0,2.0,1.0,0.0,1088320154.0,43532806.16,131937729.0,0,0.20003344706416715,0.25004180883020893,0.12493727839208432,0.024081646558229298,35107101.741935484,33554.240000000005,0.0,94688.19354838709,2280.248387096774,12.5,137273.60888888888,0.7297708322408095,0.31180384434637676,3.2065427759675766,24.0,11.0,600.1003411925014,3.1255226103776117,2723.2071962666664,88404922.84,5.0016724930466205
2020,SMIC,CHN,14,logic_mature,0,2020,0981,foundry,3.92,42.9,1.68,0.31,1.76,4.0,40006.0,600.1,34.0,197.75,307.5,3.8054166666666656,4.82,2.71,3.0,8.0,3.0,0.0,0.0,880778716.0,14679645.266666668,41756367.0,0,0.07908161247918048,0.44897947730115373,0.42857131924201036,0.014999875021871173,176155743.2,2.1100000000000003,0.0,8001.2,120.02000000000001,42.9,6723.5,0.6410048622366289,0.6538516609392896,0.4390878349085235,24.0,11.0,31.632644991672194,19.261219576219496,7.9111865,27076721.733333334,3.550602103503485
2021,SMIC,CHN,14,logic_mature,10815,2020,0981,foundry,5.52,36.4,2.01,0.44,2.48,7.0,209085.0,3136.2000000000003,44.57142857142857,243.57142857142856,307.1428571428572,4.252083333333333,5.1,2.93,1.0,5.0,1.0,0.0,0.0,1111785028.0,18529750.466666665,52923444.0,1,0.07971013048729521,0.44927528092839114,0.36413036881696215,0.014999569555111295,138973128.5,2.1699999999999995,0.0004945598417408506,26135.625,392.02500000000003,36.4,10856.326530612243,0.7904496986555398,0.6970628415300547,0.41316937723125735,5.0,6.0,55.79709134110664,16.35362022579344,50.92713214285714,34393693.53333333,3.5811791267518265
2022,SMIC,CHN,14,logic_mature,24320,2020,0981,foundry,7.09,37.8,2.68,0.57,3.19,8.0,152204.0,2283.0,43.0,236.875,290.625,80.2238888888889,278.45,2.05,4.0,9.0,4.0,0.0,0.0,1148168388.0,19136139.8,54549224.0,2,0.08039491108675442,0.44992941467850284,0.3779971258114068,0.014999507243520253,127574265.33333333,276.4,0.0009886307464162135,16911.555555555555,253.66666666666666,37.8,10185.625,0.8122588941277326,0.28707779169400216,3.402939748158382,36.0,13.0,64.31592886940354,17.007331874847406,36.0533225,35413084.2,3.6172035288393696
2023,SMIC,CHN,14,logic_mature,35715,2020,0981,foundry,6.72,37.5,2.52,0.54,3.02,15.0,991098.0,23611.1,156.0,414.9333333333333,343.8,7427.86695652174,35640.01,1.38,7.0,7.428571428571429,3.0,3.0,1.0,1053770850.0,17562847.5,51618069.0,3,0.08035713089923648,0.4494046950290633,0.3749999441964369,0.02382314985687605,65860678.125,35638.630000000005,0.0014822134387351778,61943.625,1475.69375,37.5,64729.59999999999,1.2034029389017786,0.20840786937636557,4.797317034829,52.0,14.428571428571429,120.5356963488547,16.852676063589872,411.23959679999996,34055221.5,3.6112871905181887
2024,SMIC,CHN,14,logic_mature,32300,2020,0981,foundry,8.2,37.3,3.06,0.66,3.69,26.0,4904042.0,109819.4,145.5,804.6923076923077,1360.7692307692307,9161.659411764706,42124.09,1.91,6.0,6.666666666666667,4.0,2.0,0.0,1261097212.0,21018286.866666667,61310821.0,4,0.08048779506246403,0.449999945121958,0.37317068619869687,0.02239364540645341,46707304.14814815,42122.17999999999,0.0019753086419753087,181631.1851851852,4067.385185185185,37.3,117082.73076923078,0.5909167937637689,0.2174869991201136,4.597156579444151,40.0,12.666666666666668,209.26826716240646,16.784997953049032,3946.244874,40292534.13333333,3.6219503361096215
2025,SMIC,CHN,14,logic_mature,36705,2020,0981,foundry,10.28,41.2,4.23,0.82,4.63,30.0,4876006.0,112487.8,147.96666666666667,927.7333333333332,1270.2666666666669,11861.496,37949.43,1.8,7.0,6.857142857142857,6.0,1.0,0.0,1591280610.0,26521343.5,85348277.0,5,0.07976652920559055,0.4503890612462003,0.4114785591946928,0.023069655150207948,51331632.58064516,37947.63,0.0024679170779861796,157290.51612903227,3628.6387096774192,41.2,137273.60888888888,0.7297708322408095,0.31255234789171027,3.1989582968036405,48.0,13.857142857142858,239.29958761677165,18.556029323343456,4523.633299733333,58826933.5,3.592597220777355
2026,SMIC,CHN,14,logic_mature,39208,2020,0981,foundry,11.94,39.9,4.76,0.96,5.37,30.0,2935334.0,70687.7,147.96666666666667,927.7333333333332,1270.2666666666669,10463.3045,33556.33,2.09,3.0,8.0,2.0,1.0,0.0,1088320154.0,43532806.16,131937729.0,6,0.08040200331641514,0.4497487060511972,0.39865993311055836,0.024081646558229298,35107101.741935484,33554.240000000005,0.0029600394671928957,94688.19354838709,2280.248387096774,39.9,137273.60888888888,0.7297708322408095,0.31180384434637676,3.2065427759675766,24.0,11.0,241.2060099492454,17.944973371442767,2723.2071962666664,88404922.84,3.6160696955481777
2016,SMIC,CHN,28,logic_mature,0,2016,0981,foundry,2.68,40.5,1.09,0.21,1.21,0.0,0.0,0.0,0.0,0.0,0.0,2.89625,3.78,1.85,0.0,0.0,0.0,0.0,0.0,677861710.0,11297695.166666666,32073453.0,0,0.0783581797170971,0.451492368846131,0.40671626615064693,0.0,677861710.0,1.9299999999999997,0.0,0.0,0.0,40.5,0.0,0.0,0.6059100418410043,0.49534809111324984,0.0,0.0,0.0,18.285440938268305,0.0,20775757.833333336,3.5378120178943027
2017,SMIC,CHN,28,logic_mature,20178,2016,0981,foundry,2.99,36.9,1.1,0.24,1.34,0.0,0.0,0.0,0.0,0.0,0.0,4.944166666666667,7.11,3.5,0.0,0.0,0.0,0.0,0.0,824441888.0,13740698.133333333,39171620.0,1,0.08026753168309976,0.4481603852306404,0.3678928535475406,0.0,824441888.0,3.6100000000000003,0.0004955401387512388,0.0,0.0,36.9,0.0,0.0,0.6096383066173449,0.6073180989765877,0.0,0.0,0.0,16.53711821501063,0.0,25430921.866666667,3.597272792061062
2018,SMIC,CHN,28,logic_mature,40586,2016,0981,foundry,3.23,38.5,1.25,0.26,1.46,0.0,0.0,0.0,0.0,0.0,0.0,6.297499999999999,8.43,4.13,1.0,5.0,1.0,0.0,0.0,937556570.0,15625942.833333334,44840672.0,2,0.08049533111599656,0.4520122439590576,0.3869967842115219,0.0,937556570.0,4.3,0.0009905894006934125,0.0,0.0,38.5,0.0,0.0,0.6678154825026511,0.5892428914011648,5.0,6.0,0.0,17.402471392423717,0.0,29214729.166666664,3.6384875245968957
2019,SMIC,CHN,28,logic_mature,64587,2016,0981,foundry,3.64,45.3,1.65,0.29,1.64,0.0,0.0,0.0,0.0,0.0,0.0,4.458333333333333,6.97,2.85,2.0,6.0,2.0,0.0,0.0,824613952.0,13743565.866666667,38651660.0,3,0.07967030778288246,0.4505493267721629,0.4532965787646761,0.0,824613952.0,4.119999999999999,0.0014851485148514852,0.0,0.0,45.3,0.0,0.0,0.5593893768297783,0.7548091603053434,12.0,8.0,0.0,20.40988450277898,0.0,24908094.133333333,3.5895403535308708
2020,SMIC,CHN,28,logic_mature,63793,2016,0981,foundry,3.92,42.9,1.68,0.31,1.76,4.0,40006.0,600.1,34.0,197.75,307.5,3.8054166666666656,4.82,2.71,3.0,8.0,3.0,0.0,0.0,880778716.0,14679645.266666668,41756367.0,4,0.07908161247918048,0.44897947730115373,0.42857131924201036,0.014999875021871173,176155743.2,2.1100000000000003,0.0019792182088075212,8001.2,120.02000000000001,42.9,6723.5,0.6410048622366289,0.6538516609392896,0.4390878349085235,24.0,11.0,31.632644991672194,19.261219576219496,7.9111865,27076721.733333334,3.550602103503485
2021,SMIC,CHN,28,logic_mature,51986,2016,0981,foundry,5.52,36.4,2.01,0.44,2.48,7.0,209085.0,3136.2000000000003,44.57142857142857,243.57142857142856,307.1428571428572,4.252083333333333,5.1,2.93,1.0,5.0,1.0,0.0,0.0,1111785028.0,18529750.466666665,52923444.0,5,0.07971013048729521,0.44927528092839114,0.36413036881696215,0.014999569555111295,138973128.5,2.1699999999999995,0.002472799208704253,26135.625,392.02500000000003,36.4,10856.326530612243,0.7904496986555398,0.6970628415300547,0.41316937723125735,5.0,6.0,55.79709134110664,16.35362022579344,50.92713214285714,34393693.53333333,3.5811791267518265
2022,SMIC,CHN,28,logic_mature,59055,2016,0981,foundry,7.09,37.8,2.68,0.57,3.19,8.0,152204.0,2283.0,43.0,236.875,290.625,80.2238888888889,278.45,2.05,4.0,9.0,4.0,0.0,0.0,1148168388.0,19136139.8,54549224.0,6,0.08039491108675442,0.44992941467850284,0.3779971258114068,0.014999507243520253,127574265.33333333,276.4,0.002965892239248641,16911.555555555555,253.66666666666666,37.8,10185.625,0.8122588941277326,0.28707779169400216,3.402939748158382,36.0,13.0,64.31592886940354,17.007331874847406,36.0533225,35413084.2,3.6172035288393696
2023,SMIC,CHN,28,logic_mature,59508,2016,0981,foundry,6.72,37.5,2.52,0.54,3.02,15.0,991098.0,23611.1,156.0,414.9333333333333,343.8,7427.86695652174,35640.01,1.38,7.0,7.428571428571429,3.0,3.0,1.0,1053770850.0,17562847.5,51618069.0,7,0.08035713089923648,0.4494046950290633,0.3749999441964369,0.02382314985687605,65860678.125,35638.630000000005,0.003458498023715415,61943.625,1475.69375,37.5,64729.59999999999,1.2034029389017786,0.20840786937636557,4.797317034829,52.0,14.428571428571429,120.5356963488547,16.852676063589872,411.23959679999996,34055221.5,3.6112871905181887
2024,SMIC,CHN,28,logic_mature,54967,2016,0981,foundry,8.2,37.3,3.06,0.66,3.69,26.0,4904042.0,109819.4,145.5,804.6923076923077,1360.7692307692307,9161.659411764706,42124.09,1.91,6.0,6.666666666666667,4.0,2.0,0.0,1261097212.0,21018286.866666667,61310821.0,8,0.08048779506246403,0.449999945121958,0.37317068619869687,0.02239364540645341,46707304.14814815,42122.17999999999,0.003950617283950617,181631.1851851852,4067.385185185185,37.3,117082.73076923078,0.5909167937637689,0.2174869991201136,4.597156579444151,40.0,12.666666666666668,209.26826716240646,16.784997953049032,3946.244874,40292534.13333333,3.6219503361096215
2025,SMIC,CHN,28,logic_mature,63297,2016,0981,foundry,10.28,41.2,4.23,0.82,4.63,30.0,4876006.0,112487.8,147.96666666666667,927.7333333333332,1270.2666666666669,11861.496,37949.43,1.8,7.0,6.857142857142857,6.0,1.0,0.0,1591280610.0,26521343.5,85348277.0,9,0.07976652920559055,0.4503890612462003,0.4114785591946928,0.023069655150207948,51331632.58064516,37947.63,0.004442250740375123,157290.51612903227,3628.6387096774192,41.2,137273.60888888888,0.7297708322408095,0.31255234789171027,3.1989582968036405,48.0,13.857142857142858,239.29958761677165,18.556029323343456,4523.633299733333,58826933.5,3.592597220777355
2026,SMIC,CHN,28,logic_mature,70252,2016,0981,foundry,11.94,39.9,4.76,0.96,5.37,30.0,2935334.0,70687.7,147.96666666666667,927.7333333333332,1270.2666666666669,10463.3045,33556.33,2.09,3.0,8.0,2.0,1.0,0.0,1088320154.0,43532806.16,131937729.0,10,0.08040200331641514,0.4497487060511972,0.39865993311055836,0.024081646558229298,35107101.741935484,33554.240000000005,0.00493339911198816,94688.19354838709,2280.248387096774,39.9,137273.60888888888,0.7297708322408095,0.31180384434637676,3.2065427759675766,24.0,11.0,241.2060099492454,17.944973371442767,2723.2071962666664,88404922.84,3.6160696955481777
2023,SMIC,CHN,7,logic_leading,0,2023,0981,foundry,6.72,37.5,2.52,0.54,3.02,15.0,991098.0,23611.1,156.0,414.9333333333333,343.8,7427.86695652174,35640.01,1.38,7.0,7.428571428571429,3.0,3.0,1.0,1053770850.0,17562847.5,51618069.0,0,0.08035713089923648,0.4494046950290633,0.3749999441964369,0.02382314985687605,65860678.125,35638.630000000005,0.0,61943.625,1475.69375,37.5,64729.59999999999,1.2034029389017786,0.20840786937636557,4.797317034829,52.0,14.428571428571429,120.5356963488547,16.852676063589872,411.23959679999996,34055221.5,3.6112871905181887
2024,SMIC,CHN,7,logic_leading,5084,2023,0981,foundry,8.2,37.3,3.06,0.66,3.69,26.0,4904042.0,109819.4,145.5,804.6923076923077,1360.7692307692307,9161.659411764706,42124.09,1.91,6.0,6.666666666666667,4.0,2.0,0.0,1261097212.0,21018286.866666667,61310821.0,1,0.08048779506246403,0.449999945121958,0.37317068619869687,0.02239364540645341,46707304.14814815,42122.17999999999,0.0004938271604938272,181631.1851851852,4067.385185185185,37.3,117082.73076923078,0.5909167937637689,0.2174869991201136,4.597156579444151,40.0,12.666666666666668,209.26826716240646,16.784997953049032,3946.244874,40292534.13333333,3.6219503361096215
2025,SMIC,CHN,7,logic_leading,15045,2023,0981,foundry,10.28,41.2,4.23,0.82,4.63,30.0,4876006.0,112487.8,147.96666666666667,927.7333333333332,1270.2666666666669,11861.496,37949.43,1.8,7.0,6.857142857142857,6.0,1.0,0.0,1591280610.0,26521343.5,85348277.0,2,0.07976652920559055,0.4503890612462003,0.4114785591946928,0.023069655150207948,51331632.58064516,37947.63,0.0009871668311944718,157290.51612903227,3628.6387096774192,41.2,137273.60888888888,0.7297708322408095,0.31255234789171027,3.1989582968036405,48.0,13.857142857142858,239.29958761677165,18.556029323343456,4523.633299733333,58826933.5,3.592597220777355
2026,SMIC,CHN,7,logic_leading,15954,2023,0981,foundry,11.94,39.9,4.76,0.96,5.37,30.0,2935334.0,70687.7,147.96666666666667,927.7333333333332,1270.2666666666669,10463.3045,33556.33,2.09,3.0,8.0,2.0,1.0,0.0,1088320154.0,43532806.16,131937729.0,3,0.08040200331641514,0.4497487060511972,0.39865993311055836,0.024081646558229298,35107101.741935484,33554.240000000005,0.0014800197335964479,94688.19354838709,2280.248387096774,39.9,137273.60888888888,0.7297708322408095,0.31180384434637676,3.2065427759675766,24.0,11.0,241.2060099492454,17.944973371442767,2723.2071962666664,88404922.84,3.6160696955481777
2014,GlobalFoundries,USA,14,logic_mature,0,2014,GFS,foundry,4.64,40.5,1.88,0.37,2.09,0.0,0.0,0.0,0.0,0.0,0.0,3.405416666666667,4.5,2.49,0.0,0.0,0.0,0.0,0.0,671685834.0,11194763.9,31823947.0,0,0.07974136212470644,0.45043093740712553,0.4051723264714814,0.0,671685834.0,2.01,0.0,0.0,0.0,40.5,0.0,0.0,0.6191666666666668,0.45625650241180354,0.0,0.0,0.0,18.242452964988583,0.0,20629183.1,3.5917976491952572
2015,GlobalFoundries,USA,14,logic_mature,9732,2014,GFS,foundry,5.09,39.1,1.99,0.41,2.29,0.0,0.0,0.0,0.0,0.0,0.0,2.605833333333333,3.38,2.0,0.0,0.0,0.0,0.0,0.0,670335722.0,11172262.033333331,30990284.0,1,0.08055008240666357,0.44990167978356,0.39096259509575737,0.0,670335722.0,1.38,0.000496031746031746,0.0,0.0,39.1,0.0,0.0,0.5949391171993911,0.3827131962098452,0.0,0.0,0.0,17.591155679537195,0.0,19818021.96666667,3.6239617381462126
2016,GlobalFoundries,USA,14,logic_mature,20467,2014,GFS,foundry,5.47,38.0,2.08,0.44,2.46,0.0,0.0,0.0,0.0,0.0,0.0,2.89625,3.78,1.85,0.0,0.0,0.0,0.0,0.0,677861710.0,11297695.166666666,32073453.0,2,0.08043874215013855,0.4497256947485019,0.3802558719824731,0.0,677861710.0,1.9299999999999997,0.0009915716410510659,0.0,0.0,38.0,0.0,0.0,0.6059100418410043,0.49534809111324984,0.0,0.0,0.0,17.08957640044307,0.0,20775757.833333336,3.6175369198166663
2017,GlobalFoundries,USA,14,logic_mature,27320,2014,GFS,foundry,5.74,38.9,2.23,0.46,2.58,0.0,0.0,0.0,0.0,0.0,0.0,4.944166666666667,7.11,3.5,0.0,0.0,0.0,0.0,0.0,824441888.0,13740698.133333333,39171620.0,3,0.08013935886073888,0.44947727361023104,0.3885016744770602,0.0,824441888.0,3.6100000000000003,0.0014866204162537165,0.0,0.0,38.9,0.0,0.0,0.6096383066173449,0.6073180989765877,0.0,0.0,0.0,17.484665943437985,0.0,25430921.866666667,3.602082052959682
2018,GlobalFoundries,USA,14,logic_mature,32927,2014,GFS,foundry,5.98,41.5,2.48,0.48,2.69,0.0,0.0,0.0,0.0,0.0,0.0,6.297499999999999,8.43,4.13,1.0,5.0,1.0,0.0,0.0,937556570.0,15625942.833333334,44840672.0,4,0.08026754510576167,0.44983270069687276,0.414715649713102,0.0,937556570.0,4.3,0.001981178801386825,0.0,0.0,41.5,0.0,0.0,0.6678154825026511,0.5892428914011648,5.0,6.0,0.0,18.66805707892022,0.0,29214729.166666664,3.610696659323282
2019,GlobalFoundries,USA,14,logic_mature,30917,2014,GFS,foundry,5.47,40.0,2.19,0.44,2.46,0.0,0.0,0.0,0.0,0.0,0.0,4.458333333333333,6.97,2.85,2.0,6.0,2.0,0.0,0.0,824613952.0,13743565.866666667,38651660.0,5,0.08043874215013855,0.4497256947485019,0.40036555752000774,0.0,824613952.0,4.119999999999999,0.0024752475247524753,0.0,0.0,40.0,0.0,0.0,0.5593893768297783,0.7548091603053434,12.0,8.0,0.0,17.989027789940074,0.0,24908094.133333333,3.6175369198166663
2020,GlobalFoundries,USA,14,logic_mature,29727,2014,GFS,foundry,4.97,41.3,2.06,0.4,2.24,4.0,40006.0,600.1,34.0,197.75,307.5,3.8054166666666656,4.82,2.71,3.0,8.0,3.0,0.0,0.0,880778716.0,14679645.266666668,41756367.0,6,0.08048288119056717,0.4507041346671762,0.4144868381314209,0.014999875021871173,176155743.2,2.1100000000000003,0.0029688273132112814,8001.2,120.02000000000001,41.3,6723.5,0.6410048622366289,0.6538516609392896,0.4390878349085235,24.0,11.0,32.193152476226864,18.614080761754376,7.9111865,27076721.733333334,3.6273967322515728
2021,GlobalFoundries,USA,14,logic_mature,30875,2014,GFS,foundry,6.63,39.7,2.63,0.53,2.98,7.0,209085.0,3136.2000000000003,44.57142857142857,243.57142857142856,307.1428571428572,4.252083333333333,5.1,2.93,1.0,5.0,1.0,0.0,0.0,1111785028.0,18529750.466666665,52923444.0,7,0.07993965611769893,0.44947202873725056,0.3966816897916003,0.014999569555111295,138973128.5,2.1699999999999995,0.0034619188921859545,26135.625,392.02500000000003,39.7,10856.326530612243,0.7904496986555398,0.6970628415300547,0.41316937723125735,5.0,6.0,55.957759282389254,17.84403954086885,50.92713214285714,34393693.53333333,3.5930639411780305
2022,GlobalFoundries,USA,14,logic_mature,27958,2014,GFS,foundry,8.0,39.8,3.18,0.64,3.6,8.0,152204.0,2283.0,43.0,236.875,290.625,80.2238888888889,278.45,2.05,4.0,9.0,4.0,0.0,0.0,1148168388.0,19136139.8,54549224.0,8,0.07999999000000126,0.44999994375000707,0.3974999503125063,0.014999507243520253,127574265.33333333,276.4,0.003954522985664854,16911.555555555555,253.66666666666666,39.8,10185.625,0.8122588941277326,0.28707779169400216,3.402939748158382,36.0,13.0,63.99999200000101,17.90999776125028,36.0533225,35413084.2,3.5999991000001694
2023,GlobalFoundries,USA,14,logic_mature,31827,2014,GFS,foundry,7.03,35.7,2.51,0.56,3.17,15.0,991098.0,23611.1,156.0,414.9333333333333,343.8,7427.86695652174,35640.01,1.38,7.0,7.428571428571429,3.0,3.0,1.0,1053770850.0,17562847.5,51618069.0,9,0.07965859464315866,0.45092454467645166,0.3570412009898718,0.02382314985687605,65860678.125,35638.630000000005,0.004446640316205534,61943.625,1475.69375,35.7,64729.59999999999,1.2034029389017786,0.20840786937636557,4.797317034829,52.0,14.428571428571429,119.487891964738,16.098006244949325,411.23959679999996,34055221.5,3.5920015519032353
2024,GlobalFoundries,USA,14,logic_mature,29517,2014,GFS,foundry,6.54,37.0,2.42,0.52,2.94,26.0,4904042.0,109819.4,145.5,804.6923076923077,1360.7692307692307,9161.659411764706,42124.09,1.91,6.0,6.666666666666667,4.0,2.0,0.0,1261097212.0,21018286.866666667,61310821.0,10,0.07951069120631633,0.44954121566648075,0.37003052446016443,0.02239364540645341,46707304.14814815,42122.17999999999,0.0049382716049382715,181631.1851851852,4067.385185185185,37.0,117082.73076923078,0.5909167937637689,0.2174869991201136,4.597156579444151,40.0,12.666666666666668,206.72779713642248,16.633024979659787,3946.244874,40292534.13333333,3.574333278336961
2025,GlobalFoundries,USA,14,logic_mature,31180,2014,GFS,foundry,7.24,37.3,2.7,0.58,3.26,30.0,4876006.0,112487.8,147.96666666666667,927.7333333333332,1270.2666666666669,11861.496,37949.43,1.8,7.0,6.857142857142857,6.0,1.0,0.0,1591280610.0,26521343.5,85348277.0,11,0.08011048617258477,0.45027618090107996,0.37292812528617053,0.023069655150207948,51331632.58064516,37947.63,0.005429417571569595,157290.51612903227,3628.6387096774192,37.3,137273.60888888888,0.7297708322408095,0.31255234789171027,3.1989582968036405,48.0,13.857142857142858,240.33145851775433,16.795301547610283,4523.633299733333,58826933.5,3.6071843763920244
2026,GlobalFoundries,USA,14,logic_mature,32198,2014,GFS,foundry,7.42,43.9,3.26,0.59,3.34,30.0,2935334.0,70687.7,147.96666666666667,927.7333333333332,1270.2666666666669,10463.3045,33556.33,2.09,3.0,8.0,2.0,1.0,0.0,1088320154.0,43532806.16,131937729.0,12,0.07951481408156144,0.4501347102244326,0.43935304051845814,0.024081646558229298,35107101.741935484,33554.240000000005,0.0059200789343857915,94688.19354838709,2280.248387096774,43.9,137273.60888888888,0.7297708322408095,0.31180384434637676,3.2065427759675766,24.0,11.0,238.54444224468435,19.76091377885259,2723.2071962666664,88404922.84,3.579237779515329
2018,GlobalFoundries,DEU,22,logic_mature,0,2018,GFS,foundry,5.98,41.5,2.48,0.48,2.69,0.0,0.0,0.0,0.0,0.0,0.0,6.297499999999999,8.43,4.13,1.0,5.0,1.0,0.0,0.0,937556570.0,15625942.833333334,44840672.0,0,0.08026754510576167,0.44983270069687276,0.414715649713102,0.0,937556570.0,4.3,0.0,0.0,0.0,41.5,0.0,0.0,0.6678154825026511,0.5892428914011648,5.0,6.0,0.0,18.66805707892022,0.0,29214729.166666664,3.610696659323282
2019,GlobalFoundries,DEU,22,logic_mature,17255,2018,GFS,foundry,5.47,40.0,2.19,0.44,2.46,0.0,0.0,0.0,0.0,0.0,0.0,4.458333333333333,6.97,2.85,2.0,6.0,2.0,0.0,0.0,824613952.0,13743565.866666667,38651660.0,1,0.08043874215013855,0.4497256947485019,0.40036555752000774,0.0,824613952.0,4.119999999999999,0.0004950495049504951,0.0,0.0,40.0,0.0,0.0,0.5593893768297783,0.7548091603053434,12.0,8.0,0.0,17.989027789940074,0.0,24908094.133333333,3.6175369198166663
2020,GlobalFoundries,DEU,22,logic_mature,33762,2018,GFS,foundry,4.97,41.3,2.06,0.4,2.24,4.0,40006.0,600.1,34.0,197.75,307.5,3.8054166666666656,4.82,2.71,3.0,8.0,3.0,0.0,0.0,880778716.0,14679645.266666668,41756367.0,2,0.08048288119056717,0.4507041346671762,0.4144868381314209,0.014999875021871173,176155743.2,2.1100000000000003,0.0009896091044037606,8001.2,120.02000000000001,41.3,6723.5,0.6410048622366289,0.6538516609392896,0.4390878349085235,24.0,11.0,32.193152476226864,18.614080761754376,7.9111865,27076721.733333334,3.6273967322515728
2021,GlobalFoundries,DEU,22,logic_mature,51656,2018,GFS,foundry,6.63,39.7,2.63,0.53,2.98,7.0,209085.0,3136.2000000000003,44.57142857142857,243.57142857142856,307.1428571428572,4.252083333333333,5.1,2.93,1.0,5.0,1.0,0.0,0.0,1111785028.0,18529750.466666665,52923444.0,3,0.07993965611769893,0.44947202873725056,0.3966816897916003,0.014999569555111295,138973128.5,2.1699999999999995,0.001483679525222552,26135.625,392.02500000000003,39.7,10856.326530612243,0.7904496986555398,0.6970628415300547,0.41316937723125735,5.0,6.0,55.957759282389254,17.84403954086885,50.92713214285714,34393693.53333333,3.5930639411780305
2022,GlobalFoundries,DEU,22,logic_mature,49978,2018,GFS,foundry,8.0,39.8,3.18,0.64,3.6,8.0,152204.0,2283.0,43.0,236.875,290.625,80.2238888888889,278.45,2.05,4.0,9.0,4.0,0.0,0.0,1148168388.0,19136139.8,54549224.0,4,0.07999999000000126,0.44999994375000707,0.3974999503125063,0.014999507243520253,127574265.33333333,276.4,0.001977261492832427,16911.555555555555,253.66666666666666,39.8,10185.625,0.8122588941277326,0.28707779169400216,3.402939748158382,36.0,13.0,63.99999200000101,17.90999776125028,36.0533225,35413084.2,3.5999991000001694
2023,GlobalFoundries,DEU,22,logic_mature,51299,2018,GFS,foundry,7.03,35.7,2.51,0.56,3.17,15.0,991098.0,23611.1,156.0,414.9333333333333,343.8,7427.86695652174,35640.01,1.38,7.0,7.428571428571429,3.0,3.0,1.0,1053770850.0,17562847.5,51618069.0,5,0.07965859464315866,0.45092454467645166,0.3570412009898718,0.02382314985687605,65860678.125,35638.630000000005,0.0024703557312252965,61943.625,1475.69375,35.7,64729.59999999999,1.2034029389017786,0.20840786937636557,4.797317034829,52.0,14.428571428571429,119.487891964738,16.098006244949325,411.23959679999996,34055221.5,3.5920015519032353
2024,GlobalFoundries,DEU,22,logic_mature,48963,2018,GFS,foundry,6.54,37.0,2.42,0.52,2.94,26.0,4904042.0,109819.4,145.5,804.6923076923077,1360.7692307692307,9161.659411764706,42124.09,1.91,6.0,6.666666666666667,4.0,2.0,0.0,1261097212.0,21018286.866666667,61310821.0,6,0.07951069120631633,0.44954121566648075,0.37003052446016443,0.02239364540645341,46707304.14814815,42122.17999999999,0.002962962962962963,181631.1851851852,4067.385185185185,37.0,117082.73076923078,0.5909167937637689,0.2174869991201136,4.597156579444151,40.0,12.666666666666668,206.72779713642248,16.633024979659787,3946.244874,40292534.13333333,3.574333278336961
2025,GlobalFoundries,DEU,22,logic_mature,58691,2018,GFS,foundry,7.24,37.3,2.7,0.58,3.26,30.0,4876006.0,112487.8,147.96666666666667,927.7333333333332,1270.2666666666669,11861.496,37949.43,1.8,7.0,6.857142857142857,6.0,1.0,0.0,1591280610.0,26521343.5,85348277.0,7,0.08011048617258477,0.45027618090107996,0.37292812528617053,0.023069655150207948,51331632.58064516,37947.63,0.0034550839091806516,157290.51612903227,3628.6387096774192,37.3,137273.60888888888,0.7297708322408095,0.31255234789171027,3.1989582968036405,48.0,13.857142857142858,240.33145851775433,16.795301547610283,4523.633299733333,58826933.5,3.6071843763920244
2026,GlobalFoundries,DEU,22,logic_mature,50852,2018,GFS,foundry,7.42,43.9,3.26,0.59,3.34,30.0,2935334.0,70687.7,147.96666666666667,927.7333333333332,1270.2666666666669,10463.3045,33556.33,2.09,3.0,8.0,2.0,1.0,0.0,1088320154.0,43532806.16,131937729.0,8,0.07951481408156144,0.4501347102244326,0.43935304051845814,0.024081646558229298,35107101.741935484,33554.240000000005,0.003946719289590528,94688.19354838709,2280.248387096774,43.9,137273.60888888888,0.7297708322408095,0.31180384434637676,3.2065427759675766,24.0,11.0,238.54444224468435,19.76091377885259,2723.2071962666664,88404922.84,3.579237779515329
2020,GlobalFoundries,USA,12,logic_mature,0,2020,GFS,foundry,4.97,41.3,2.06,0.4,2.24,4.0,40006.0,600.1,34.0,197.75,307.5,3.8054166666666656,4.82,2.71,3.0,8.0,3.0,0.0,0.0,880778716.0,14679645.266666668,41756367.0,0,0.08048288119056717,0.4507041346671762,0.4144868381314209,0.014999875021871173,176155743.2,2.1100000000000003,0.0,8001.2,120.02000000000001,41.3,6723.5,0.6410048622366289,0.6538516609392896,0.4390878349085235,24.0,11.0,32.193152476226864,18.614080761754376,7.9111865,27076721.733333334,3.6273967322515728
2021,GlobalFoundries,USA,12,logic_mature,12492,2020,GFS,foundry,6.63,39.7,2.63,0.53,2.98,7.0,209085.0,3136.2000000000003,44.57142857142857,243.57142857142856,307.1428571428572,4.252083333333333,5.1,2.93,1.0,5.0,1.0,0.0,0.0,1111785028.0,18529750.466666665,52923444.0,1,0.07993965611769893,0.44947202873725056,0.3966816897916003,0.014999569555111295,138973128.5,2.1699999999999995,0.0004945598417408506,26135.625,392.02500000000003,39.7,10856.326530612243,0.7904496986555398,0.6970628415300547,0.41316937723125735,5.0,6.0,55.957759282389254,17.84403954086885,50.92713214285714,34393693.53333333,3.5930639411780305
2022,GlobalFoundries,USA,12,logic_mature,22360,2020,GFS,foundry,8.0,39.8,3.18,0.64,3.6,8.0,152204.0,2283.0,43.0,236.875,290.625,80.2238888888889,278.45,2.05,4.0,9.0,4.0,0.0,0.0,1148168388.0,19136139.8,54549224.0,2,0.07999999000000126,0.44999994375000707,0.3974999503125063,0.014999507243520253,127574265.33333333,276.4,0.0009886307464162135,16911.555555555555,253.66666666666666,39.8,10185.625,0.8122588941277326,0.28707779169400216,3.402939748158382,36.0,13.0,63.99999200000101,17.90999776125028,36.0533225,35413084.2,3.5999991000001694
2023,GlobalFoundries,USA,12,logic_mature,39126,2020,GFS,foundry,7.03,35.7,2.51,0.56,3.17,15.0,991098.0,23611.1,156.0,414.9333333333333,343.8,7427.86695652174,35640.01,1.38,7.0,7.428571428571429,3.0,3.0,1.0,1053770850.0,17562847.5,51618069.0,3,0.07965859464315866,0.45092454467645166,0.3570412009898718,0.02382314985687605,65860678.125,35638.630000000005,0.0014822134387351778,61943.625,1475.69375,35.7,64729.59999999999,1.2034029389017786,0.20840786937636557,4.797317034829,52.0,14.428571428571429,119.487891964738,16.098006244949325,411.23959679999996,34055221.5,3.5920015519032353
2024,GlobalFoundries,USA,12,logic_mature,36786,2020,GFS,foundry,6.54,37.0,2.42,0.52,2.94,26.0,4904042.0,109819.4,145.5,804.6923076923077,1360.7692307692307,9161.659411764706,42124.09,1.91,6.0,6.666666666666667,4.0,2.0,0.0,1261097212.0,21018286.866666667,61310821.0,4,0.07951069120631633,0.44954121566648075,0.37003052446016443,0.02239364540645341,46707304.14814815,42122.17999999999,0.0019753086419753087,181631.1851851852,4067.385185185185,37.0,117082.73076923078,0.5909167937637689,0.2174869991201136,4.597156579444151,40.0,12.666666666666668,206.72779713642248,16.633024979659787,3946.244874,40292534.13333333,3.574333278336961
2025,GlobalFoundries,USA,12,logic_mature,38578,2020,GFS,foundry,7.24,37.3,2.7,0.58,3.26,30.0,4876006.0,112487.8,147.96666666666667,927.7333333333332,1270.2666666666669,11861.496,37949.43,1.8,7.0,6.857142857142857,6.0,1.0,0.0,1591280610.0,26521343.5,85348277.0,5,0.08011048617258477,0.45027618090107996,0.37292812528617053,0.023069655150207948,51331632.58064516,37947.63,0.0024679170779861796,157290.51612903227,3628.6387096774192,37.3,137273.60888888888,0.7297708322408095,0.31255234789171027,3.1989582968036405,48.0,13.857142857142858,240.33145851775433,16.795301547610283,4523.633299733333,58826933.5,3.6071843763920244
2026,GlobalFoundries,USA,12,logic_mature,38553,2020,GFS,foundry,7.42,43.9,3.26,0.59,3.34,30.0,2935334.0,70687.7,147.96666666666667,927.7333333333332,1270.2666666666669,10463.3045,33556.33,2.09,3.0,8.0,2.0,1.0,0.0,1088320154.0,43532806.16,131937729.0,6,0.07951481408156144,0.4501347102244326,0.43935304051845814,0.024081646558229298,35107101.741935484,33554.240000000005,0.0029600394671928957,94688.19354838709,2280.248387096774,43.9,137273.60888888888,0.7297708322408095,0.31180384434637676,3.2065427759675766,24.0,11.0,238.54444224468435,19.76091377885259,2723.2071962666664,88404922.84,3.579237779515329
2013,UMC,TWN,28,logic_mature,0,2013,UMC,foundry,4.64,34.8,1.61,0.37,2.09,0.0,0.0,0.0,0.0,0.0,0.0,80.2238888888889,278.45,2.05,0.0,0.0,0.0,0.0,0.0,611167728.0,10186128.8,29387866.0,0,0.07974136212470644,0.45043093740712553,0.34698268383993885,0.0,611167728.0,276.4,0.0,0.0,0.0,34.8,0.0,0.0,0.28707779169400216,3.402939748158382,0.0,0.0,0.0,15.674996621767967,0.0,19201737.2,3.5917976491952572
2014,UMC,TWN,28,logic_mature,32986,2013,UMC,foundry,4.62,40.7,1.88,0.37,2.08,0.0,0.0,0.0,0.0,0.0,0.0,3.405416666666667,4.5,2.49,0.0,0.0,0.0,0.0,0.0,671685834.0,11194763.9,31823947.0,1,0.08008656275182624,0.4502163527670232,0.4069263188471171,0.0,671685834.0,2.01,0.0004962779156327543,0.0,0.0,40.7,0.0,0.0,0.6191666666666668,0.45625650241180354,0.0,0.0,0.0,18.323805557617845,0.0,20629183.1,3.605628018777454
2015,UMC,TWN,28,logic_mature,67981,2013,UMC,foundry,4.52,35.7,1.61,0.36,2.03,0.0,0.0,0.0,0.0,0.0,0.0,2.605833333333333,3.38,2.0,0.0,0.0,0.0,0.0,0.0,670335722.0,11172262.033333331,30990284.0,2,0.07964600007831857,0.4491149448860741,0.3561946114613692,0.0,670335722.0,1.38,0.000992063492063492,0.0,0.0,35.7,0.0,0.0,0.5949391171993911,0.3827131962098452,0.0,0.0,0.0,16.033403532432846,0.0,19818021.96666667,3.57702089355703
2016,UMC,TWN,28,logic_mature,107257,2013,UMC,foundry,4.71,38.4,1.81,0.38,2.12,0.0,0.0,0.0,0.0,0.0,0.0,2.89625,3.78,1.85,0.0,0.0,0.0,0.0,0.0,677861710.0,11297695.166666666,32073453.0,3,0.08067938839078803,0.4501060615486069,0.3842886657561219,0.0,677861710.0,1.9299999999999997,0.001487357461576599,0.0,0.0,38.4,0.0,0.0,0.6059100418410043,0.49534809111324984,0.0,0.0,0.0,17.284072763466504,0.0,20775757.833333336,3.6314281756727995
2017,UMC,TWN,28,logic_mature,100910,2013,UMC,foundry,4.83,40.1,1.94,0.39,2.18,0.0,0.0,0.0,0.0,0.0,0.0,4.944166666666667,7.11,3.5,0.0,0.0,0.0,0.0,0.0,824441888.0,13740698.133333333,39171620.0,4,0.08074532489744826,0.4513456622472749,0.4016562315411529,0.0,824441888.0,3.6100000000000003,0.0019821605550049554,0.0,0.0,40.1,0.0,0.0,0.6096383066173449,0.6073180989765877,0.0,0.0,0.0,18.098961056115723,0.0,25430921.866666667,3.6444052139210164
2018,UMC,TWN,28,logic_mature,95545,2013,UMC,foundry,5.14,39.3,2.02,0.41,2.31,0.0,0.0,0.0,0.0,0.0,0.0,6.297499999999999,8.43,4.13,1.0,5.0,1.0,0.0,0.0,937556570.0,15625942.833333334,44840672.0,5,0.07976652144620205,0.4494162549773823,0.39299603249104426,0.0,937556570.0,4.3,0.0024764735017335313,0.0,0.0,39.3,0.0,0.0,0.6678154825026511,0.5892428914011648,5.0,6.0,0.0,17.662058820611122,0.0,29214729.166666664,3.5848371340925174
2019,UMC,TWN,28,logic_mature,104208,2013,UMC,foundry,5.29,40.5,2.14,0.42,2.38,0.0,0.0,0.0,0.0,0.0,0.0,4.458333333333333,6.97,2.85,2.0,6.0,2.0,0.0,0.0,824613952.0,13743565.866666667,38651660.0,6,0.07939507005764271,0.44990539699330867,0.40453678553179856,0.0,824613952.0,4.119999999999999,0.0029702970297029703,0.0,0.0,40.5,0.0,0.0,0.5593893768297783,0.7548091603053434,12.0,8.0,0.0,18.221168578229,0.0,24908094.133333333,3.57202705135953
2020,UMC,TWN,28,logic_mature,104713,2013,UMC,foundry,6.04,44.1,2.66,0.48,2.72,4.0,40006.0,600.1,34.0,197.75,307.5,3.8054166666666656,4.82,2.71,3.0,8.0,3.0,0.0,0.0,880778716.0,14679645.266666668,41756367.0,7,0.0794701855181812,0.4503310512696935,0.44039727807992085,0.014999875021871173,176155743.2,2.1100000000000003,0.0034636318654131617,8001.2,120.02000000000001,44.1,6723.5,0.6410048622366289,0.6538516609392896,0.4390878349085235,24.0,11.0,31.788074207272484,19.859599360993485,7.9111865,27076721.733333334,3.5787892189000114
2021,UMC,TWN,28,logic_mature,103327,2013,UMC,foundry,7.69,41.1,3.16,0.62,3.46,7.0,209085.0,3136.2000000000003,44.57142857142857,243.57142857142856,307.1428571428572,4.252083333333333,5.1,2.93,1.0,5.0,1.0,0.0,0.0,1111785028.0,18529750.466666665,52923444.0,8,0.08062417677188859,0.44993492198505564,0.410923223547045,0.014999569555111295,138973128.5,2.1699999999999995,0.003956478733926805,26135.625,392.02500000000003,41.1,10856.326530612243,0.7904496986555398,0.6970628415300547,0.41316937723125735,5.0,6.0,56.43692374032201,18.492325293585786,50.92713214285714,34393693.53333333,3.627563268596903
2022,UMC,TWN,28,logic_mature,103797,2013,UMC,foundry,9.4,36.4,3.43,0.75,4.23,8.0,152204.0,2283.0,43.0,236.875,290.625,80.2238888888889,278.45,2.05,4.0,9.0,4.0,0.0,0.0,1148168388.0,19136139.8,54549224.0,9,0.07978722555455048,0.44999995212766475,0.3648935782028109,0.014999507243520253,127574265.33333333,276.4,0.004448838358872961,16911.555555555555,253.66666666666666,36.4,10185.625,0.8122588941277326,0.28707779169400216,3.402939748158382,36.0,13.0,63.82978044364038,16.379998257446996,36.0533225,35413084.2,3.5904247679946906
2023,UMC,TWN,28,logic_mature,98654,2013,UMC,foundry,6.87,37.2,2.56,0.55,3.09,15.0,991098.0,23611.1,156.0,414.9333333333333,343.8,7427.86695652174,35640.01,1.38,7.0,7.428571428571429,3.0,3.0,1.0,1053770850.0,17562847.5,51618069.0,10,0.08005821250972162,0.4497815939182541,0.37263458913615877,0.02382314985687605,65860678.125,35638.630000000005,0.004940711462450593,61943.625,1475.69375,37.2,64729.59999999999,1.2034029389017786,0.20840786937636557,4.797317034829,52.0,14.428571428571429,120.08731876458243,16.731875293759053,411.23959679999996,34055221.5,3.6008710428868898
2024,UMC,TWN,28,logic_mature,95461,2013,UMC,foundry,7.41,35.9,2.66,0.59,3.34,26.0,4904042.0,109819.4,145.5,804.6923076923077,1360.7692307692307,9161.659411764706,42124.09,1.91,6.0,6.666666666666667,4.0,2.0,0.0,1261097212.0,21018286.866666667,61310821.0,11,0.07962212150848562,0.45074217938702027,0.3589743105297827,0.02239364540645341,46707304.14814815,42122.17999999999,0.005432098765432099,181631.1851851852,4067.385185185185,35.9,117082.73076923078,0.5909167937637689,0.2174869991201136,4.597156579444151,40.0,12.666666666666668,207.01751592206259,16.18164423999403,3946.244874,40292534.13333333,3.588904857615295
2025,UMC,TWN,28,logic_mature,100539,2013,UMC,foundry,8.15,39.3,3.21,0.65,3.67,30.0,4876006.0,112487.8,147.96666666666667,927.7333333333332,1270.2666666666669,11861.496,37949.43,1.8,7.0,6.857142857142857,6.0,1.0,0.0,1591280610.0,26521343.5,85348277.0,12,0.07975459144115443,0.4503066932139027,0.39386498234785494,0.023069655150207948,51331632.58064516,37947.63,0.005923000987166831,157290.51612903227,3628.6387096774192,39.3,137273.60888888888,0.7297708322408095,0.31255234789171027,3.1989582968036405,48.0,13.857142857142858,239.2637743234633,17.697053043306376,4523.633299733333,58826933.5,3.5914026340492082
2026,UMC,TWN,28,logic_mature,101362,2013,UMC,foundry,8.13,37.0,3.01,0.65,3.66,30.0,2935334.0,70687.7,147.96666666666667,927.7333333333332,1270.2666666666669,10463.3045,33556.33,2.09,3.0,8.0,2.0,1.0,0.0,1088320154.0,43532806.16,131937729.0,13,0.07995078967394961,0.4501844464717778,0.37023365679782816,0.024081646558229298,35107101.741935484,33554.240000000005,0.006413418845584608,94688.19354838709,2280.248387096774,37.0,137273.60888888888,0.7297708322408095,0.31180384434637676,3.2065427759675766,24.0,11.0,239.85236902184886,16.65682451945578,2723.2071962666664,88404922.84,3.599260199434853
2017,UMC,TWN,14,logic_mature,0,2017,UMC,foundry,4.83,40.1,1.94,0.39,2.18,0.0,0.0,0.0,0.0,0.0,0.0,4.944166666666667,7.11,3.5,0.0,0.0,0.0,0.0,0.0,824441888.0,13740698.133333333,39171620.0,0,0.08074532489744826,0.4513456622472749,0.4016562315411529,0.0,824441888.0,3.6100000000000003,0.0,0.0,0.0,40.1,0.0,0.0,0.6096383066173449,0.6073180989765877,0.0,0.0,0.0,18.098961056115723,0.0,25430921.866666667,3.6444052139210164
2018,UMC,TWN,14,logic_mature,9958,2017,UMC,foundry,5.14,39.3,2.02,0.41,2.31,0.0,0.0,0.0,0.0,0.0,0.0,6.297499999999999,8.43,4.13,1.0,5.0,1.0,0.0,0.0,937556570.0,15625942.833333334,44840672.0,1,0.07976652144620205,0.4494162549773823,0.39299603249104426,0.0,937556570.0,4.3,0.0004952947003467063,0.0,0.0,39.3,0.0,0.0,0.6678154825026511,0.5892428914011648,5.0,6.0,0.0,17.662058820611122,0.0,29214729.166666664,3.5848371340925174
2019,UMC,TWN,14,logic_mature,19564,2017,UMC,foundry,5.29,40.5,2.14,0.42,2.38,0.0,0.0,0.0,0.0,0.0,0.0,4.458333333333333,6.97,2.85,2.0,6.0,2.0,0.0,0.0,824613952.0,13743565.866666667,38651660.0,2,0.07939507005764271,0.44990539699330867,0.40453678553179856,0.0,824613952.0,4.119999999999999,0.0009900990099009901,0.0,0.0,40.5,0.0,0.0,0.5593893768297783,0.7548091603053434,12.0,8.0,0.0,18.221168578229,0.0,24908094.133333333,3.57202705135953
2020,UMC,TWN,14,logic_mature,25878,2017,UMC,foundry,6.04,44.1,2.66,0.48,2.72,4.0,40006.0,600.1,34.0,197.75,307.5,3.8054166666666656,4.82,2.71,3.0,8.0,3.0,0.0,0.0,880778716.0,14679645.266666668,41756367.0,3,0.0794701855181812,0.4503310512696935,0.44039727807992085,0.014999875021871173,176155743.2,2.1100000000000003,0.0014844136566056407,8001.2,120.02000000000001,44.1,6723.5,0.6410048622366289,0.6538516609392896,0.4390878349085235,24.0,11.0,31.788074207272484,19.859599360993485,7.9111865,27076721.733333334,3.5787892189000114
2021,UMC,TWN,14,logic_mature,28186,2017,UMC,foundry,7.69,41.1,3.16,0.62,3.46,7.0,209085.0,3136.2000000000003,44.57142857142857,243.57142857142856,307.1428571428572,4.252083333333333,5.1,2.93,1.0,5.0,1.0,0.0,0.0,1111785028.0,18529750.466666665,52923444.0,4,0.08062417677188859,0.44993492198505564,0.410923223547045,0.014999569555111295,138973128.5,2.1699999999999995,0.0019782393669634025,26135.625,392.02500000000003,41.1,10856.326530612243,0.7904496986555398,0.6970628415300547,0.41316937723125735,5.0,6.0,56.43692374032201,18.492325293585786,50.92713214285714,34393693.53333333,3.627563268596903
2022,UMC,TWN,14,logic_mature,31729,2017,UMC,foundry,9.4,36.4,3.43,0.75,4.23,8.0,152204.0,2283.0,43.0,236.875,290.625,80.2238888888889,278.45,2.05,4.0,9.0,4.0,0.0,0.0,1148168388.0,19136139.8,54549224.0,5,0.07978722555455048,0.44999995212766475,0.3648935782028109,0.014999507243520253,127574265.33333333,276.4,0.002471576866040534,16911.555555555555,253.66666666666666,36.4,10185.625,0.8122588941277326,0.28707779169400216,3.402939748158382,36.0,13.0,63.82978044364038,16.379998257446996,36.0533225,35413084.2,3.5904247679946906
2023,UMC,TWN,14,logic_mature,29019,2017,UMC,foundry,6.87,37.2,2.56,0.55,3.09,15.0,991098.0,23611.1,156.0,414.9333333333333,343.8,7427.86695652174,35640.01,1.38,7.0,7.428571428571429,3.0,3.0,1.0,1053770850.0,17562847.5,51618069.0,6,0.08005821250972162,0.4497815939182541,0.37263458913615877,0.02382314985687605,65860678.125,35638.630000000005,0.0029644268774703555,61943.625,1475.69375,37.2,64729.59999999999,1.2034029389017786,0.20840786937636557,4.797317034829,52.0,14.428571428571429,120.08731876458243,16.731875293759053,411.23959679999996,34055221.5,3.6008710428868898
2024,UMC,TWN,14,logic_mature,30545,2017,UMC,foundry,7.41,35.9,2.66,0.59,3.34,26.0,4904042.0,109819.4,145.5,804.6923076923077,1360.7692307692307,9161.659411764706,42124.09,1.91,6.0,6.666666666666667,4.0,2.0,0.0,1261097212.0,21018286.866666667,61310821.0,7,0.07962212150848562,0.45074217938702027,0.3589743105297827,0.02239364540645341,46707304.14814815,42122.17999999999,0.0034567901234567903,181631.1851851852,4067.385185185185,35.9,117082.73076923078,0.5909167937637689,0.2174869991201136,4.597156579444151,40.0,12.666666666666668,207.01751592206259,16.18164423999403,3946.244874,40292534.13333333,3.588904857615295
2025,UMC,TWN,14,logic_mature,29384,2017,UMC,foundry,8.15,39.3,3.21,0.65,3.67,30.0,4876006.0,112487.8,147.96666666666667,927.7333333333332,1270.2666666666669,11861.496,37949.43,1.8,7.0,6.857142857142857,6.0,1.0,0.0,1591280610.0,26521343.5,85348277.0,8,0.07975459144115443,0.4503066932139027,0.39386498234785494,0.023069655150207948,51331632.58064516,37947.63,0.003948667324777887,157290.51612903227,3628.6387096774192,39.3,137273.60888888888,0.7297708322408095,0.31255234789171027,3.1989582968036405,48.0,13.857142857142858,239.2637743234633,17.697053043306376,4523.633299733333,58826933.5,3.5914026340492082
2026,UMC,TWN,14,logic_mature,35461,2017,UMC,foundry,8.13,37.0,3.01,0.65,3.66,30.0,2935334.0,70687.7,147.96666666666667,927.7333333333332,1270.2666666666669,10463.3045,33556.33,2.09,3.0,8.0,2.0,1.0,0.0,1088320154.0,43532806.16,131937729.0,9,0.07995078967394961,0.4501844464717778,0.37023365679782816,0.024081646558229298,35107101.741935484,33554.240000000005,0.004440059200789344,94688.19354838709,2280.248387096774,37.0,137273.60888888888,0.7297708322408095,0.31180384434637676,3.2065427759675766,24.0,11.0,239.85236902184886,16.65682451945578,2723.2071962666664,88404922.84,3.599260199434853
2018,Samsung Memory,KOR,14,memory_DRAM,0,2018,005930,idm_memory,75.95,29.8,22.61,7.59,26.58,0.0,0.0,0.0,0.0,0.0,0.0,6.297499999999999,8.43,4.13,1.0,5.0,1.0,0.0,0.0,937556570.0,15625942.833333334,44840672.0,0,0.09993416589948431,0.3499670789997751,0.29769584861493287,0.0,937556570.0,4.3,0.0,0.0,0.0,29.8,0.0,0.0,0.6678154825026511,0.5892428914011648,5.0,6.0,0.0,10.429018954193298,0.0,29214729.166666664,3.497366813212145
2019,Samsung Memory,KOR,14,memory_DRAM,270562,2018,005930,idm_memory,74.27,40.9,30.39,7.43,25.99,0.0,0.0,0.0,0.0,0.0,0.0,4.458333333333333,6.97,2.85,2.0,6.0,2.0,0.0,0.0,824613952.0,13743565.866666667,38651660.0,1,0.10004039181310904,0.3499394055481432,0.40918270621808667,0.0,824613952.0,4.119999999999999,0.0004950495049504951,0.0,0.0,40.9,0.0,0.0,0.5593893768297783,0.7548091603053434,12.0,8.0,0.0,14.312521686919055,0.0,24908094.133333333,3.5008075241882706
2020,Samsung Memory,KOR,14,memory_DRAM,599104,2018,005930,idm_memory,64.28,40.2,25.81,6.43,22.5,4.0,40006.0,600.1,34.0,197.75,307.5,3.8054166666666656,4.82,2.71,3.0,8.0,3.0,0.0,0.0,880778716.0,14679645.266666668,41756367.0,2,0.1000311123206112,0.3500311084313767,0.4015245737161703,0.014999875021871173,176155743.2,2.1100000000000003,0.0009896091044037606,8001.2,120.02000000000001,40.2,6723.5,0.6410048622366289,0.6538516609392896,0.4390878349085235,24.0,11.0,40.01244492824448,14.071250558941344,7.9111865,27076721.733333334,3.501400112320708
2021,Samsung Memory,KOR,14,memory_DRAM,863016,2018,005930,idm_memory,69.3,41.4,28.7,6.93,24.26,7.0,209085.0,3136.2000000000003,44.57142857142857,243.57142857142856,307.1428571428572,4.252083333333333,5.1,2.93,1.0,5.0,1.0,0.0,0.0,1111785028.0,18529750.466666665,52923444.0,3,0.09999999855699858,0.350072145020604,0.41414140816534767,0.014999569555111295,138973128.5,2.1699999999999995,0.001483679525222552,26135.625,392.02500000000003,41.4,10856.326530612243,0.7904496986555398,0.6970628415300547,0.41316937723125735,5.0,6.0,69.999998989899,14.492986803853006,50.92713214285714,34393693.53333333,3.5007213996905797
2022,Samsung Memory,KOR,14,memory_DRAM,787830,2018,005930,idm_memory,75.7,33.1,25.09,7.57,26.5,8.0,152204.0,2283.0,43.0,236.875,290.625,80.2238888888889,278.45,2.05,4.0,9.0,4.0,0.0,0.0,1148168388.0,19136139.8,54549224.0,4,0.09999999867899606,0.35006604557376425,0.3314398899413489,0.014999507243520253,127574265.33333333,276.4,0.001977261492832427,16911.555555555555,253.66666666666666,33.1,10185.625,0.8122588941277326,0.28707779169400216,3.402939748158382,36.0,13.0,79.99999894319684,11.587186108491597,36.0533225,35413084.2,3.5006604094937797
2023,Samsung Memory,KOR,14,memory_DRAM,776619,2018,005930,idm_memory,50.38,23.3,11.75,5.04,17.63,15.0,991098.0,23611.1,156.0,414.9333333333333,343.8,7427.86695652174,35640.01,1.38,7.0,7.428571428571429,3.0,3.0,1.0,1053770850.0,17562847.5,51618069.0,5,0.10003969630727082,0.3499404456145207,0.23322746658937143,0.02382314985687605,65860678.125,35638.630000000005,0.0024703557312252965,61943.625,1475.69375,23.3,64729.59999999999,1.2034029389017786,0.20840786937636557,4.797317034829,52.0,14.428571428571429,150.05954446090624,8.153612382818332,411.23959679999996,34055221.5,3.500793590490767
2024,Samsung Memory,KOR,14,memory_DRAM,787083,2018,005930,idm_memory,74.79,26.8,20.06,7.48,26.18,26.0,4904042.0,109819.4,145.5,804.6923076923077,1360.7692307692307,9161.659411764706,42124.09,1.91,6.0,6.666666666666667,4.0,2.0,0.0,1261097212.0,21018286.866666667,61310821.0,6,0.10001336943423761,0.3500467930198316,0.2682176725736372,0.02239364540645341,46707304.14814815,42122.17999999999,0.002962962962962963,181631.1851851852,4067.385185185185,26.8,117082.73076923078,0.5909167937637689,0.2174869991201136,4.597156579444151,40.0,12.666666666666668,260.0347605290178,9.381254052931487,3946.244874,40292534.13333333,3.5009359229562524
2025,Samsung Memory,KOR,14,memory_DRAM,861691,2018,005930,idm_memory,83.84,25.4,21.3,8.38,29.34,30.0,4876006.0,112487.8,147.96666666666667,927.7333333333332,1270.2666666666669,11861.496,37949.43,1.8,7.0,6.857142857142857,6.0,1.0,0.0,1591280610.0,26521343.5,85348277.0,7,0.09995228888415687,0.34995228590228666,0.25405534048121015,0.023069655150207948,51331632.58064516,37947.63,0.0034550839091806516,157290.51612903227,3628.6387096774192,25.4,137273.60888888888,0.7297708322408095,0.31255234789171027,3.1989582968036405,48.0,13.857142857142858,299.8568666524706,8.888788061918081,4523.633299733333,58826933.5,3.497853197617642
2026,Samsung Memory,KOR,14,memory_DRAM,875382,2018,005930,idm_memory,94.46,19.3,18.28,9.45,33.06,30.0,2935334.0,70687.7,147.96666666666667,927.7333333333332,1270.2666666666669,10463.3045,33556.33,2.09,3.0,8.0,2.0,1.0,0.0,1088320154.0,43532806.16,131937729.0,8,0.10004234490744925,0.3499894098032034,0.19352106506964786,0.024081646558229298,35107101.741935484,33554.240000000005,0.003946719289590528,94688.19354838709,2280.248387096774,19.3,137273.60888888888,0.7297708322408095,0.31180384434637676,3.2065427759675766,24.0,11.0,300.12703472234773,6.754795609201826,2723.2071962666664,88404922.84,3.501376124948667
2024,Samsung Memory,USA,17,memory_DRAM,0,2024,005930,idm_memory,74.79,26.8,20.06,7.48,26.18,26.0,4904042.0,109819.4,145.5,804.6923076923077,1360.7692307692307,9161.659411764706,42124.09,1.91,6.0,6.666666666666667,4.0,2.0,0.0,1261097212.0,21018286.866666667,61310821.0,0,0.10001336943423761,0.3500467930198316,0.2682176725736372,0.02239364540645341,46707304.14814815,42122.17999999999,0.0,181631.1851851852,4067.385185185185,26.8,117082.73076923078,0.5909167937637689,0.2174869991201136,4.597156579444151,40.0,12.666666666666668,260.0347605290178,9.381254052931487,3946.244874,40292534.13333333,3.5009359229562524
2025,Samsung Memory,USA,17,memory_DRAM,112992,2024,005930,idm_memory,83.84,25.4,21.3,8.38,29.34,30.0,4876006.0,112487.8,147.96666666666667,927.7333333333332,1270.2666666666669,11861.496,37949.43,1.8,7.0,6.857142857142857,6.0,1.0,0.0,1591280610.0,26521343.5,85348277.0,1,0.09995228888415687,0.34995228590228666,0.25405534048121015,0.023069655150207948,51331632.58064516,37947.63,0.0004935834155972359,157290.51612903227,3628.6387096774192,25.4,137273.60888888888,0.7297708322408095,0.31255234789171027,3.1989582968036405,48.0,13.857142857142858,299.8568666524706,8.888788061918081,4523.633299733333,58826933.5,3.497853197617642
2026,Samsung Memory,USA,17,memory_DRAM,109373,2024,005930,idm_memory,94.46,19.3,18.28,9.45,33.06,30.0,2935334.0,70687.7,147.96666666666667,927.7333333333332,1270.2666666666669,10463.3045,33556.33,2.09,3.0,8.0,2.0,1.0,0.0,1088320154.0,43532806.16,131937729.0,2,0.10004234490744925,0.3499894098032034,0.19352106506964786,0.024081646558229298,35107101.741935484,33554.240000000005,0.000986679822397632,94688.19354838709,2280.248387096774,19.3,137273.60888888888,0.7297708322408095,0.31180384434637676,3.2065427759675766,24.0,11.0,300.12703472234773,6.754795609201826,2723.2071962666664,88404922.84,3.501376124948667
2019,SK Hynix,KOR,14,memory_DRAM,0,2019,000660,idm_memory,32.3,33.3,10.74,3.23,11.31,0.0,0.0,0.0,0.0,0.0,0.0,4.458333333333333,6.97,2.85,2.0,6.0,2.0,0.0,0.0,824613952.0,13743565.866666667,38651660.0,0,0.09999999690402488,0.3501547879209045,0.3325077296437236,0.0,824613952.0,4.119999999999999,0.0,0.0,0.0,33.3,0.0,0.0,0.5593893768297783,0.7548091603053434,12.0,8.0,0.0,11.660154437766119,0.0,24908094.133333333,3.5015477708019938
2020,SK Hynix,KOR,14,memory_DRAM,200909,2019,000660,idm_memory,27.17,32.8,8.9,2.72,9.51,4.0,40006.0,600.1,34.0,197.75,307.5,3.8054166666666656,4.82,2.71,3.0,8.0,3.0,0.0,0.0,880778716.0,14679645.266666668,41756367.0,1,0.10011041221529583,0.3500183897674497,0.3275671576162253,0.014999875021871173,176155743.2,2.1100000000000003,0.0004948045522018803,8001.2,120.02000000000001,32.8,6723.5,0.6410048622366289,0.6538516609392896,0.4390878349085235,24.0,11.0,40.04416488611833,11.480603184372349,7.9111865,27076721.733333334,3.5040485282553475
2021,SK Hynix,KOR,14,memory_DRAM,437348,2019,000660,idm_memory,30.7,38.6,11.86,3.07,10.75,7.0,209085.0,3136.2000000000003,44.57142857142857,243.57142857142856,307.1428571428572,4.252083333333333,5.1,2.93,1.0,5.0,1.0,0.0,0.0,1111785028.0,18529750.466666665,52923444.0,2,0.09999999674267111,0.3501628550435552,0.38631920565735484,0.014999569555111295,138973128.5,2.1699999999999995,0.0009891196834817012,26135.625,392.02500000000003,38.6,10856.326530612243,0.7904496986555398,0.6970628415300547,0.41316937723125735,5.0,6.0,69.99999771986978,13.516286204681231,50.92713214285714,34393693.53333333,3.501628436375994
2022,SK Hynix,KOR,14,memory_DRAM,610815,2019,000660,idm_memory,34.69,44.5,15.42,3.47,12.14,8.0,152204.0,2283.0,43.0,236.875,290.625,80.2238888888889,278.45,2.05,4.0,9.0,4.0,0.0,0.0,1148168388.0,19136139.8,54549224.0,3,0.10002882386771914,0.3499567497850462,0.44450849107787577,0.014999507243520253,127574265.33333333,276.4,0.0014829461196243204,16911.555555555555,253.66666666666666,44.5,10185.625,0.8122588941277326,0.28707779169400216,3.402939748158382,36.0,13.0,80.02305909417531,15.573075365434557,36.0533225,35413084.2,3.500576208556784
2023,SK Hynix,KOR,14,memory_DRAM,629595,2019,000660,idm_memory,25.33,22.2,5.63,2.53,8.86,15.0,991098.0,23611.1,156.0,414.9333333333333,343.8,7427.86695652174,35640.01,1.38,7.0,7.428571428571429,3.0,3.0,1.0,1053770850.0,17562847.5,51618069.0,4,0.0998815594203885,0.349782852357566,0.22226607886829536,0.02382314985687605,65860678.125,35638.630000000005,0.001976284584980237,61943.625,1475.69375,22.2,64729.59999999999,1.2034029389017786,0.20840786937636557,4.797317034829,52.0,14.428571428571429,149.82233913058275,7.765179322337965,411.23959679999996,34055221.5,3.4936856751985204
2024,SK Hynix,KOR,14,memory_DRAM,578650,2019,000660,idm_memory,51.53,28.8,14.84,5.15,18.04,26.0,4904042.0,109819.4,145.5,804.6923076923077,1360.7692307692307,9161.659411764706,42124.09,1.91,6.0,6.666666666666667,4.0,2.0,0.0,1261097212.0,21018286.866666667,61310821.0,5,0.09994177954702545,0.35008732097637646,0.2879875744617199,0.02239364540645341,46707304.14814815,42122.17999999999,0.0024691358024691358,181631.1851851852,4067.385185185185,28.8,117082.73076923078,0.5909167937637689,0.2174869991201136,4.597156579444151,40.0,12.666666666666668,259.84862682226617,10.082514844119641,3946.244874,40292534.13333333,3.4988349855229757
2025,SK Hynix,KOR,14,memory_DRAM,603672,2019,000660,idm_memory,59.99,24.7,14.8,6.0,21.0,30.0,4876006.0,112487.8,147.96666666666667,927.7333333333332,1270.2666666666669,11861.496,37949.43,1.8,7.0,6.857142857142857,6.0,1.0,0.0,1591280610.0,26521343.5,85348277.0,6,0.10001666777768516,0.35005833722189805,0.24670778051829007,0.023069655150207948,51331632.58064516,37947.63,0.0029615004935834156,157290.51612903227,3628.6387096774192,24.7,137273.60888888888,0.7297708322408095,0.31255234789171027,3.1989582968036405,48.0,13.857142857142858,300.05000333305543,8.646440929380882,4523.633299733333,58826933.5,3.501166841673146
2026,SK Hynix,KOR,14,memory_DRAM,675345,2019,000660,idm_memory,71.31,17.3,12.37,7.13,24.96,30.0,2935334.0,70687.7,147.96666666666667,927.7333333333332,1270.2666666666669,10463.3045,33556.33,2.09,3.0,8.0,2.0,1.0,0.0,1088320154.0,43532806.16,131937729.0,7,0.09998597531922626,0.3500210300095214,0.1734679543757123,0.024081646558229298,35107101.741935484,33554.240000000005,0.003453379378391712,94688.19354838709,2280.248387096774,17.3,137273.60888888888,0.7297708322408095,0.31180384434637676,3.2065427759675766,24.0,11.0,299.9579259576788,6.055363819164721,2723.2071962666664,88404922.84,3.4997194067742163
2026,SK Hynix,USA,12,memory_HBM_packaging,69344,2026,000660,idm_memory,71.31,17.3,12.37,7.13,24.96,30.0,2935334.0,70687.7,147.96666666666667,927.7333333333332,1270.2666666666669,10463.3045,33556.33,2.09,3.0,8.0,2.0,1.0,0.0,1088320154.0,43532806.16,131937729.0,0,0.09998597531922626,0.3500210300095214,0.1734679543757123,0.024081646558229298,35107101.741935484,33554.240000000005,0.0,94688.19354838709,2280.248387096774,17.3,137273.60888888888,0.7297708322408095,0.31180384434637676,3.2065427759675766,24.0,11.0,299.9579259576788,6.055363819164721,2723.2071962666664,88404922.84,3.4997194067742163
2020,Micron,USA,14,memory_DRAM,0,2020,MU,idm_memory,20.26,38.0,7.69,2.03,7.09,4.0,40006.0,600.1,34.0,197.75,307.5,3.8054166666666656,4.82,2.71,3.0,8.0,3.0,0.0,0.0,880778716.0,14679645.266666668,41756367.0,0,0.10019742842065997,0.34995062438545776,0.3795656278595445,0.014999875021871173,176155743.2,2.1100000000000003,0.0,8001.2,120.02000000000001,38.0,6723.5,0.6410048622366289,0.6538516609392896,0.4390878349085235,24.0,11.0,40.078971368263986,13.298123726647395,7.9111865,27076721.733333334,3.5064152637627166
2021,Micron,USA,14,memory_DRAM,93770,2020,MU,idm_memory,24.59,35.5,8.73,2.46,8.61,7.0,209085.0,3136.2000000000003,44.57142857142857,243.57142857142856,307.1428571428572,4.252083333333333,5.1,2.93,1.0,5.0,1.0,0.0,0.0,1111785028.0,18529750.466666665,52923444.0,1,0.10004066286943217,0.35014232004301254,0.35502235237810686,0.014999569555111295,138973128.5,2.1699999999999995,0.0004945598417408506,26135.625,392.02500000000003,35.5,10856.326530612243,0.7904496986555398,0.6970628415300547,0.41316937723125735,5.0,6.0,70.02846400860253,12.430052361526945,50.92713214285714,34393693.53333333,3.5028469795743837
2022,Micron,USA,14,memory_DRAM,186849,2020,MU,idm_memory,32.09,41.3,13.26,3.21,11.23,8.0,152204.0,2283.0,43.0,236.875,290.625,80.2238888888889,278.45,2.05,4.0,9.0,4.0,0.0,0.0,1148168388.0,19136139.8,54549224.0,2,0.10003115923866751,0.34995324556082125,0.413212826013935,0.014999507243520253,127574265.33333333,276.4,0.0009886307464162135,16911.555555555555,253.66666666666666,41.3,10185.625,0.8122588941277326,0.28707779169400216,3.402939748158382,36.0,13.0,80.02492739093401,14.453069041661916,36.0533225,35413084.2,3.5006228832783024
2023,Micron,USA,14,memory_DRAM,279338,2020,MU,idm_memory,15.17,20.6,3.13,1.52,5.31,15.0,991098.0,23611.1,156.0,414.9333333333333,343.8,7427.86695652174,35640.01,1.38,7.0,7.428571428571429,3.0,3.0,1.0,1053770850.0,17562847.5,51618069.0,3,0.10019775212935056,0.3500329367150338,0.20632826589793896,0.02382314985687605,65860678.125,35638.630000000005,0.0014822134387351778,61943.625,1475.69375,20.6,64729.59999999999,1.2034029389017786,0.20840786937636557,4.797317034829,52.0,14.428571428571429,150.29662819402586,7.210678496329697,411.23959679999996,34055221.5,3.5072513430081607
2024,Micron,USA,14,memory_DRAM,274623,2020,MU,idm_memory,22.96,28.4,6.52,2.3,8.04,26.0,4904042.0,109819.4,145.5,804.6923076923077,1360.7692307692307,9161.659411764706,42124.09,1.91,6.0,6.666666666666667,4.0,2.0,0.0,1261097212.0,21018286.866666667,61310821.0,4,0.10017421166488624,0.3501742007763849,0.28397211306741665,0.02239364540645341,46707304.14814815,42122.17999999999,0.0019753086419753087,181631.1851851852,4067.385185185185,28.4,117082.73076923078,0.5909167937637689,0.2174869991201136,4.597156579444151,40.0,12.666666666666668,260.4529503287042,9.94494730204933,3946.244874,40292534.13333333,3.507842450815595
2025,Micron,USA,14,memory_DRAM,316729,2020,MU,idm_memory,33.93,25.4,8.63,3.39,11.87,30.0,4876006.0,112487.8,147.96666666666667,927.7333333333332,1270.2666666666669,11861.496,37949.43,1.8,7.0,6.857142857142857,6.0,1.0,0.0,1591280610.0,26521343.5,85348277.0,5,0.09991157972556501,0.3498378912514621,0.2543471778854354,0.023069655150207948,51331632.58064516,37947.63,0.0024679170779861796,157290.51612903227,3628.6387096774192,25.4,137273.60888888888,0.7297708322408095,0.31255234789171027,3.1989582968036405,48.0,13.857142857142858,299.73473917669503,8.885882437787137,4523.633299733333,58826933.5,3.4952856362793994
2026,Micron,USA,14,memory_DRAM,349095,2020,MU,idm_memory,37.37,19.8,7.38,3.74,13.08,30.0,2935334.0,70687.7,147.96666666666667,927.7333333333332,1270.2666666666669,10463.3045,33556.33,2.09,3.0,8.0,2.0,1.0,0.0,1088320154.0,43532806.16,131937729.0,6,0.1000802756200087,0.3500133703501908,0.19748460804162143,0.024081646558229298,35107101.741935484,33554.240000000005,0.0029600394671928957,94688.19354838709,2280.248387096774,19.8,137273.60888888888,0.7297708322408095,0.31180384434637676,3.2065427759675766,24.0,11.0,300.24082686002606,6.930264732933778,2723.2071962666664,88404922.84,3.5029434575335276
2018,Micron,TWN,14,memory_DRAM,0,2018,MU,idm_memory,30.14,32.2,9.71,3.01,10.55,0.0,0.0,0.0,0.0,0.0,0.0,6.297499999999999,8.43,4.13,1.0,5.0,1.0,0.0,0.0,937556570.0,15625942.833333334,44840672.0,0,0.09986728268522617,0.35003316688675623,0.3221632275327396,0.0,937556570.0,4.3,0.0,0.0,0.0,32.2,0.0,0.0,0.6678154825026511,0.5892428914011648,5.0,6.0,0.0,11.271067973753551,0.0,29214729.166666664,3.4956861226684635
2019,Micron,TWN,14,memory_DRAM,59542,2018,MU,idm_memory,25.66,38.6,9.9,2.57,8.98,0.0,0.0,0.0,0.0,0.0,0.0,4.458333333333333,6.97,2.85,2.0,6.0,2.0,0.0,0.0,824613952.0,13743565.866666667,38651660.0,1,0.10015588074217144,0.34996101520027223,0.38581448223638026,0.0,824613952.0,4.119999999999999,0.0004950495049504951,0.0,0.0,38.6,0.0,0.0,0.5593893768297783,0.7548091603053434,12.0,8.0,0.0,13.508495186730508,0.0,24908094.133333333,3.505065370280771
2020,Micron,TWN,14,memory_DRAM,132067,2018,MU,idm_memory,20.26,38.0,7.69,2.03,7.09,4.0,40006.0,600.1,34.0,197.75,307.5,3.8054166666666656,4.82,2.71,3.0,8.0,3.0,0.0,0.0,880778716.0,14679645.266666668,41756367.0,2,0.10019742842065997,0.34995062438545776,0.3795656278595445,0.014999875021871173,176155743.2,2.1100000000000003,0.0009896091044037606,8001.2,120.02000000000001,38.0,6723.5,0.6410048622366289,0.6538516609392896,0.4390878349085235,24.0,11.0,40.078971368263986,13.298123726647395,7.9111865,27076721.733333334,3.5064152637627166
2021,Micron,TWN,14,memory_DRAM,198378,2018,MU,idm_memory,24.59,35.5,8.73,2.46,8.61,7.0,209085.0,3136.2000000000003,44.57142857142857,243.57142857142856,307.1428571428572,4.252083333333333,5.1,2.93,1.0,5.0,1.0,0.0,0.0,1111785028.0,18529750.466666665,52923444.0,3,0.10004066286943217,0.35014232004301254,0.35502235237810686,0.014999569555111295,138973128.5,2.1699999999999995,0.001483679525222552,26135.625,392.02500000000003,35.5,10856.326530612243,0.7904496986555398,0.6970628415300547,0.41316937723125735,5.0,6.0,70.02846400860253,12.430052361526945,50.92713214285714,34393693.53333333,3.5028469795743837
2022,Micron,TWN,14,memory_DRAM,222097,2018,MU,idm_memory,32.09,41.3,13.26,3.21,11.23,8.0,152204.0,2283.0,43.0,236.875,290.625,80.2238888888889,278.45,2.05,4.0,9.0,4.0,0.0,0.0,1148168388.0,19136139.8,54549224.0,4,0.10003115923866751,0.34995324556082125,0.413212826013935,0.014999507243520253,127574265.33333333,276.4,0.001977261492832427,16911.555555555555,253.66666666666666,41.3,10185.625,0.8122588941277326,0.28707779169400216,3.402939748158382,36.0,13.0,80.02492739093401,14.453069041661916,36.0533225,35413084.2,3.5006228832783024
2023,Micron,TWN,14,memory_DRAM,185946,2018,MU,idm_memory,15.17,20.6,3.13,1.52,5.31,15.0,991098.0,23611.1,156.0,414.9333333333333,343.8,7427.86695652174,35640.01,1.38,7.0,7.428571428571429,3.0,3.0,1.0,1053770850.0,17562847.5,51618069.0,5,0.10019775212935056,0.3500329367150338,0.20632826589793896,0.02382314985687605,65860678.125,35638.630000000005,0.0024703557312252965,61943.625,1475.69375,20.6,64729.59999999999,1.2034029389017786,0.20840786937636557,4.797317034829,52.0,14.428571428571429,150.29662819402586,7.210678496329697,411.23959679999996,34055221.5,3.5072513430081607
2024,Micron,TWN,14,memory_DRAM,196131,2018,MU,idm_memory,22.96,28.4,6.52,2.3,8.04,26.0,4904042.0,109819.4,145.5,804.6923076923077,1360.7692307692307,9161.659411764706,42124.09,1.91,6.0,6.666666666666667,4.0,2.0,0.0,1261097212.0,21018286.866666667,61310821.0,6,0.10017421166488624,0.3501742007763849,0.28397211306741665,0.02239364540645341,46707304.14814815,42122.17999999999,0.002962962962962963,181631.1851851852,4067.385185185185,28.4,117082.73076923078,0.5909167937637689,0.2174869991201136,4.597156579444151,40.0,12.666666666666668,260.4529503287042,9.94494730204933,3946.244874,40292534.13333333,3.507842450815595
2025,Micron,TWN,14,memory_DRAM,228697,2018,MU,idm_memory,33.93,25.4,8.63,3.39,11.87,30.0,4876006.0,112487.8,147.96666666666667,927.7333333333332,1270.2666666666669,11861.496,37949.43,1.8,7.0,6.857142857142857,6.0,1.0,0.0,1591280610.0,26521343.5,85348277.0,7,0.09991157972556501,0.3498378912514621,0.2543471778854354,0.023069655150207948,51331632.58064516,37947.63,0.0034550839091806516,157290.51612903227,3628.6387096774192,25.4,137273.60888888888,0.7297708322408095,0.31255234789171027,3.1989582968036405,48.0,13.857142857142858,299.73473917669503,8.885882437787137,4523.633299733333,58826933.5,3.4952856362793994
2026,Micron,TWN,14,memory_DRAM,225005,2018,MU,idm_memory,37.37,19.8,7.38,3.74,13.08,30.0,2935334.0,70687.7,147.96666666666667,927.7333333333332,1270.2666666666669,10463.3045,33556.33,2.09,3.0,8.0,2.0,1.0,0.0,1088320154.0,43532806.16,131937729.0,8,0.1000802756200087,0.3500133703501908,0.19748460804162143,0.024081646558229298,35107101.741935484,33554.240000000005,0.003946719289590528,94688.19354838709,2280.248387096774,19.8,137273.60888888888,0.7297708322408095,0.31180384434637676,3.2065427759675766,24.0,11.0,300.24082686002606,6.930264732933778,2723.2071962666664,88404922.84,3.5029434575335276
2026,Micron,USA,12,memory_DRAM,56571,2026,MU,idm_memory,37.37,19.8,7.38,3.74,13.08,30.0,2935334.0,70687.7,147.96666666666667,927.7333333333332,1270.2666666666669,10463.3045,33556.33,2.09,3.0,8.0,2.0,1.0,0.0,1088320154.0,43532806.16,131937729.0,0,0.1000802756200087,0.3500133703501908,0.19748460804162143,0.024081646558229298,35107101.741935484,33554.240000000005,0.0,94688.19354838709,2280.248387096774,19.8,137273.60888888888,0.7297708322408095,0.31180384434637676,3.2065427759675766,24.0,11.0,300.24082686002606,6.930264732933778,2723.2071962666664,88404922.84,3.5029434575335276
2020,Yangtze Memory (YMTC),CHN,14,memory_NAND,0,2020,YMTC,idm_memory,1.23,42.7,0.52,0.12,0.43,4.0,40006.0,600.1,34.0,197.75,307.5,3.8054166666666656,4.82,2.71,3.0,8.0,3.0,0.0,0.0,880778716.0,14679645.266666668,41756367.0,0,0.09756089629195423,0.349593211712836,0.42276388393180175,0.014999875021871173,176155743.2,2.1100000000000003,0.0,8001.2,120.02000000000001,42.7,6723.5,0.6410048622366289,0.6538516609392896,0.4390878349085235,24.0,11.0,39.024358516781696,14.927630140138099,7.9111865,27076721.733333334,3.41066270722872
2021,Yangtze Memory (YMTC),CHN,14,memory_NAND,67775,2020,YMTC,idm_memory,2.1,41.5,0.87,0.21,0.73,7.0,209085.0,3136.2000000000003,44.57142857142857,243.57142857142856,307.1428571428572,4.252083333333333,5.1,2.93,1.0,5.0,1.0,0.0,0.0,1111785028.0,18529750.466666665,52923444.0,1,0.09999995238097505,0.3476188820862466,0.41428551700689664,0.014999569555111295,138973128.5,2.1699999999999995,0.0004945598417408506,26135.625,392.02500000000003,41.5,10856.326530612243,0.7904496986555398,0.6970628415300547,0.41316937723125735,5.0,6.0,69.99996666668254,14.426183606579233,50.92713214285714,34393693.53333333,3.4761871655352437
2022,Yangtze Memory (YMTC),CHN,14,memory_NAND,138619,2020,YMTC,idm_memory,4.12,42.4,1.74,0.41,1.44,8.0,152204.0,2283.0,43.0,236.875,290.625,80.2238888888889,278.45,2.05,4.0,9.0,4.0,0.0,0.0,1148168388.0,19136139.8,54549224.0,2,0.0995145389527818,0.3495144782731848,0.4223299945800984,0.014999507243520253,127574265.33333333,276.4,0.0009886307464162135,16911.555555555555,253.66666666666666,42.4,10185.625,0.8122588941277326,0.28707779169400216,3.402939748158382,36.0,13.0,79.61163116222544,14.819413878783037,36.0533225,35413084.2,3.478177216267806
2023,Yangtze Memory (YMTC),CHN,14,memory_NAND,192066,2020,YMTC,idm_memory,5.17,27.0,1.4,0.52,1.81,15.0,991098.0,23611.1,156.0,414.9333333333333,343.8,7427.86695652174,35640.01,1.38,7.0,7.428571428571429,3.0,3.0,1.0,1053770850.0,17562847.5,51618069.0,3,0.10058025133844269,0.350096644081887,0.27079298437273025,0.02382314985687605,65860678.125,35638.630000000005,0.0014822134387351778,61943.625,1475.69375,27.0,64729.59999999999,1.2034029389017786,0.20840786937636557,4.797317034829,52.0,14.428571428571429,150.87037700766405,9.452609390210949,411.23959679999996,34055221.5,3.521280845450151
2024,Yangtze Memory (YMTC),CHN,14,memory_NAND,208976,2020,YMTC,idm_memory,6.62,31.6,2.09,0.66,2.32,26.0,4904042.0,109819.4,145.5,804.6923076923077,1360.7692307692307,9161.659411764706,42124.09,1.91,6.0,6.666666666666667,4.0,2.0,0.0,1261097212.0,21018286.866666667,61310821.0,4,0.09969787013627339,0.35045311926690037,0.31570992209819904,0.02239364540645341,46707304.14814815,42122.17999999999,0.0019753086419753087,181631.1851851852,4067.385185185185,31.6,117082.73076923078,0.5909167937637689,0.2174869991201136,4.597156579444151,40.0,12.666666666666668,259.2144623543108,11.074318568834052,3946.244874,40292534.13333333,3.493942957352336
2025,Yangtze Memory (YMTC),CHN,14,memory_NAND,196067,2020,YMTC,idm_memory,7.5,26.2,1.97,0.75,2.62,30.0,4876006.0,112487.8,147.96666666666667,927.7333333333332,1270.2666666666669,11861.496,37949.43,1.8,7.0,6.857142857142857,6.0,1.0,0.0,1591280610.0,26521343.5,85348277.0,5,0.09999998666666844,0.3493332867555618,0.2626666316444491,0.023069655150207948,51331632.58064516,37947.63,0.0024679170779861796,157290.51612903227,3628.6387096774192,26.2,137273.60888888888,0.7297708322408095,0.31255234789171027,3.1989582968036405,48.0,13.857142857142858,299.99996000000533,9.152532112995718,4523.633299733333,58826933.5,3.493332401777964
2026,Yangtze Memory (YMTC),CHN,14,memory_NAND,223641,2020,YMTC,idm_memory,8.64,16.0,1.38,0.86,3.02,30.0,2935334.0,70687.7,147.96666666666667,927.7333333333332,1270.2666666666669,10463.3045,33556.33,2.09,3.0,8.0,2.0,1.0,0.0,1088320154.0,43532806.16,131937729.0,6,0.09953702551654797,0.34953699658136617,0.15972220373585605,0.024081646558229298,35107101.741935484,33554.240000000005,0.0029600394671928957,94688.19354838709,2280.248387096774,16.0,137273.60888888888,0.7297708322408095,0.31180384434637676,3.2065427759675766,24.0,11.0,298.61107654964394,5.592591945301859,2723.2071962666664,88404922.84,3.4791872947696985
2020,ChangXin Memory (CXMT),CHN,14,memory_DRAM,0,2020,CXMT,idm_memory,1.45,38.3,0.55,0.14,0.51,4.0,40006.0,600.1,34.0,197.75,307.5,3.8054166666666656,4.82,2.71,3.0,8.0,3.0,0.0,0.0,880778716.0,14679645.266666668,41756367.0,0,0.09655165755058101,0.35172389536283083,0.37931008323442544,0.014999875021871173,176155743.2,2.1100000000000003,0.0,8001.2,120.02000000000001,38.3,6723.5,0.6410048622366289,0.6538516609392896,0.4390878349085235,24.0,11.0,38.620663020232406,13.47102519239642,7.9111865,27076721.733333334,3.395952509742843
2021,ChangXin Memory (CXMT),CHN,14,memory_DRAM,38786,2020,CXMT,idm_memory,2.26,40.2,0.91,0.23,0.79,7.0,209085.0,3136.2000000000003,44.57142857142857,243.57142857142856,307.1428571428572,4.252083333333333,5.1,2.93,1.0,5.0,1.0,0.0,0.0,1111785028.0,18529750.466666665,52923444.0,1,0.10176986647351041,0.34955736745249233,0.40265468909084556,0.014999569555111295,138973128.5,2.1699999999999995,0.0004945598417408506,26135.625,392.02500000000003,40.2,10856.326530612243,0.7904496986555398,0.6970628415300547,0.41316937723125735,5.0,6.0,71.23890653145729,14.052206171590193,50.92713214285714,34393693.53333333,3.5574406610471963
2022,ChangXin Memory (CXMT),CHN,14,memory_DRAM,79909,2020,CXMT,idm_memory,3.1,37.6,1.17,0.31,1.09,8.0,152204.0,2283.0,43.0,236.875,290.625,80.2238888888889,278.45,2.05,4.0,9.0,4.0,0.0,0.0,1148168388.0,19136139.8,54549224.0,2,0.09999996774194587,0.35161278980232585,0.3774192330905699,0.014999507243520253,127574265.33333333,276.4,0.0009886307464162135,16911.555555555555,253.66666666666666,37.6,10185.625,0.8122588941277326,0.28707779169400216,3.402939748158382,36.0,13.0,79.9999741935567,13.220640896567453,36.0533225,35413084.2,3.5161267637888183
2023,ChangXin Memory (CXMT),CHN,14,memory_DRAM,116322,2020,CXMT,idm_memory,4.04,22.2,0.9,0.4,1.41,15.0,991098.0,23611.1,156.0,414.9333333333333,343.8,7427.86695652174,35640.01,1.38,7.0,7.428571428571429,3.0,3.0,1.0,1053770850.0,17562847.5,51618069.0,3,0.09900987648270385,0.349009814601531,0.22277222208608363,0.02382314985687605,65860678.125,35638.630000000005,0.0014822134387351778,61943.625,1475.69375,22.2,64729.59999999999,1.2034029389017786,0.20840786937636557,4.797317034829,52.0,14.428571428571429,148.51481472405575,7.748017884153988,411.23959679999996,34055221.5,3.455541863494896
2024,ChangXin Memory (CXMT),CHN,14,memory_DRAM,113739,2020,CXMT,idm_memory,5.07,30.0,1.52,0.51,1.77,26.0,4904042.0,109819.4,145.5,804.6923076923077,1360.7692307692307,9161.659411764706,42124.09,1.91,6.0,6.666666666666667,4.0,2.0,0.0,1261097212.0,21018286.866666667,61310821.0,4,0.10059169613576012,0.34911235717704986,0.29980270220854,0.02239364540645341,46707304.14814815,42122.17999999999,0.0019753086419753087,181631.1851851852,4067.385185185185,30.0,117082.73076923078,0.5909167937637689,0.2174869991201136,4.597156579444151,40.0,12.666666666666668,261.53840995297634,10.473370715311496,3946.244874,40292534.13333333,3.5117804150392757
2025,ChangXin Memory (CXMT),CHN,14,memory_DRAM,123791,2020,CXMT,idm_memory,5.87,23.4,1.37,0.59,2.05,30.0,4876006.0,112487.8,147.96666666666667,927.7333333333332,1270.2666666666669,11861.496,37949.43,1.8,7.0,6.857142857142857,6.0,1.0,0.0,1591280610.0,26521343.5,85348277.0,5,0.10051105613099554,0.3492333306246455,0.2333900794906168,0.023069655150207948,51331632.58064516,37947.63,0.0024679170779861796,157290.51612903227,3628.6387096774192,23.4,137273.60888888888,0.7297708322408095,0.31255234789171027,3.1989582968036405,48.0,13.857142857142858,301.5331683929866,8.172059936616705,4523.633299733333,58826933.5,3.5101810897228267
2026,ChangXin Memory (CXMT),CHN,14,memory_DRAM,124911,2020,CXMT,idm_memory,6.96,17.6,1.22,0.7,2.44,30.0,2935334.0,70687.7,147.96666666666667,927.7333333333332,1270.2666666666669,10463.3045,33556.33,2.09,3.0,8.0,2.0,1.0,0.0,1088320154.0,43532806.16,131937729.0,6,0.10057469819329048,0.3505746622737554,0.1752873311368777,0.024081646558229298,35107101.741935484,33554.240000000005,0.0029600394671928957,94688.19354838709,2280.248387096774,17.6,137273.60888888888,0.7297708322408095,0.31180384434637676,3.2065427759675766,24.0,11.0,301.72409457987146,6.170114056018095,2723.2071962666664,88404922.84,3.525894085239769
2018,Infineon,DEU,65,logic_mature,0,2018,IFX,idm_automotive,8.08,18.7,1.51,0.97,1.21,0.0,0.0,0.0,0.0,0.0,0.0,6.297499999999999,8.43,4.13,1.0,5.0,1.0,0.0,0.0,937556570.0,15625942.833333334,44840672.0,0,0.1200494900928849,0.14975245671380488,0.18688116498995486,0.0,937556570.0,4.3,0.0,0.0,0.0,18.7,0.0,0.0,0.6678154825026511,0.5892428914011648,5.0,6.0,0.0,2.8003709405481514,0.0,29214729.166666664,1.7977706068649093
2019,Infineon,DEU,65,logic_mature,15735,2018,IFX,idm_automotive,8.57,22.4,1.92,1.03,1.28,0.0,0.0,0.0,0.0,0.0,0.0,4.458333333333333,6.97,2.85,2.0,6.0,2.0,0.0,0.0,824613952.0,13743565.866666667,38651660.0,1,0.12018668375884671,0.1493582089430328,0.2240373134145492,0.0,824613952.0,4.119999999999999,0.0004950495049504951,0.0,0.0,22.4,0.0,0.0,0.5593893768297783,0.7548091603053434,12.0,8.0,0.0,3.345623880323935,0.0,24908094.133333333,1.7950867825024035
2020,Infineon,DEU,65,logic_mature,34541,2018,IFX,idm_automotive,9.07,14.7,1.33,1.09,1.36,4.0,40006.0,600.1,34.0,197.75,307.5,3.8054166666666656,4.82,2.71,3.0,8.0,3.0,0.0,0.0,880778716.0,14679645.266666668,41756367.0,2,0.12017639248330846,0.14994485667642155,0.14663724954385343,0.014999875021871173,176155743.2,2.1100000000000003,0.0009896091044037606,8001.2,120.02000000000001,14.7,6723.5,0.6410048622366289,0.6538516609392896,0.4390878349085235,24.0,11.0,48.07055699332338,2.2041893931433965,7.9111865,27076721.733333334,1.801983194679907
2021,Infineon,DEU,65,logic_mature,47131,2018,IFX,idm_automotive,11.78,18.3,2.15,1.41,1.77,7.0,209085.0,3136.2000000000003,44.57142857142857,243.57142857142856,307.1428571428572,4.252083333333333,5.1,2.93,1.0,5.0,1.0,0.0,0.0,1111785028.0,18529750.466666665,52923444.0,3,0.11969438712271757,0.15025465617532632,0.18251271795308,0.014999569555111295,138973128.5,2.1699999999999995,0.001483679525222552,26135.625,392.02500000000003,18.3,10856.326530612243,0.7904496986555398,0.6970628415300547,0.41316937723125735,5.0,6.0,83.7860709859023,2.7496602080084718,50.92713214285714,34393693.53333333,1.7984638983240333
2022,Infineon,DEU,65,logic_mature,48604,2018,IFX,idm_automotive,14.75,18.1,2.67,1.77,2.21,8.0,152204.0,2283.0,43.0,236.875,290.625,80.2238888888889,278.45,2.05,4.0,9.0,4.0,0.0,0.0,1148168388.0,19136139.8,54549224.0,4,0.11999999186440734,0.14983049831657638,0.18101693688020767,0.014999507243520253,127574265.33333333,276.4,0.001977261492832427,16911.555555555555,253.66666666666666,18.1,10185.625,0.8122588941277326,0.28707779169400216,3.402939748158382,36.0,13.0,95.99999349152587,2.7119320195300327,36.0533225,35413084.2,1.7979658579029265
2023,Infineon,DEU,65,logic_mature,48462,2018,IFX,idm_automotive,16.68,11.6,1.94,2.0,2.5,15.0,991098.0,23611.1,156.0,414.9333333333333,343.8,7427.86695652174,35640.01,1.38,7.0,7.428571428571429,3.0,3.0,1.0,1053770850.0,17562847.5,51618069.0,5,0.11990406955011573,0.14988008693764465,0.11630694746361225,0.02382314985687605,65860678.125,35638.630000000005,0.0024703557312252965,61943.625,1475.69375,11.6,64729.59999999999,1.2034029389017786,0.20840786937636557,4.797317034829,52.0,14.428571428571429,179.85610432517362,1.7386090084766779,411.23959679999996,34055221.5,1.7971232368348737
2024,Infineon,DEU,65,logic_mature,53425,2018,IFX,idm_automotive,15.35,21.3,3.28,1.84,2.3,26.0,4904042.0,109819.4,145.5,804.6923076923077,1360.7692307692307,9161.659411764706,42124.09,1.91,6.0,6.666666666666667,4.0,2.0,0.0,1261097212.0,21018286.866666667,61310821.0,6,0.11986969903128998,0.14983712378911246,0.21368076783838647,0.02239364540645341,46707304.14814815,42122.17999999999,0.002962962962962963,181631.1851851852,4067.385185185185,21.3,117082.73076923078,0.5909167937637689,0.2174869991201136,4.597156579444151,40.0,12.666666666666668,311.66121748135396,3.1915307367080956,3946.244874,40292534.13333333,1.7960930932315051
2025,Infineon,DEU,65,logic_mature,53374,2018,IFX,idm_automotive,15.69,21.6,3.39,1.88,2.35,30.0,4876006.0,112487.8,147.96666666666667,927.7333333333332,1270.2666666666669,11861.496,37949.43,1.8,7.0,6.857142857142857,6.0,1.0,0.0,1591280610.0,26521343.5,85348277.0,7,0.11982153474687478,0.14977691843359348,0.2160611716978221,0.023069655150207948,51331632.58064516,37947.63,0.0034550839091806516,157290.51612903227,3628.6387096774192,21.6,137273.60888888888,0.7297708322408095,0.31255234789171027,3.1989582968036405,48.0,13.857142857142858,359.46460424062434,3.235181438165619,4523.633299733333,58826933.5,1.794650023637065
2026,Infineon,DEU,65,logic_mature,54420,2018,IFX,idm_automotive,17.45,20.7,3.61,2.09,2.62,30.0,2935334.0,70687.7,147.96666666666667,927.7333333333332,1270.2666666666669,10463.3045,33556.33,2.09,3.0,8.0,2.0,1.0,0.0,1088320154.0,43532806.16,131937729.0,8,0.11977076677531422,0.15014325787144656,0.20687677897554274,0.024081646558229298,35107101.741935484,33554.240000000005,0.003946719289590528,94688.19354838709,2280.248387096774,20.7,137273.60888888888,0.7297708322408095,0.31180384434637676,3.2065427759675766,24.0,11.0,359.31230032594266,3.1079654379389434,2723.2071962666664,88404922.84,1.7982773121406885
2022,Infineon,DEU,65,logic_mature_300mm,0,2022,IFX,idm_automotive,14.75,18.1,2.67,1.77,2.21,8.0,152204.0,2283.0,43.0,236.875,290.625,80.2238888888889,278.45,2.05,4.0,9.0,4.0,0.0,0.0,1148168388.0,19136139.8,54549224.0,0,0.11999999186440734,0.14983049831657638,0.18101693688020767,0.014999507243520253,127574265.33333333,276.4,0.0,16911.555555555555,253.66666666666666,18.1,10185.625,0.8122588941277326,0.28707779169400216,3.402939748158382,36.0,13.0,95.99999349152587,2.7119320195300327,36.0533225,35413084.2,1.7979658579029265
2023,Infineon,DEU,65,logic_mature_300mm,24000,2022,IFX,idm_automotive,16.68,11.6,1.94,2.0,2.5,15.0,991098.0,23611.1,156.0,414.9333333333333,343.8,7427.86695652174,35640.01,1.38,7.0,7.428571428571429,3.0,3.0,1.0,1053770850.0,17562847.5,51618069.0,1,0.11990406955011573,0.14988008693764465,0.11630694746361225,0.02382314985687605,65860678.125,35638.630000000005,0.0004940711462450593,61943.625,1475.69375,11.6,64729.59999999999,1.2034029389017786,0.20840786937636557,4.797317034829,52.0,14.428571428571429,179.85610432517362,1.7386090084766779,411.23959679999996,34055221.5,1.7971232368348737
2024,Infineon,DEU,65,logic_mature_300mm,53218,2022,IFX,idm_automotive,15.35,21.3,3.28,1.84,2.3,26.0,4904042.0,109819.4,145.5,804.6923076923077,1360.7692307692307,9161.659411764706,42124.09,1.91,6.0,6.666666666666667,4.0,2.0,0.0,1261097212.0,21018286.866666667,61310821.0,2,0.11986969903128998,0.14983712378911246,0.21368076783838647,0.02239364540645341,46707304.14814815,42122.17999999999,0.0009876543209876543,181631.1851851852,4067.385185185185,21.3,117082.73076923078,0.5909167937637689,0.2174869991201136,4.597156579444151,40.0,12.666666666666668,311.66121748135396,3.1915307367080956,3946.244874,40292534.13333333,1.7960930932315051
2025,Infineon,DEU,65,logic_mature_300mm,92822,2022,IFX,idm_automotive,15.69,21.6,3.39,1.88,2.35,30.0,4876006.0,112487.8,147.96666666666667,927.7333333333332,1270.2666666666669,11861.496,37949.43,1.8,7.0,6.857142857142857,6.0,1.0,0.0,1591280610.0,26521343.5,85348277.0,3,0.11982153474687478,0.14977691843359348,0.2160611716978221,0.023069655150207948,51331632.58064516,37947.63,0.0014807502467917078,157290.51612903227,3628.6387096774192,21.6,137273.60888888888,0.7297708322408095,0.31255234789171027,3.1989582968036405,48.0,13.857142857142858,359.46460424062434,3.235181438165619,4523.633299733333,58826933.5,1.794650023637065
2026,Infineon,DEU,65,logic_mature_300mm,88584,2022,IFX,idm_automotive,17.45,20.7,3.61,2.09,2.62,30.0,2935334.0,70687.7,147.96666666666667,927.7333333333332,1270.2666666666669,10463.3045,33556.33,2.09,3.0,8.0,2.0,1.0,0.0,1088320154.0,43532806.16,131937729.0,4,0.11977076677531422,0.15014325787144656,0.20687677897554274,0.024081646558229298,35107101.741935484,33554.240000000005,0.001973359644795264,94688.19354838709,2280.248387096774,20.7,137273.60888888888,0.7297708322408095,0.31180384434637676,3.2065427759675766,24.0,11.0,359.31230032594266,3.1079654379389434,2723.2071962666664,88404922.84,1.7982773121406885
2017,STMicroelectronics,ITA,65,logic_mature,0,2017,STM,idm_diversified,8.63,24.1,2.08,1.04,0.86,0.0,0.0,0.0,0.0,0.0,0.0,4.944166666666667,7.11,3.5,0.0,0.0,0.0,0.0,0.0,824441888.0,13740698.133333333,39171620.0,0,0.12050983539862858,0.09965236388732747,0.24101967079725717,0.0,824441888.0,3.6100000000000003,0.0,0.0,0.0,24.1,0.0,0.0,0.6096383066173449,0.6073180989765877,0.0,0.0,0.0,2.401621969684592,0.0,25430921.866666667,1.2009089969146074
2018,STMicroelectronics,ITA,65,logic_mature,20555,2017,STM,idm_diversified,9.3,12.8,1.19,1.12,0.93,0.0,0.0,0.0,0.0,0.0,0.0,6.297499999999999,8.43,4.13,1.0,5.0,1.0,0.0,0.0,937556570.0,15625942.833333334,44840672.0,1,0.12043009457740919,0.09999998924731299,0.12795697548849724,0.0,937556570.0,4.3,0.0004952947003467063,0.0,0.0,12.8,0.0,0.0,0.6678154825026511,0.5892428914011648,5.0,6.0,0.0,1.2799998623656064,0.0,29214729.166666664,1.2043008162793805
2019,STMicroelectronics,ITA,65,logic_mature,41831,2017,STM,idm_diversified,10.39,27.6,2.87,1.25,1.04,0.0,0.0,0.0,0.0,0.0,0.0,4.458333333333333,6.97,2.85,2.0,6.0,2.0,0.0,0.0,824613952.0,13743565.866666667,38651660.0,2,0.12030797687122456,0.10009623675685883,0.2762271148963316,0.0,824613952.0,4.119999999999999,0.0009900990099009901,0.0,0.0,27.6,0.0,0.0,0.5593893768297783,0.7548091603053434,12.0,8.0,0.0,2.762656134489304,0.0,24908094.133333333,1.204237573664079
2020,STMicroelectronics,ITA,65,logic_mature,54297,2017,STM,idm_diversified,10.08,14.2,1.43,1.21,1.01,4.0,40006.0,600.1,34.0,197.75,307.5,3.8054166666666656,4.82,2.71,3.0,8.0,3.0,0.0,0.0,880778716.0,14679645.266666668,41756367.0,3,0.12003967063098506,0.10019840275809497,0.14186506529116416,0.014999875021871173,176155743.2,2.1100000000000003,0.0014844136566056407,8001.2,120.02000000000001,14.2,6723.5,0.6410048622366289,0.6538516609392896,0.4390878349085235,24.0,11.0,48.01586825239402,1.4228173191649485,7.9111865,27076721.733333334,1.2027783264832506
2021,STMicroelectronics,ITA,65,logic_mature,55159,2017,STM,idm_diversified,13.03,19.1,2.49,1.56,1.3,7.0,209085.0,3136.2000000000003,44.57142857142857,243.57142857142856,307.1428571428572,4.252083333333333,5.1,2.93,1.0,5.0,1.0,0.0,0.0,1111785028.0,18529750.466666665,52923444.0,4,0.1197237053166765,0.09976975443056375,0.1910974527170029,0.014999569555111295,138973128.5,2.1699999999999995,0.0019782393669634025,26135.625,392.02500000000003,19.1,10856.326530612243,0.7904496986555398,0.6970628415300547,0.41316937723125735,5.0,6.0,83.80659372167355,1.9056023096237678,50.92713214285714,34393693.53333333,1.1944804678961993
2022,STMicroelectronics,ITA,65,logic_mature,60634,2017,STM,idm_diversified,16.01,16.7,2.67,1.92,1.6,8.0,152204.0,2283.0,43.0,236.875,290.625,80.2238888888889,278.45,2.05,4.0,9.0,4.0,0.0,0.0,1148168388.0,19136139.8,54549224.0,5,0.11992503935508808,0.09993753279590675,0.16677075785316936,0.014999507243520253,127574265.33333333,276.4,0.002471576866040534,16911.555555555555,253.66666666666666,16.7,10185.625,0.8122588941277326,0.28707779169400216,3.402939748158382,36.0,13.0,95.94003148407046,1.6689567976916426,36.0533225,35413084.2,1.1985012553599523
2023,STMicroelectronics,ITA,65,logic_mature,57893,2017,STM,idm_diversified,17.6,21.6,3.8,2.11,1.76,15.0,991098.0,23611.1,156.0,414.9333333333333,343.8,7427.86695652174,35640.01,1.38,7.0,7.428571428571429,3.0,3.0,1.0,1053770850.0,17562847.5,51618069.0,6,0.11988635682463879,0.09999999431818213,0.21590907864152958,0.02382314985687605,65860678.125,35638.630000000005,0.0029644268774703555,61943.625,1475.69375,21.6,64729.59999999999,1.2034029389017786,0.20840786937636557,4.797317034829,52.0,14.428571428571429,179.82953523695818,2.159999877272734,411.23959679999996,34055221.5,1.1988635001291432
2024,STMicroelectronics,ITA,65,logic_mature,64068,2017,STM,idm_diversified,12.72,22.1,2.81,1.53,1.27,26.0,4904042.0,109819.4,145.5,804.6923076923077,1360.7692307692307,9161.659411764706,42124.09,1.91,6.0,6.666666666666667,4.0,2.0,0.0,1261097212.0,21018286.866666667,61310821.0,7,0.1202830094117131,0.09984275944632394,0.22091193231824433,0.02239364540645341,46707304.14814815,42122.17999999999,0.0034567901234567903,181631.1851851852,4067.385185185185,22.1,117082.73076923078,0.5909167937637689,0.2174869991201136,4.597156579444151,40.0,12.666666666666668,312.7358244704541,2.2065249837637593,3946.244874,40292534.13333333,1.2009387574173591
2025,STMicroelectronics,ITA,65,logic_mature,62014,2017,STM,idm_diversified,15.85,20.5,3.25,1.9,1.58,30.0,4876006.0,112487.8,147.96666666666667,927.7333333333332,1270.2666666666669,11861.496,37949.43,1.8,7.0,6.857142857142857,6.0,1.0,0.0,1591280610.0,26521343.5,85348277.0,8,0.11987380947168395,0.09968453629750561,0.20504730567524887,0.023069655150207948,51331632.58064516,37947.63,0.003948667324777887,157290.51612903227,3628.6387096774192,20.5,137273.60888888888,0.7297708322408095,0.31255234789171027,3.1989582968036405,48.0,13.857142857142858,359.62142841505187,2.043532994098865,4523.633299733333,58826933.5,1.194956511140035
2026,STMicroelectronics,ITA,65,logic_mature,59915,2017,STM,idm_diversified,16.33,19.6,3.2,1.96,1.63,30.0,2935334.0,70687.7,147.96666666666667,927.7333333333332,1270.2666666666669,10463.3045,33556.33,2.09,3.0,8.0,2.0,1.0,0.0,1088320154.0,43532806.16,131937729.0,9,0.1200244874449181,0.09981628292613086,0.1959583468488459,0.024081646558229298,35107101.741935484,33554.240000000005,0.004440059200789344,94688.19354838709,2280.248387096774,19.6,137273.60888888888,0.7297708322408095,0.31180384434637676,3.2065427759675766,24.0,11.0,360.0734623347543,1.956399145352165,2723.2071962666664,88404922.84,1.1980398196865785
2015,NXP Semiconductors,NLD,90,logic_mature,0,2015,NXPI,idm_automotive,5.94,20.5,1.22,0.71,0.89,0.0,0.0,0.0,0.0,0.0,0.0,2.605833333333333,3.38,2.0,0.0,0.0,0.0,0.0,0.0,670335722.0,11172262.033333331,30990284.0,0,0.11952859940595968,0.1498316246074706,0.20538717081024058,0.0,670335722.0,1.38,0.0,0.0,0.0,20.5,0.0,0.0,0.5949391171993911,0.3827131962098452,0.0,0.0,0.0,3.071548304453147,0.0,19818021.96666667,1.7909164236050483
2016,NXP Semiconductors,NLD,90,logic_mature,11620,2015,NXPI,idm_automotive,7.47,19.0,1.42,0.9,1.12,0.0,0.0,0.0,0.0,0.0,0.0,2.89625,3.78,1.85,0.0,0.0,0.0,0.0,0.0,677861710.0,11297695.166666666,32073453.0,1,0.12048191158207341,0.14993304552435804,0.1900936827183825,0.0,677861710.0,1.9299999999999997,0.0004957858205255329,0.0,0.0,19.0,0.0,0.0,0.6059100418410043,0.49534809111324984,0.0,0.0,0.0,2.848727864962803,0.0,20775757.833333336,1.8064219934096695
2017,NXP Semiconductors,NLD,90,logic_mature,26356,2015,NXPI,idm_automotive,7.89,19.9,1.57,0.95,1.18,0.0,0.0,0.0,0.0,0.0,0.0,4.944166666666667,7.11,3.5,0.0,0.0,0.0,0.0,0.0,824441888.0,13740698.133333333,39171620.0,2,0.1204055614188135,0.1495563815517894,0.19898603308161814,0.0,824441888.0,3.6100000000000003,0.0009910802775024777,0.0,0.0,19.9,0.0,0.0,0.6096383066173449,0.6073180989765877,0.0,0.0,0.0,2.976171992880609,0.0,25430921.866666667,1.8007420084509487
2018,NXP Semiconductors,NLD,90,logic_mature,39625,2015,NXPI,idm_automotive,9.15,19.0,1.74,1.1,1.37,0.0,0.0,0.0,0.0,0.0,0.0,6.297499999999999,8.43,4.13,1.0,5.0,1.0,0.0,0.0,937556570.0,15625942.833333334,44840672.0,3,0.1202185660963316,0.1497267595927039,0.19016391364328813,0.0,937556570.0,4.3,0.0014858841010401188,0.0,0.0,19.0,0.0,0.0,0.6678154825026511,0.5892428914011648,5.0,6.0,0.0,2.8448084322613743,0.0,29214729.166666664,1.7999936344485026
2019,NXP Semiconductors,NLD,90,logic_mature,39160,2015,NXPI,idm_automotive,8.98,14.9,1.34,1.08,1.35,0.0,0.0,0.0,0.0,0.0,0.0,4.458333333333333,6.97,2.85,2.0,6.0,2.0,0.0,0.0,824613952.0,13743565.866666667,38651660.0,4,0.12026724718627538,0.15033405898284422,0.1492204733607491,0.0,824613952.0,4.119999999999999,0.0019801980198019802,0.0,0.0,14.9,0.0,0.0,0.5593893768297783,0.7548091603053434,12.0,8.0,0.0,2.239977478844379,0.0,24908094.133333333,1.808026343220583
2020,NXP Semiconductors,NLD,90,logic_mature,42217,2015,NXPI,idm_automotive,8.19,21.4,1.76,0.98,1.23,4.0,40006.0,600.1,34.0,197.75,307.5,3.8054166666666656,4.82,2.71,3.0,8.0,3.0,0.0,0.0,880778716.0,14679645.266666668,41756367.0,5,0.11965810504785043,0.15018313184577148,0.21489618865736407,0.014999875021871173,176155743.2,2.1100000000000003,0.002474022761009401,8001.2,120.02000000000001,21.4,6723.5,0.6410048622366289,0.6538516609392896,0.4390878349085235,24.0,11.0,47.86324201914017,3.2139190214995095,7.9111865,27076721.733333334,1.7970628966816493
2021,NXP Semiconductors,NLD,90,logic_mature,42470,2015,NXPI,idm_automotive,10.73,12.3,1.32,1.29,1.61,7.0,209085.0,3136.2000000000003,44.57142857142857,243.57142857142856,307.1428571428572,4.252083333333333,5.1,2.93,1.0,5.0,1.0,0.0,0.0,1111785028.0,18529750.466666665,52923444.0,6,0.12022366074336806,0.15004658433862217,0.12301955983042313,0.014999569555111295,138973128.5,2.1699999999999995,0.002967359050445104,26135.625,392.02500000000003,12.3,10856.326530612243,0.7904496986555398,0.6970628415300547,0.41316937723125735,5.0,6.0,84.15656252035764,1.8455729873650528,50.92713214285714,34393693.53333333,1.8039149651227673
2022,NXP Semiconductors,NLD,90,logic_mature,39660,2015,NXPI,idm_automotive,13.51,20.8,2.81,1.62,2.03,8.0,152204.0,2283.0,43.0,236.875,290.625,80.2238888888889,278.45,2.05,4.0,9.0,4.0,0.0,0.0,1148168388.0,19136139.8,54549224.0,7,0.11991116803026144,0.15025905623545105,0.2079940630648362,0.014999507243520253,127574265.33333333,276.4,0.0034602076124567475,16911.555555555555,253.66666666666666,20.8,10185.625,0.8122588941277326,0.28707779169400216,3.402939748158382,36.0,13.0,95.92893442420916,3.125388369697382,36.0533225,35413084.2,1.8017738940317674
2023,NXP Semiconductors,NLD,90,logic_mature,35950,2015,NXPI,idm_automotive,13.02,6.0,0.79,1.56,1.95,15.0,991098.0,23611.1,156.0,414.9333333333333,343.8,7427.86695652174,35640.01,1.38,7.0,7.428571428571429,3.0,3.0,1.0,1053770850.0,17562847.5,51618069.0,8,0.11981565900033342,0.14976957375041677,0.060675878596322695,0.02382314985687605,65860678.125,35638.630000000005,0.003952569169960474,61943.625,1475.69375,6.0,64729.59999999999,1.2034029389017786,0.20840786937636557,4.797317034829,52.0,14.428571428571429,179.72348850050014,0.8986174425025006,411.23959679999996,34055221.5,1.7944740177105223
2024,NXP Semiconductors,NLD,90,logic_mature,41253,2015,NXPI,idm_automotive,12.92,21.0,2.72,1.55,1.94,26.0,4904042.0,109819.4,145.5,804.6923076923077,1360.7692307692307,9161.659411764706,42124.09,1.91,6.0,6.666666666666667,4.0,2.0,0.0,1261097212.0,21018286.866666667,61310821.0,9,0.11996903096214932,0.15015478713972236,0.21052629949486848,0.02239364540645341,46707304.14814815,42122.17999999999,0.0044444444444444444,181631.1851851852,4067.385185185185,21.0,117082.73076923078,0.5909167937637689,0.2174869991201136,4.597156579444151,40.0,12.666666666666668,311.9194805015882,3.1532505299341693,3946.244874,40292534.13333333,1.8013924307480291
2025,NXP Semiconductors,NLD,90,logic_mature,43182,2015,NXPI,idm_automotive,15.09,21.3,3.21,1.81,2.26,30.0,4876006.0,112487.8,147.96666666666667,927.7333333333332,1270.2666666666669,11861.496,37949.43,1.8,7.0,6.857142857142857,6.0,1.0,0.0,1591280610.0,26521343.5,85348277.0,10,0.11994697680934549,0.14976804839177943,0.21272364395469556,0.023069655150207948,51331632.58064516,37947.63,0.004935834155972359,157290.51612903227,3628.6387096774192,21.3,137273.60888888888,0.7297708322408095,0.31255234789171027,3.1989582968036405,48.0,13.857142857142858,359.8409304280365,3.190059430744902,4523.633299733333,58826933.5,1.79642246272297
2026,NXP Semiconductors,NLD,90,logic_mature,44685,2015,NXPI,idm_automotive,15.68,19.5,3.06,1.88,2.35,30.0,2935334.0,70687.7,147.96666666666667,927.7333333333332,1270.2666666666669,10463.3045,33556.33,2.09,3.0,8.0,2.0,1.0,0.0,1088320154.0,43532806.16,131937729.0,11,0.11989795153712043,0.14987243942140055,0.19515304877850456,0.024081646558229298,35107101.741935484,33554.240000000005,0.005426739023186976,94688.19354838709,2280.248387096774,19.5,137273.60888888888,0.7297708322408095,0.31180384434637676,3.2065427759675766,24.0,11.0,359.6938546113613,2.922512568717311,2723.2071962666664,88404922.84,1.79693984784971
2019,Renesas,JPN,40,logic_mature,0,2019,6723,idm_automotive,6.62,19.4,1.28,0.79,0.99,0.0,0.0,0.0,0.0,0.0,0.0,4.458333333333333,6.97,2.85,2.0,6.0,2.0,0.0,0.0,824613952.0,13743565.866666667,38651660.0,0,0.11933532940553937,0.14954680520441008,0.19335344511277264,0.0,824613952.0,4.119999999999999,0.0,0.0,0.0,19.4,0.0,0.0,0.5593893768297783,0.7548091603053434,12.0,8.0,0.0,2.901208020965555,0.0,24908094.133333333,1.7846217260614305
2020,Renesas,JPN,40,logic_mature,15723,2019,6723,idm_automotive,6.82,19.3,1.31,0.82,1.02,4.0,40006.0,600.1,34.0,197.75,307.5,3.8054166666666656,4.82,2.71,3.0,8.0,3.0,0.0,0.0,880778716.0,14679645.266666668,41756367.0,1,0.12023458647586707,0.14956009537242002,0.1920820832724218,0.014999875021871173,176155743.2,2.1100000000000003,0.0004948045522018803,8001.2,120.02000000000001,19.3,6723.5,0.6410048622366289,0.6538516609392896,0.4390878349085235,24.0,11.0,48.09383459034683,2.8865098406877063,7.9111865,27076721.733333334,1.798229622039416
2021,Renesas,JPN,40,logic_mature,36855,2019,6723,idm_automotive,8.53,19.8,1.69,1.02,1.28,7.0,209085.0,3136.2000000000003,44.57142857142857,243.57142857142856,307.1428571428572,4.252083333333333,5.1,2.93,1.0,5.0,1.0,0.0,0.0,1111785028.0,18529750.466666665,52923444.0,2,0.11957794612216344,0.15005859905526392,0.19812424406515314,0.014999569555111295,138973128.5,2.1699999999999995,0.0009891196834817012,26135.625,392.02500000000003,19.8,10856.326530612243,0.7904496986555398,0.6970628415300547,0.41316937723125735,5.0,6.0,83.7045622855144,2.9711602612942256,50.92713214285714,34393693.53333333,1.7943699072997674
2022,Renesas,JPN,40,logic_mature,47658,2019,6723,idm_automotive,11.35,17.1,1.94,1.36,1.7,8.0,152204.0,2283.0,43.0,236.875,290.625,80.2238888888889,278.45,2.05,4.0,9.0,4.0,0.0,0.0,1148168388.0,19136139.8,54549224.0,3,0.11982377798909447,0.14977972248636806,0.17092509507267886,0.014999507243520253,127574265.33333333,276.4,0.0014829461196243204,16911.555555555555,253.66666666666666,17.1,10185.625,0.8122588941277326,0.28707779169400216,3.402939748158382,36.0,13.0,95.85902239127557,2.561233254516894,36.0533225,35413084.2,1.7947172214474747
2023,Renesas,JPN,40,logic_mature,51908,2019,6723,idm_automotive,10.31,11.7,1.2,1.24,1.55,15.0,991098.0,23611.1,156.0,414.9333333333333,343.8,7427.86695652174,35640.01,1.38,7.0,7.428571428571429,3.0,3.0,1.0,1053770850.0,17562847.5,51618069.0,4,0.12027156932380512,0.1503394616547564,0.11639184128110172,0.02382314985687605,65860678.125,35638.630000000005,0.001976284584980237,61943.625,1475.69375,11.7,64729.59999999999,1.2034029389017786,0.20840786937636557,4.797317034829,52.0,14.428571428571429,180.40735398570766,1.7589717013606496,411.23959679999996,34055221.5,1.8081562984513573
2024,Renesas,JPN,40,logic_mature,45954,2019,6723,idm_automotive,9.34,21.9,2.05,1.12,1.4,26.0,4904042.0,109819.4,145.5,804.6923076923077,1360.7692307692307,9161.659411764706,42124.09,1.91,6.0,6.666666666666667,4.0,2.0,0.0,1261097212.0,21018286.866666667,61310821.0,5,0.11991433405628117,0.14989291757035145,0.21948605787087175,0.02239364540645341,46707304.14814815,42122.17999999999,0.0024691358024691358,181631.1851851852,4067.385185185185,21.9,117082.73076923078,0.5909167937637689,0.2174869991201136,4.597156579444151,40.0,12.666666666666668,311.7772685463311,3.2826548947906966,3946.244874,40292534.13333333,1.797430939020174
2025,Renesas,JPN,40,logic_mature,50113,2019,6723,idm_automotive,10.45,22.1,2.31,1.25,1.57,30.0,4876006.0,112487.8,147.96666666666667,927.7333333333332,1270.2666666666669,11861.496,37949.43,1.8,7.0,6.857142857142857,6.0,1.0,0.0,1591280610.0,26521343.5,85348277.0,6,0.1196172134337595,0.15023922007280194,0.22105261042558755,0.023069655150207948,51331632.58064516,37947.63,0.0029615004935834156,157290.51612903227,3628.6387096774192,22.1,137273.60888888888,0.7297708322408095,0.31255234789171027,3.1989582968036405,48.0,13.857142857142858,358.8516403012785,3.320286763608923,4523.633299733333,58826933.5,1.7971196853569915
2026,Renesas,JPN,40,logic_mature,59332,2019,6723,idm_automotive,11.15,20.0,2.23,1.34,1.67,30.0,2935334.0,70687.7,147.96666666666667,927.7333333333332,1270.2666666666669,10463.3045,33556.33,2.09,3.0,8.0,2.0,1.0,0.0,1088320154.0,43532806.16,131937729.0,7,0.12017936141889136,0.14977577132055864,0.19999998206278188,0.024081646558229298,35107101.741935484,33554.240000000005,0.003453379378391712,94688.19354838709,2280.248387096774,20.0,137273.60888888888,0.7297708322408095,0.31180384434637676,3.2065427759675766,24.0,11.0,360.5380842566741,2.9955154264111727,2723.2071962666664,88404922.84,1.799995655332664
2020,Hua Hong,CHN,28,logic_mature,0,2020,1347,foundry,0.97,38.8,0.38,0.08,0.44,4.0,40006.0,600.1,34.0,197.75,307.5,3.8054166666666656,4.82,2.71,3.0,8.0,3.0,0.0,0.0,880778716.0,14679645.266666668,41756367.0,0,0.08247414177923527,0.45360777978579403,0.3917521734513676,0.014999875021871173,176155743.2,2.1100000000000003,0.0,8001.2,120.02000000000001,38.8,6723.5,0.6410048622366289,0.6538516609392896,0.4390878349085235,24.0,11.0,32.98965671169411,17.599981855688807,7.9111865,27076721.733333334,3.741091234221771
2021,Hua Hong,CHN,28,logic_mature,24334,2020,1347,foundry,1.78,43.1,0.77,0.14,0.8,7.0,209085.0,3136.2000000000003,44.57142857142857,243.57142857142856,307.1428571428572,4.252083333333333,5.1,2.93,1.0,5.0,1.0,0.0,0.0,1111785028.0,18529750.466666665,52923444.0,1,0.07865164120694315,0.44943794975396084,0.4325840266381873,0.014999569555111295,138973128.5,2.1699999999999995,0.0004945598417408506,26135.625,392.02500000000003,43.1,10856.326530612243,0.7904496986555398,0.6970628415300547,0.41316937723125735,5.0,6.0,55.05614884486021,19.370775634395713,50.92713214285714,34393693.53333333,3.5349032368832676
2022,Hua Hong,CHN,28,logic_mature,47222,2020,1347,foundry,2.51,42.9,1.08,0.2,1.13,8.0,152204.0,2283.0,43.0,236.875,290.625,80.2238888888889,278.45,2.05,4.0,9.0,4.0,0.0,0.0,1148168388.0,19136139.8,54549224.0,2,0.07968124315488322,0.4501990238250901,0.43027871303636933,0.014999507243520253,127574265.33333333,276.4,0.0009886307464162135,16911.555555555555,253.66666666666666,42.9,10185.625,0.8122588941277326,0.28707779169400216,3.402939748158382,36.0,13.0,63.74499452390657,19.313538122096364,36.0533225,35413084.2,3.587241788549807
2023,Hua Hong,CHN,28,logic_mature,69633,2020,1347,foundry,2.32,38.3,0.89,0.19,1.04,15.0,991098.0,23611.1,156.0,414.9333333333333,343.8,7427.86695652174,35640.01,1.38,7.0,7.428571428571429,3.0,3.0,1.0,1053770850.0,17562847.5,51618069.0,3,0.08189651642391534,0.4482756688466945,0.3836205243014982,0.02382314985687605,65860678.125,35638.630000000005,0.0014822134387351778,61943.625,1475.69375,38.3,64729.59999999999,1.2034029389017786,0.20840786937636557,4.797317034829,52.0,14.428571428571429,122.844774635873,17.1689581168284,411.23959679999996,34055221.5,3.671221567614495
2024,Hua Hong,CHN,28,logic_mature,74939,2020,1347,foundry,1.94,40.3,0.78,0.16,0.87,26.0,4904042.0,109819.4,145.5,804.6923076923077,1360.7692307692307,9161.659411764706,42124.09,1.91,6.0,6.666666666666667,4.0,2.0,0.0,1261097212.0,21018286.866666667,61310821.0,4,0.08247418429165759,0.4484533770858881,0.40206164842183073,0.02239364540645341,46707304.14814815,42122.17999999999,0.0019753086419753087,181631.1851851852,4067.385185185185,40.3,117082.73076923078,0.5909167937637689,0.2174869991201136,4.597156579444151,40.0,12.666666666666668,214.43287915830976,18.07267109656129,3946.244874,40292534.13333333,3.698582646799775
2025,Hua Hong,CHN,28,logic_mature,72635,2020,1347,foundry,2.2,44.4,0.98,0.18,0.99,30.0,4876006.0,112487.8,147.96666666666667,927.7333333333332,1270.2666666666669,11861.496,37949.43,1.8,7.0,6.857142857142857,6.0,1.0,0.0,1591280610.0,26521343.5,85348277.0,5,0.08181814462811607,0.44999979545463836,0.44545434297529857,0.023069655150207948,51331632.58064516,37947.63,0.0024679170779861796,157290.51612903227,3628.6387096774192,44.4,137273.60888888888,0.7297708322408095,0.31255234789171027,3.1989582968036405,48.0,13.857142857142858,245.4544338843482,19.979990918185944,4523.633299733333,58826933.5,3.681814834713025
2026,Hua Hong,CHN,28,logic_mature,70440,2020,1347,foundry,2.32,35.7,0.83,0.19,1.05,30.0,2935334.0,70687.7,147.96666666666667,927.7333333333332,1270.2666666666669,10463.3045,33556.33,2.09,3.0,8.0,2.0,1.0,0.0,1088320154.0,43532806.16,131937729.0,6,0.08189651642391534,0.45258601181637426,0.3577584664834196,0.024081646558229298,35107101.741935484,33554.240000000005,0.0029600394671928957,94688.19354838709,2280.248387096774,35.7,137273.60888888888,0.7297708322408095,0.31180384434637676,3.2065427759675766,24.0,11.0,245.689549271746,16.157320621844562,2723.2071962666664,88404922.84,3.7065217749954034
